language,ym,cd,swr,cr,hie,n_repo_months,nrr
TypeScript,202204,0.1706173117416892,0.8199267977889959,0.0712882793977443,0.5103837057218906,1447,0.7412199630314241
PHP,202006,0.22889925136636208,0.7472877008835912,0.02906894100923951,0.5245702478029797,572,0.5638297872340426
JavaScript,202211,0.1614899329989138,0.847991625524172,0.03153219329689921,0.4342849539126345,3055,0.5191873589164786
JavaScript,202208,1.3226013545887487,0.8503627284096754,0.03460508903801332,0.5180190582970328,1209,0.5609756097560974
HTML,202111,0.21604106871639625,0.950409626216078,0.0766798418972332,0.45543450485653,388,0.35937500000000006
JavaScript,202106,0.09727231939040039,0.8070490030331658,0.03276084844712297,0.4811697323682121,3493,0.45152354570637127
Vue,202012,0.14824603820755106,0.7632183908045977,0.0,0.573767164913697,245,0.26666666666666666
Python,202201,0.5117418071498118,0.7530399164982837,0.05962128764061132,0.4847853265009933,1313,0.5624999999999999
Ruby,202303,0.23584428718928296,0.8459710743801652,0.03605769230769231,0.42585451578892564,221,0.3181818181818182
TypeScript,202109,0.18709380132627382,0.7882940375725902,0.04954771929065992,0.4530899251917446,1301,0.7704315886134063
unknown,202009,0.5310407993439364,0.7712775433964739,0.031144781144781142,0.4666762455521031,1845,0.26233766233766237
Ruby,201911,0.10266547722554425,0.8650961871822622,0.09276556776556776,0.49542365992491966,461,0.10714285714285716
CSS,202211,0.028478365474206263,0.9228650137741047,0.0,0.6273098210740674,293,0.14814814814814817
Java,202105,0.5777714614873146,0.7677891413376946,0.03865546218487395,0.6018010911672915,508,0.6229508196721308
Python,202212,0.3792425005120154,0.8031123335215274,0.041856816950801914,0.46858263569295133,1419,0.4642857142857146
Ruby,202203,0.061943922895335006,0.7964285714285714,0.06084656084656085,0.26515862207904156,533,0.5882352941176472
Java,202501,0.3306979675925208,0.8375882610365369,0.047904761904761915,0.5802701918081044,456,
TypeScript,202009,0.11974537618693946,0.7814788058148661,0.06694787895969655,0.5079749564666979,1792,0.8375451263537906
Vue,202212,0.04659235755159602,0.9986772486772486,0.0,0.10203287045049883,734,0.16666666666666669
Python,202304,0.719613985028067,0.7970671013234831,0.02577315428389302,0.4764696634596023,1222,0.39240506329113933
CSS,201910,0.06983622893688177,1.0,0.0,0.2101767704783441,148,0.1785714285714286
JavaScript,202203,0.3261850123630059,0.8347001186162045,0.058871381886087794,0.4913694495055308,2384,0.45480225988700573
Vue,202103,0.031223254237408907,0.9035714285714285,0.0,0.2518799379396796,473,0.5555555555555556
TypeScript,202203,0.1271340123139275,0.7190977832051427,0.046864568249621194,0.48254980294787886,1972,0.7260787992495301
TypeScript,202201,0.09260072441182454,0.8139162485807168,0.043826368057612,0.41456322176988253,1928,0.741648106904232
TypeScript,202301,0.08106935855356219,0.8423430621579387,0.06278903160203787,0.5126807230551085,2273,0.7000000000000002
JavaScript,202007,0.12054085056535084,0.806506354368932,0.026206901259193456,0.47351734521589134,3891,0.45154639175257727
unknown,202007,0.3781353120336193,0.7984623971669114,0.023273053111762792,0.4346750146210187,1919,0.347328244274809
TypeScript,202202,0.09300864231066856,0.7559175345067547,0.07021304545711203,0.5252304874129405,2221,0.7373319544984488
JavaScript,202108,0.14220075563966159,0.7885621135128023,0.04002185194676913,0.4893584597296651,4013,0.5540540540540543
unknown,202103,0.5201578581208819,0.8293384644570794,0.01681650181650182,0.43397368223542576,1719,0.3194029850746269
JavaScript,202207,0.25788710158405925,0.8469944453321194,0.03565452091767881,0.46003565423495685,2906,0.42727272727272714
JavaScript,202212,0.28599280187319825,0.8702187781954314,0.02825682382133994,0.4048663821754976,4787,0.5406976744186046
unknown,202109,0.41028922046516036,0.8595238007410319,0.018150252525252528,0.28847273972696674,1410,0.40340909090909094
JavaScript,202009,0.10439310776034817,0.8131333707550578,0.06773253584847785,0.43514053844456363,3700,0.4059701492537314
Vue,202104,0.06398859501503161,0.9888111888111888,0.0,0.4849485294320687,313,0.25
Ruby,201910,0.10934139457015962,0.8126963285314126,0.05073891625615763,0.3694463228641387,306,0.1900826446280992
Vue,202010,0.2724739043770704,0.9135338345864662,0.08888888888888889,0.6032926792142468,86,0.5
unknown,202101,0.8094677006235925,0.7843698170301462,0.04525646790802409,0.4160117593439491,1362,0.4784313725490195
JavaScript,202105,0.09586710295988475,0.82813092383739,0.03349688868836124,0.4593635470125096,3821,0.5045592705167173
Dockerfile,202503,0.23389895330112725,0.8677248677248677,0.0,0.6707067662948963,48,
TypeScript,202212,0.07266955855498552,0.8056875687866186,0.05739123131948795,0.44724438518844556,2356,0.7386489479512737
CSS,202103,0.0315888471698331,0.9523809523809524,0.0,0.4633814760859416,308,0.3076923076923077
JavaScript,202010,0.45256401950422775,0.801903552023089,0.036294586127362055,0.5006630288539445,1296,0.4071246819338419
unknown,202006,0.4812364633903036,0.7656502962058517,0.0241680960548885,0.4648993787643046,1787,0.36057692307692285
JavaScript,202301,0.42155523558585,0.8609037354854088,0.02448018648018648,0.4682313852459482,3639,0.5325301204819276
JavaScript,202202,0.20019465479285,0.8366360708460631,0.050606210648515254,0.48603775735186855,4434,0.47647058823529403
TypeScript,202012,0.1715646498575843,0.7679370872832162,0.04046938043241395,0.5483538344503411,978,0.7943469785575047
Ruby,202105,0.03427259637967432,0.8636933987997816,0.06857142857142856,0.5700517287037404,862,0.2758620689655173
JavaScript,202104,0.13636719301747202,0.8401311759775353,0.04063958103283141,0.452364563564653,2681,0.4017341040462428
JavaScript,202205,0.48819499911029934,0.8551676217904942,0.044409682494279186,0.5114166674811652,1219,0.5067385444743935
JavaScript,202012,0.13268754810114325,0.8474649541775765,0.01693886180040386,0.4932143702017464,3128,0.3987730061349695
Python,202205,0.43787715118568277,0.7589094685352796,0.06781506550015103,0.49058934351437394,1273,0.4589665653495441
unknown,202005,1.0481858936177255,0.8181070567078029,0.021159455517744293,0.45519717151252675,1107,0.39209726443769
unknown,202201,0.41258299649253427,0.8342525458454781,0.01519379844961241,0.4113708815057549,1671,0.40350877192982443
Vue,202206,0.04172664677276745,0.8435374149659864,0.0,0.31015408364940367,637,0.22222222222222227
TypeScript,201912,0.4118845395969724,0.6416158361756369,0.05871625369601353,0.49013720611299877,891,0.784888888888889
Java,202301,0.24033105243231764,0.800558908866882,0.016447368421052627,0.44778028567260975,553,0.49572649572649563
unknown,202204,0.28115029436952826,0.8269911285609818,0.03899835796387523,0.36007577889272524,1656,0.35874439461883423
Objective-C,202212,0.5882352941176471,1.0,0.0,0.6258145836939113,27,0.33333333333333337
Ruby,202207,0.034891880670792436,0.9286796536796537,0.03529411764705881,0.48280077495564816,846,0.3571428571428571
HTML,202105,0.14897289522624776,0.8584926791958042,0.017777777777777778,0.48155993689098664,759,0.24000000000000005
Markdown,202406,0.0019163850141812476,,,0.0,13,
PHP,202205,0.16271930262281942,0.8223598480063997,0.009876543209876541,0.420073043210584,410,0.42424242424242437
TypeScript,202210,0.13529321063280536,0.8436917299271107,0.05812430698899625,0.47732424178403204,1560,0.7547709923664115
unknown,202206,0.24740922786207317,0.8261133923413295,0.06686939268461009,0.36595349032770885,1760,0.36057692307692324
CSS,202202,0.01392635102821616,0.9642857142857143,0.0,0.18365916681089786,393,0.25000000000000006
CSS,202206,0.052100154877127346,0.9375,0.0,0.2892789260714372,309,0.375
unknown,201912,0.6298733751118303,0.7940751184299571,0.03298339661976024,0.46231852043261185,1129,0.38860103626942993
Astro,202504,0.08914965986394559,0.8803418803418803,0.0,0.2867488400090846,34,
unknown,202003,0.7536891186930899,0.8089940668188547,0.023425201839411262,0.40287948857225503,1386,0.4122807017543862
PHP,202106,0.23499157184397915,0.7651831501831503,0.014661654135338344,0.4118908272556498,562,0.546875
Python,202108,0.5364447048198371,0.7703201079997056,0.03661487400144388,0.4527350729774913,1023,0.5454545454545454
Ruby,202002,0.07114692561558393,0.7182015179785027,0.08014705882352943,0.4503825921951051,664,0.08737864077669902
Vue,202204,0.1039840678049678,0.8694466936572199,0.05128205128205129,0.21292055917225944,474,0.2631578947368421
Vue,202009,0.03867848019829169,0.8388278388278387,0.018518518518518517,0.4684516849347651,615,0.5714285714285714
Java,201910,0.3655244003335685,0.7551637233331389,0.025451887293992552,0.5054270592677299,463,0.45762711864406785
TypeScript,202103,0.1529715216268516,0.7975405709589021,0.05677826987476999,0.44816576985740136,1527,0.7419962335216572
CSS,202006,0.014219640749284862,0.8913043478260867,0.0,0.35752462787047845,318,0.12000000000000002
Ruby,202004,0.17541235009625478,0.8129086625180375,0.06813897488820089,0.5514779923311656,314,0.1696428571428572
HTML,202012,0.16579900871521963,0.8579815755902712,0.07119437939110072,0.3644077473984229,567,0.43750000000000006
unknown,202301,0.2425197024357483,0.9081228750994194,0.033188904464551194,0.382588608405023,1719,0.2512077294685991
TypeScript,202008,0.1665768176231724,0.8160228703483442,0.05977274468748783,0.40789066266894247,1216,0.8177434908389578
JavaScript,201912,0.24997830497926155,0.7433007447631497,0.05717647590345435,0.44120881258309225,2037,0.5249999999999997
unknown,202012,0.5570165333728392,0.8167906226974163,0.017074772492729158,0.41485750687457335,1535,0.22662889518413604
JavaScript,202006,0.1601153750491931,0.8234145830765134,0.045106082716156674,0.5069658918975523,3303,0.4201030927835053
Ruby,202202,0.06208470544145526,0.8512396694214872,0.06246385193753615,0.36324552682173755,801,0.44
Ruby,202104,0.1180431421908636,0.8373778033352501,0.02826086956521739,0.4489843125994671,342,0.36363636363636365
TypeScript,202106,0.28597406861933133,0.7661398700746713,0.037408807673457944,0.452552403014135,925,0.7280939476061431
Kotlin,202210,25.994993421617327,0.8151360544217687,0.040940766550522645,0.3817107604523927,102,0.4347826086956522
unknown,201910,0.7174799592616192,0.7799193642072398,0.05869458210634681,0.3995943653432602,977,0.342741935483871
TypeScript,202007,0.07660693699146302,0.7182271718398561,0.03551056733327219,0.37855832927952243,1910,0.841986455981942
TypeScript,202105,0.08857996377634685,0.8127417407018067,0.04552889969319989,0.5301566909429771,1934,0.7193675889328058
Java,201911,0.3755043539967684,0.8155097996937076,0.03922551476731043,0.502865265701166,525,0.5321637426900587
PHP,202303,0.4913489580329822,0.8486197377501727,0.018867924528301886,0.4437406672989599,281,0.39393939393939403
HTML,202205,0.1574183965795272,0.9028857745629896,0.02777777777777777,0.30040200775689624,512,0.28571428571428575
TypeScript,202108,0.0879498007008284,0.8014444065672559,0.040438988970984434,0.4914697071056369,2077,0.7399150743099795
unknown,202202,0.32250058521182784,0.8240433693639729,0.02714262058524354,0.4325735498322986,2059,0.39487179487179497
unknown,201809,1.3196122582696979,0.7945308252050111,0.0306210643289295,0.47575515641518124,532,0.4344569288389512
unknown,202104,0.5219837037477238,0.8186778697519703,0.03231684850281494,0.4055084229429102,1531,0.41255605381165916
HTML,202204,0.1513875716234399,0.8747222222222224,0.052991452991453,0.4089620171206792,698,0.33823529411764713
unknown,202212,0.2656577464694584,0.8553723622091829,0.05022453425814768,0.39208314988332704,1907,0.4058823529411764
C#,202208,0.5836670709386051,0.8406362091852726,0.03263037809647978,0.5061635619817654,284,0.6962025316455694
Elixir,202108,0.05,,0.0,0.0,26,
JavaScript,202201,0.15605817087495846,0.8264902730981999,0.042464223674414756,0.44240881722256836,3054,0.48476454293628785
Ruby,202012,0.09965081493996289,0.8703554778554776,0.02528059278631361,0.49793188619298245,393,0.282608695652174
HTML,202201,0.13530923912403084,0.9038554844768594,0.05753968253968256,0.4241622647451796,643,0.20999999999999996
JavaScript,202204,0.17947756186709254,0.867210674253059,0.04276982953453543,0.4501176199110933,2923,0.37800687285223367
Vue,202209,0.1849662418293849,0.8635338345864662,0.0,0.3673913239864944,239,0.3333333333333333
unknown,202008,0.6285154123814185,0.8229228865004722,0.02285142393838046,0.44987278139268316,1486,0.4065934065934065
JavaScript,202004,0.2401667850879313,0.8067837932954212,0.04197850667520604,0.46754528241677806,2286,0.511221945137157
TypeScript,202004,0.1543120497895798,0.7471144588510997,0.02175912849441003,0.523916649945832,1336,0.8421468034727704
HTML,202202,0.08004754691857288,0.8838388780169601,0.025,0.5685174665194767,873,0.30666666666666675
C++,202204,0.8315758041503832,0.6284726983222559,0.04835479759957189,0.6179495308344389,323,0.7580645161290323
JavaScript,201907,0.6765709748478633,0.7735739624978657,0.046410217462849054,0.5210014484584087,1232,0.5156695156695157
Python,202202,0.38646356702139856,0.7446764182782941,0.03753656158596036,0.5011983632882389,1298,0.4520547945205481
TypeScript,202006,0.10263325438533115,0.7616477168259377,0.04354878660539411,0.47294754582701015,1665,0.8077246011754823
JavaScript,202003,0.20649854322685585,0.8516107709169797,0.029301866842334323,0.46808006470280045,2382,0.4820936639118458
C,202412,0.5872112439251796,0.8038541666666668,0.009090909090909092,0.3091722631808433,248,0.46428571428571436
JavaScript,201908,0.43657479438517766,0.7731463554045134,0.03177033425419365,0.4811933465181084,1158,0.5101449275362319
TypeScript,202302,0.3842912561859584,0.8145335395422318,0.08109516144945235,0.500631263385257,785,0.7446280991735531
CSS,201903,0.15827052434744737,0.9285714285714285,0.0,0.38637398551690405,83,0.16666666666666669
Vue,202202,0.04484871165887096,0.8999999999999999,0.03571428571428571,0.5882002256112261,730,0.5833333333333333
HTML,202003,0.2844782514585626,0.915032228992827,0.011005661005661006,0.38997124277870454,516,0.3411764705882353
JavaScript,202103,0.13114937144672828,0.8060823404807499,0.027468140641793332,0.48693503544701433,3010,0.4424552429667518
Java,202212,0.2672507142548188,0.798257713843838,0.025902275199848643,0.48313449959580984,671,0.5
JavaScript,202008,0.24641320732885236,0.7896780459951358,0.04954697263520796,0.49907165308281354,2424,0.45658263305322166
Ruby,202205,0.11784744424356727,0.7987528344671202,0.0,0.5225339817979155,540,0.625
TypeScript,202211,0.09633065236849742,0.7941335553421324,0.04535847941645046,0.4928615998870172,2037,0.7843137254901971
Vue,202207,0.04442785451252531,0.902222222222222,0.0,0.4091143244910593,603,0.28571428571428575
Java,202409,0.3577799865728232,0.8493013723080166,0.01636363636363636,0.48377926105852675,449,0.4869565217391304
unknown,202105,0.39747842051300647,0.8513064398198167,0.03005122687649809,0.40655785056687854,1910,0.28389830508474584
Vue,202108,0.05248476741995908,0.8774671052631581,0.0,0.4074202569469869,639,0.4444444444444444
PHP,202108,0.20006290604269777,0.7549242424242425,0.041666666666666664,0.45501573585778915,560,0.35593220338983056
TypeScript,202401,0.30519674128712226,0.8844547963582085,0.0544887949728088,0.4845587301596665,892,0.7324561403508772
C++,202201,1.0668201796369268,0.6484947631989304,0.05001333483706995,0.5303005016327839,336,0.7187499999999999
JavaScript,202307,1.1695117639760617,0.8727129380053912,0.052838874680306916,0.4731516505982169,987,0.5849673202614376
CSS,202303,0.106138334454661,0.8506493506493505,0.0,0.6594693360546487,151,0.35000000000000003
unknown,202108,0.32056869290142054,0.8340694283909323,0.04300494826810618,0.37427783235894696,1865,0.3230769230769231
unknown,202107,0.8301811700632812,0.8647751438610344,0.021061654394987736,0.4002913626486185,1071,0.3988095238095237
JavaScript,202002,0.503079821323025,0.8370967646737735,0.03606377282847872,0.46138101376038376,1298,0.48214285714285726
JavaScript,202109,0.12723817707217158,0.847719619163453,0.04059484905073142,0.4821110709029534,3224,0.39746835443037987
HTML,202210,0.1435319441889047,0.8863089095287239,0.0679955703211517,0.4416079352270861,716,0.23926380368098146
PHP,202103,0.3553350342643402,0.773310291858679,0.05476190476190477,0.5792326276470329,474,0.48051948051948046
Ruby,202212,0.01454629793008312,0.8805363321799309,0.05555555555555556,0.3205413605000878,848,0.05555555555555555
Ruby,202003,0.0837116564062911,0.7738439741295307,0.058921060279294585,0.43037244072798364,671,0.2063492063492064
HTML,202212,0.04368776785118467,0.8862738496071828,0.0434873949579832,0.4828257584827601,838,0.34545454545454546
C#,202310,0.7432734813529945,0.8197461028884716,0.02239708004413887,0.43212891475906284,281,0.5425531914893619
Python,202204,0.5013784325056714,0.7356601782545523,0.042763233975546266,0.49554409509233344,1265,0.5333333333333334
JavaScript,202303,1.1170980406437347,0.8906790388565256,0.04228996563164271,0.45877912771503204,1545,0.47394540942928004
HTML,202004,0.2739237489224325,0.8441610401486943,0.018739495798319326,0.43647330302560366,574,0.2717391304347827
TypeScript,202104,0.15881006475823728,0.7623299469023967,0.04254913670237642,0.5358176820872345,1235,0.71575984990619
JavaScript,202111,0.45722944446386493,0.8538123491667264,0.03477481389923557,0.4086103354551698,1199,0.38235294117647084
Rust,202208,0.5095301347390037,0.7051493930905696,0.04703368526897939,0.47323919381967183,136,0.5581395348837209
Vue,202105,0.01734177401917565,0.780513468013468,0.0,0.49830627044153514,691,0.2631578947368421
Shell,202212,0.1407302749369191,0.7009920634920638,0.011904761904761904,0.5049759200495323,237,0.2962962962962964
JavaScript,202101,0.2752365503426394,0.7898575480621199,0.0723799528994334,0.5488364535356742,2244,0.4839650145772593
CSS,202012,0.050244277591742076,0.8256944444444445,0.055555555555555566,0.29452070993999263,251,0.5
CSS,202301,0.020137144791533668,0.870821845798687,0.05347593582887701,0.4473331956054781,313,0.1875
JavaScript,202209,1.0192080127002352,0.8594556861627511,0.04151500567256104,0.4019538017825414,1492,0.5245901639344265
PHP,202301,0.23709744631936924,0.7754172743477553,0.02425876010781671,0.6639370545151306,589,0.4683544303797468
Python,202209,0.5860239965018109,0.7483307895373545,0.04980101674026907,0.5282276848932472,1299,0.5081081081081079
Ruby,202108,0.1458288923355488,0.7837711530893348,0.03767313019390581,0.4871057881685924,337,0.368421052631579
Ruby,201909,0.21712190178444013,0.7730145444973383,0.0913978494623656,0.5922634461200552,200,0.10526315789473693
HTML,202301,0.08376578877207591,0.8593837535014004,0.02685560053981107,0.3649687473942573,735,0.4722222222222222
JavaScript,202410,1.3182991833688307,0.9111647944705481,0.030975826154582196,0.3943975200931499,1013,0.3935860058309036
HTML,202209,0.16457356441955712,0.8284215784215785,0.09447415329768273,0.4329715508519231,504,0.37500000000000017
HTML,202005,0.2654474595434822,0.8235224089635853,0.0199443413729128,0.2984356011258274,466,0.27173913043478254
TypeScript,202410,0.2967108946910567,0.8796900090105959,0.05674002221032226,0.46558072594928823,943,0.6042868920032977
TypeScript,202209,0.1382886376023779,0.7807383427635878,0.029207347058683088,0.5216153082825816,1614,0.7888888888888881
JavaScript,202011,0.465480145372303,0.7878525039016403,0.041432942259029173,0.4474490732873408,1137,0.5060240963855418
TypeScript,201911,0.39976503256204193,0.7355043651088923,0.050704184999397786,0.4841448696067767,520,0.7912087912087907
Vue,202101,0.0578139904907309,0.8253968253968254,0.1851851851851852,0.6118191812992241,338,0.4705882352941176
Vue,202201,0.056205261274158876,0.845925925925926,0.041666666666666664,0.3947180120000569,526,0.12500000000000003
Java,202205,0.2854087199651315,0.8864293071428795,0.024617871840094056,0.3904883728094388,636,0.4961240310077519
HTML,202011,0.37422723543322367,0.8422087812021821,0.056390977443609006,0.4593973382904044,379,0.3146067415730338
unknown,202004,0.7762266467646677,0.8318243567394876,0.041144382406518326,0.4206106177616277,1449,0.36947791164658633
PHP,202212,0.14054657460873174,0.7267625816806145,0.004651162790697675,0.4542877267793384,641,0.5964912280701754
Python,202002,0.5230478413566483,0.7248139518709136,0.02541224379459675,0.4997814996158032,854,0.5539906103286384
Vue,202106,0.019909967432372878,0.8013198631253056,0.05555555555555556,0.6412774032504229,642,0.36363636363636354
Rust,202303,0.40363625140611187,0.7847995135580615,0.09745739237572268,0.45320985416162973,195,0.4603174603174602
Ruby,202206,0.09390558875582833,0.822048611111111,0.0,0.49052139876754985,312,0.4375
Ruby,202106,0.09270426190714777,0.8073915331979846,0.04296296296296296,0.605796408995867,383,0.3043478260869565
Python,202102,0.5580436432175871,0.7427888014836266,0.03549857459613558,0.5110397525556764,1048,0.6115107913669063
C#,202006,0.4335748041875578,0.8612087863721852,0.0027926675931440677,0.5386247123350766,284,0.5714285714285717
PHP,202204,0.24945103268109675,0.7131815843621399,0.04397163120567376,0.5373386389950974,468,0.5483870967741936
Java,202209,0.30483985492765914,0.858548913621377,0.030307230307230308,0.47479257746045433,542,0.4
PHP,202201,0.33146612092489447,0.8335736408653074,0.02406015037593985,0.4970767806911956,342,0.5747126436781608
TypeScript,202207,0.1447563347312668,0.8047096842701331,0.05279219341577055,0.48936822025276155,1168,0.7393992932862188
unknown,202302,0.4909944685776692,0.872028494452177,0.031367495451788956,0.4190793956990302,1085,0.2792452830188678
TypeScript,202206,0.1348489968291412,0.8266471115938081,0.036423259196234,0.49138954057145445,2022,0.7264770240700217
Elixir,202003,0.15454545454545454,0.0,0.0,0.4603099178571525,18,0.3333333333333333
CSS,201912,0.050220129631894345,0.8055555555555556,0.0,0.2850825059102434,169,0.15384615384615385
CSS,202010,0.18555620372771012,0.7552795031055899,0.06666666666666668,0.512417026001948,140,0.28571428571428575
Python,202005,0.6565701915125787,0.7276207945570042,0.027696153805121974,0.4932098122904975,917,0.5657492354740066
PHP,202211,0.14980622358433482,0.8365316275764036,0.034108527131782945,0.5128022268426744,569,0.5373134328358209
PHP,202206,0.1239815251996439,0.804215456674473,0.009002250562640658,0.41869970285503927,609,0.44827586206896547
PHP,202202,0.17052540726771415,0.8192658912355882,0.022619047619047615,0.5724628382979345,645,0.4696969696969697
unknown,202111,0.6795362508272336,0.7974607085517823,0.04747219348989263,0.4090562130719437,1024,0.32081911262798607
TypeScript,201908,0.46422753891923374,0.747584240013432,0.03226369158590222,0.5229979019870432,419,0.7231947483588621
Ruby,202103,0.12683336336601467,0.7544871794871795,0.06559392626062366,0.48427654946019516,309,0.28260869565217395
PHP,202012,0.24609606608265572,0.670467032967033,0.040595340811044,0.5694019028272953,610,0.6477272727272726
JavaScript,201911,0.24248289339152085,0.8134109674739587,0.042099799896923924,0.4530999243628532,1566,0.44520547945205485
Python,202305,0.6276978949099173,0.8208129249885034,0.02887224336384494,0.5023377339711581,1323,0.39220183486238525
unknown,202010,0.614570777256348,0.8162462320908388,0.05543254559647998,0.44094802416287504,1015,0.33639143730886867
Java,202203,0.2979029211180781,0.8214048599701278,0.03933220845850996,0.5361724334989394,681,0.5928143712574853
unknown,202203,0.4930333492837158,0.8450798879571486,0.036774323259826845,0.38247924484146345,1671,0.3918495297805642
unknown,202106,0.4563572032408424,0.803172386093745,0.02636968766001024,0.4220124885822593,1677,0.3232758620689654
HTML,202007,0.24637144104364997,0.8190476190476191,0.017582417582417582,0.3189590551815528,740,0.34117647058823525
Ruby,202009,0.21342376573978736,0.7829174526953641,0.030003741114852232,0.5463328121637674,358,0.1386138613861386
Jupyter Notebook,202001,0.3740935129308238,0.8611111111111109,0.24298889516280822,0.3817760239489012,132,0.3636363636363637
PHP,202007,0.29460544145320244,0.6598128755025304,0.03369214863467737,0.4791347423259927,629,0.5841584158415843
JavaScript,202206,0.2329538872333156,0.8062934928304613,0.05941679527854067,0.4669144978425401,3139,0.49085365853658497
Rust,202502,0.22093029826037067,0.7923295313286939,0.08601449275362319,0.5162368818185279,206,
PHP,202109,0.47220274150597663,0.6948748114630467,0.012698412698412698,0.4291567383184768,284,0.47457627118644075
CSS,202201,0.010822654142264923,0.9278002699055331,0.2,0.7001285554009277,291,0.5
CSS,202004,0.06957863012446909,0.8106060606060606,0.1,0.26063802055555535,248,0.32
Java,202210,0.24342813594723084,0.882604438538201,0.04229267933421711,0.45403131072049135,707,0.41614906832298126
PureScript,202103,0.425,0.5,0.0,0.9335072330357455,4,0.75
Rust,202007,0.5096482895275398,0.4737960310540956,0.07320722992854141,0.6317318264705476,73,0.8243243243243242
JavaScript,202107,0.628222971669975,0.8035305497628071,0.060210930009587715,0.4867063149864719,1343,0.5160427807486633
Java,202012,0.39117272036334133,0.8380972025774003,0.030981067125645433,0.5734123986484458,495,0.5040000000000001
HTML,201811,0.22017763214213626,0.7937646001177205,0.031574486119940674,0.5239898726139445,253,0.31578947368421045
HTML,202103,0.3084615136091227,0.870754492035028,0.041368052237617456,0.5043232547170365,712,0.1408045977011495
CSS,202109,0.012593482905982903,0.9547368421052631,0.2222222222222222,0.27314945729093454,188,0.16666666666666669
PHP,202008,0.25132145231391545,0.7414609053497943,0.082465483234714,0.5627190877868163,480,0.611764705882353
Ruby,202101,0.3756333373129108,0.7722993827160493,0.03995673474581664,0.45438847505562613,179,0.255813953488372
Python,202009,0.6096247882086124,0.6973533000601109,0.033419491741386025,0.5412407022157584,1007,0.5105820105820104
unknown,202304,0.6056594769171126,0.8641789914776447,0.07244793942041651,0.38487019648859017,1005,0.3380952380952383
C#,202104,0.49526319738625724,0.8036844641759576,0.0366513677914699,0.5221097011238505,275,0.6310679611650484
JavaScript,201910,0.34595175184632143,0.8090563369249026,0.022587337839960624,0.43192077145765034,1605,0.46268656716417916
unknown,202411,1.0881142837726476,0.8615214166772642,0.03874701120617632,0.4510749044073994,963,0.352112676056338
Java,202204,0.254617161560388,0.8625413933581361,0.028585858585858593,0.48432563829616615,627,0.5685279187817261
HTML,202207,0.1356767327855074,0.8398097290125157,0.123172822191055,0.4011016856964241,585,0.5072463768115942
unknown,202503,0.7591631717287672,0.8705575378023801,0.02537058900695265,0.3956608013328891,917,
CSS,202203,0.0629721874012418,0.75,0.0,0.4223199951772117,243,0.5833333333333333
C#,202212,0.37296022267429335,0.7996586420725287,0.04377610693400168,0.49472556508432597,386,0.6000000000000004
unknown,201909,1.0251786472921283,0.7973342757016226,0.021208824179121212,0.42872775067202706,834,0.497716894977169
C#,202202,0.3975542877333455,0.8048521170087226,0.05855866248308109,0.519814159551729,313,0.5375000000000001
Java,202407,0.3407247376798533,0.8799597640747928,0.02698668302533037,0.42435425349742656,467,0.48760330578512373
unknown,202207,0.33173427556771584,0.8447141557346349,0.04087301587301588,0.4382724190192434,1514,0.36363636363636365
CSS,202002,0.11768339515192391,0.7585227272727273,0.008097165991902834,0.28742361475880657,140,0.4
Vue,202005,0.17330444043255688,0.8025775793793649,0.06535695942475604,0.6294498650196908,139,0.6382978723404256
Ruby,202011,0.23961895690325194,0.812552331788651,0.1552709359605911,0.5650350380465223,134,0.3571428571428571
CSS,202105,0.019852665586565555,0.9,0.0,0.24222867352675326,346,0.25
Ruby,201912,0.0688402230313148,0.7595483492542318,0.029383116883116886,0.35419860032987094,544,0.10457516339869281
Jupyter Notebook,202209,0.14138925150078113,0.8315826330532214,0.05817174515235456,0.43847285575037864,232,0.3958333333333333
Stylus,202204,0.16666666666666669,,,0.0,6,
CSS,202106,0.02761778852648513,0.9722222222222222,0.08333333333333334,0.45817748854178536,285,0.5
Ruby,202007,0.08783018572351373,0.870132465000886,0.0446900269541779,0.4999651917363946,449,0.07894736842105268
Ruby,202006,0.07498896557857508,0.8294348508634218,0.07407892153654869,0.41566123316432174,802,0.040540540540540564
JavaScript,202210,0.7672367547687101,0.853455776797992,0.03987299514316983,0.5232183354042614,1780,0.5410256410256412
Java,202206,0.3254759792837872,0.7903279590779593,0.044620506305288916,0.4526989677476322,710,0.5972222222222225
HTML,202002,0.23920138832248117,0.8454811025110919,0.01789855072463768,0.4063590487400632,440,0.3362831858407081
CSS,202306,0.13350768800508095,0.9275683665927568,0.039999999999999994,0.3733722718106918,106,0.15151515151515152
SCSS,202004,0.1286821705426356,0.8928571428571429,0.125,0.2155121424662613,45,0.4285714285714286
Python,202207,0.43606288447318486,0.7809915103859636,0.030147943411454776,0.4235454255310548,1263,0.531746031746032
Vue,202303,0.23545462990038651,0.9279448621553885,0.0,0.5585938807831362,144,0.29411764705882354
JavaScript,202005,0.3614646384733979,0.8189661967226343,0.05095645095645094,0.5572792002910597,1473,0.4441805225653204
Vue,202210,0.34920061054546914,0.9736712150747238,0.08333333333333334,0.20224240887267408,127,0.23076923076923078
Java,202106,0.31400648561475164,0.7874599029081155,0.040798226164079826,0.48101330297160266,586,0.5114503816793894
HTML,202006,0.2319570058592799,0.8720238095238095,0.04666666666666667,0.34908206064319025,638,0.2479338842975206
TypeScript,202107,0.47753559804969686,0.779455167404288,0.07580678843694809,0.5418898505774618,592,0.7548209366391184
TypeScript,202307,0.3464367912585453,0.8573200057188832,0.06174058103854993,0.49772862848506433,814,0.733333333333334
Java,202202,0.17520269211956513,0.779532610909353,0.0644093378529943,0.5029764829171485,613,0.43396226415094336
unknown,202307,0.7034496356293161,0.9198218891448732,0.035630674050086776,0.4031941921756965,1017,0.5000000000000001
TypeScript,202208,0.38677369910346937,0.8259965691019878,0.015576555468839166,0.5348072598368481,708,0.775083612040134
PHP,201912,0.415949794478499,0.6858117302850921,0.04903062253334484,0.495328752190748,334,0.5764705882352942
CSS,202009,0.021666210968613705,0.7261904761904763,0.0,0.4803259009048186,333,0.55
TypeScript,202101,0.3002270140686585,0.7692068318290336,0.03644793476394399,0.5149002726917721,725,0.7777777777777778
Vue,202211,0.08616872933985543,0.9441666666666666,0.0,0.22134182700628724,369,0.3333333333333333
R,202202,0.7329486857163808,0.8214285714285714,0.004901960784313726,0.4934074000685177,66,0.625
Java,202312,0.28576453329455015,0.8418607399270238,0.006009615384615384,0.36200538910184077,456,0.471698113207547
Vue,202008,0.0516055913210657,0.8866666666666666,0.0,0.6782571549247451,448,0.6333333333333332
Go,202302,0.8043553604024732,0.7562218837829755,0.029687206926193827,0.41169615876136806,374,0.5660377358490568
HTML,202108,0.17810829412396711,0.8669811320754717,0.03571428571428572,0.444082152019555,690,0.2321428571428572
Ruby,202111,0.40165643930493444,0.6706763743800782,0.03137254901960785,0.6665571545063458,136,0.5588235294117647
CSS,202207,0.01473197096438253,0.9277777777777778,0.0,0.31910122400397617,254,0.36363636363636365
Java,202211,0.2755222703191916,0.8365891068703439,0.020658641206586406,0.40419559580019526,702,0.5289256198347108
JavaScript,201806,0.9020892785193778,0.696741006184544,0.04215449516306357,0.5231286173540242,639,0.4533333333333332
unknown,202209,0.5789442522384834,0.8488735299430331,0.040862211987272364,0.4869183382856163,1279,0.3479381443298969
HTML,202109,0.1388567055893965,0.8564656084656084,0.040893786348331795,0.5648938479897779,516,0.2222222222222222
Java,202006,0.48778583371390993,0.7740393994136101,0.04189332472801032,0.54076791343168,633,0.5052083333333333
SCSS,202007,0.14211605937921729,0.9375,0.10000000000000002,0.5892815320109042,52,0.5
Java,202007,0.4912451274205312,0.7504213252298357,0.06038411200152365,0.5802746553830662,644,0.5317919075144509
unknown,202309,0.753501051211984,0.8514275882296043,0.03788130593686147,0.37563061796051256,974,0.44
HTML,202107,0.26342929777692825,0.9001564756860855,0.01141141141141141,0.42818410343740243,458,0.24752475247524755
HTML,202305,0.22572402097865585,0.8749753633899975,0.03437499999999999,0.5110031075007408,403,0.2878787878787879
PHP,202302,0.40442633848308746,0.7971530920060332,0.010683760683760684,0.4822573070536595,288,0.35000000000000014
TypeScript,202409,0.3342164838465272,0.8689948777953829,0.06339592786979197,0.4404641508373224,932,0.6076923076923085
JavaScript,202302,1.5256088985233593,0.8708476800474595,0.06592756836659276,0.48880195212620897,1137,0.5689655172413798
TypeScript,201910,0.3669500303364021,0.6878185364212162,0.03889054465663925,0.481253173148231,556,0.7186544342507653
PHP,202102,0.35062260015482566,0.6845667559953275,0.028823931486470188,0.5166220527872202,385,0.5974025974025973
SCSS,202010,0.08396357462571384,0.937950937950938,0.0,0.9385931789301013,36,0.2727272727272727
Ruby,202005,0.11927929810962247,0.8614192135025468,0.019171304885590598,0.5411516409839817,393,0.10869565217391303
Dockerfile,201907,0.07142424242424243,0.6428571428571428,0.0,0.7161726161029189,24,0.5
Vue,202205,0.5315196468870305,0.8932416267942582,0.11224489795918366,0.34111290435795477,94,0.35294117647058826
Ruby,202201,0.09614291050789898,0.7779569892473118,0.08838383838383838,0.4773675936075953,347,0.45833333333333337
CoffeeScript,202105,0.33333333333333337,,0.0,0.0,5,
Python,202106,0.5231951727169092,0.7809964690443271,0.022351579423125777,0.5208375403095614,1218,0.5327380952380953
HTML,202211,0.06960707201879991,0.8855972748280702,0.04166666666666668,0.40769028442741334,727,0.19587628865979384
Ruby,202210,0.03215847847781545,0.7912062973337483,0.04583333333333334,0.4379322625299583,811,0.25
unknown,202208,0.5686372350737664,0.8025227317773693,0.039382239382239406,0.4369973788353337,1086,0.4852941176470587
TypeScript,202111,0.48424349987057497,0.7724946222371347,0.04900267013836786,0.5199553212833665,590,0.7879341864716638
HTML,202203,0.12560568934410385,0.83277234461445,0.05844155844155844,0.5881964886299761,628,0.1434977578475337
Vue,202004,0.09338896780303028,0.8493589743589743,0.02197802197802198,0.6418720063035249,270,0.7499999999999999
CSS,202212,0.019333480467887892,0.9841269841269841,0.0,0.09024101186092029,416,0.20000000000000004
Jupyter Notebook,202303,0.24385545738388098,0.9324884792626728,0.006578947368421052,0.38093685294285007,211,0.36170212765957444
C#,202108,0.46687482734689756,0.7632630855724956,0.01560661560661561,0.5052151033632626,294,0.5578947368421051
Python,202203,0.5809072490964389,0.767626152551333,0.04558956775099044,0.4595485727429755,1227,0.5212765957446809
TypeScript,202310,0.450359825285914,0.8415236164642647,0.07762072375591861,0.491356114589119,871,0.7272727272727268
Vue,202011,0.019989858063471835,0.7944444444444444,0.0,0.4461283007096909,539,0.42105263157894735
Ruby,202209,0.28658368348213115,0.7156451612903226,0.041666666666666664,0.462675731670417,122,0.5333333333333333
Vue,202203,0.18659808464230032,0.9563025210084033,0.1388888888888889,0.32853430796908806,291,0.2631578947368421
TypeScript,202308,0.3112065662826922,0.8317681180856886,0.054213025161608475,0.49406528476920525,770,0.7468123861566492
Ruby,202204,0.09510670607809936,0.8060401002506267,0.0,0.5063449306346764,702,0.2222222222222222
TypeScript,202003,0.3083964993283309,0.8406165257295473,0.02612640296087604,0.5248360347929825,881,0.7996485061511427
unknown,202210,0.40461287993969375,0.8435594791610856,0.034981003310415086,0.34392284726517364,1373,0.3197492163009405
Go,202204,0.6723269464313055,0.7225952078846167,0.0565225310378201,0.4417711653846858,289,0.6585365853658537
Ruby,202107,0.052467033172498914,0.8515896025920084,0.0971747550694919,0.5596914449361204,656,0.6111111111111112
TypeScript,202309,0.3525073570567817,0.8605106288392813,0.0661738900895356,0.5174491064475406,768,0.7360844529750474
CSS,202007,0.03825166253529538,0.8328042328042329,0.19999999999999998,0.3941384966107286,336,0.4545454545454546
HTML,202009,0.15734841764008103,0.7551973056005311,0.037567084078711996,0.5488951161678194,672,0.375
HTML,201910,0.2445778506821821,0.8394982077027626,0.04916621839698763,0.3977639865472842,412,0.3525423728813559
Python,202105,0.5397355632139965,0.730699315456394,0.049939509125029494,0.5056350424860906,1092,0.5501858736059478
Vue,202301,0.07654370375906626,0.8956349206349206,0.07272727272727271,0.36545863579002724,559,0.5333333333333334
Jupyter Notebook,202212,0.24063202421565796,0.7995036572622779,0.07916666666666668,0.41642527274897934,217,0.358974358974359
TypeScript,202502,0.3775067527872584,0.8659158000050013,0.049041059349834874,0.49471910140441006,899,
Vue,202007,0.04186425373544279,0.8293650793650793,0.04848484848484849,0.4363028689268697,667,0.5909090909090908
C#,202008,0.4120458110813328,0.7930665793952888,0.0325987030992641,0.6535788664144412,262,0.6601941747572815
Nunjucks,202007,0.0,,,,5,
JavaScript,201909,0.6958160410601615,0.7586152887527238,0.02566649383625511,0.45794205502777785,1189,0.44662921348314616
TypeScript,202312,0.32326555481938923,0.86817342832386,0.044345290661787606,0.4954686247481793,813,0.710734463276836
Go,202504,0.9501626769095172,0.803291588369572,0.01576310652209704,0.42918578463540347,361,
CSS,202104,0.03506130100760826,0.9458575581395349,0.03571428571428571,0.334374372417853,219,0.3125
Python,202007,0.7237353923972357,0.6995876137013337,0.047702711774195626,0.4797577737585455,953,0.5799256505576209
Nunjucks,202012,0.0,,,,6,
Jupyter Notebook,202202,0.23462847591873853,0.6605575905575908,0.045112781954887216,0.3358787038414786,209,0.4054054054054055
PHP,202101,0.2511729837951771,0.7929315476190477,0.009152411629191812,0.624510787572095,606,0.5294117647058824
Java,202104,0.5213234761861628,0.7946855051727931,0.027574803431138648,0.4957172904499162,635,0.5878787878787878
unknown,202303,1.645425690551214,0.8662399701897093,0.05406896489345861,0.434283293363893,1155,0.37974683544303794
C#,202009,0.4470006231448498,0.8290841949561704,0.0663811193411004,0.5679445558608719,291,0.5847457627118644
TSQL,202203,0.0,,,,13,
Astro,202105,0.03333333333333333,1.0,0.0,0.8112781244591328,12,0.5
JavaScript,202112,0.580821962157378,0.8737848749212385,0.0363253053900536,0.41812614576102153,1098,0.43464052287581717
Java,202107,0.43478225541824855,0.8233177455177471,0.03599647266313931,0.4772159139313147,492,0.44444444444444436
Python,202012,0.5699383886914481,0.7390080916852929,0.04266712106660058,0.469616105135715,1009,0.6570680628272251
JavaScript,202412,0.7429673568557937,0.8912149857716707,0.050882658359293884,0.4286725272327015,929,0.4759615384615387
HTML,202101,0.14340453147790794,0.8997518129793981,0.037634408602150546,0.3781558664203817,495,0.32727272727272716
Scala,202304,0.4905635300372142,0.6574074074074074,0.06250000000000001,0.41178239638240693,37,0.6666666666666666
F#,202201,0.0,,,,7,
JavaScript,202406,0.45635181747438175,0.8913423008078788,0.025517340152023244,0.4827678912852196,1001,0.3909774436090225
HTML,202104,0.17671197825755672,0.8738819199177256,0.019423558897243114,0.5768336243726114,573,0.24731182795698936
Rust,202302,0.3858025185900839,0.7312158353259047,0.042862161312865535,0.5503326513914173,167,0.5416666666666667
Ruby,202301,0.04756504060463019,0.8342344819159337,0.06168831168831169,0.49300922406296727,787,0.3478260869565216
Python,201910,0.613813945243713,0.7049193710479617,0.06171333716788263,0.4936561494700078,849,0.5161290322580644
PHP,202304,0.28332320069355293,0.8011217948717949,0.0,0.4232867712543004,241,0.5172413793103446
PHP,202105,0.1473494950390887,0.702726574500768,0.0,0.4705426547879509,614,0.4333333333333334
HTML,202206,0.07088844874444573,0.829423868312757,0.04938271604938273,0.5025994615284806,678,0.3720930232558138
PHP,202004,0.36851098661708565,0.7869944646154322,0.05976153902421183,0.4936959493502235,536,0.6277372262773723
CSS,202204,0.02833445789901099,0.7777777777777778,0.0,0.5211917560070076,264,0.33333333333333337
Java,202112,0.2926393113277317,0.8170366856653439,0.04321969696969695,0.44727880120972324,628,0.4516129032258064
PHP,202003,0.45969212304305407,0.7386675657917491,0.028545528545528543,0.5217749145910356,420,0.6448598130841118
Java,202010,0.31314738433316874,0.7258323802487204,0.05485241502683364,0.4723010772695273,666,0.4395604395604395
PHP,202009,0.19900248492584424,0.6910954182116306,0.014109347442680773,0.5583104732431635,615,0.5233644859813084
CoffeeScript,201910,0.0,1.0,,,9,0.0
Ruby,202109,0.10557232113857073,0.8827810120913568,0.05494505494505496,0.2817067888627571,186,0.4
TypeScript,202503,0.27143492741059805,0.9025693554421991,0.031540834303213895,0.4652144825638106,1008,
Python,202010,0.7203761242111456,0.7155524515129469,0.04607456813339168,0.5265531682357315,1030,0.5404896421845573
PHP,202005,0.6346790298335931,0.8357866167648774,0.035800390086104375,0.46169761148117716,307,0.633333333333333
CoffeeScript,202004,0.6944444444444444,,0.0,0.3060986113514965,9,0.0
Go,202305,1.0272234287218562,0.7051745791002619,0.04042495086612734,0.5537004532235734,316,0.5205479452054793
Java,202207,0.5083626937026213,0.8274404620866972,0.025313016772974244,0.479477379049319,610,0.5862068965517243
Jupyter Notebook,202204,0.17361789990835813,0.8106060606060608,0.18515037593984962,0.4454052671276648,213,0.519230769230769
Python,202206,0.4620958023214064,0.7442657814340277,0.04456538201579198,0.4358483977106416,1293,0.5518672199170125
C,202207,0.8242452784124388,0.6062500000000001,0.03888888888888889,0.5740739686552239,227,0.5344827586206895
Scala,202009,0.25855555759477794,0.9166666666666666,0.08888888888888889,0.5718904686710022,35,0.4
TypeScript,202303,0.2951202541432837,0.8072938256295525,0.0739384360780876,0.5105699907727346,963,0.7530864197530861
Ruby,202504,0.12615600385847617,0.9224137931034481,0.0,0.3367549465591624,121,
Go,202009,0.6449082915768704,0.7213242159608942,0.06848896533127641,0.5464528014975455,235,0.6564417177914113
Elixir,202103,0.4380952380952381,1.0,0.0,0.4727652780181632,26,0.0
Rust,202206,0.35692555153786026,0.7016461979590585,0.016566329519820094,0.39645575651421877,155,0.6296296296296295
unknown,202002,0.9068045148706185,0.80876361185128,0.02779922779922782,0.3977957801858727,1026,0.3333333333333334
JavaScript,202305,0.5231078430153312,0.868144089089712,0.02961482662653747,0.42855026057050705,1022,0.35546874999999983
Vue,202006,0.04104341471537601,0.917628205128205,0.057971014492753624,0.639741042447715,563,0.36111111111111116
unknown,202306,0.6288047078316374,0.9157629302799302,0.028429132506010778,0.43713518976398974,987,0.390134529147982
Odin,202411,0.0,,,,1,
Java,202303,0.28035496949665695,0.8608800407198895,0.0402766174695999,0.43868354545223714,547,0.4351145038167938
PHP,202203,0.2229961219484624,0.6560488413547236,0.04660587639311044,0.49126525632855716,498,0.5584415584415585
C#,202210,0.4569121795736722,0.846249250262408,0.0191605495953322,0.5515232889858849,307,0.576271186440678
Svelte,202012,0.8086976707666366,0.47619047619047616,0.1111111111111111,0.4095818141266481,14,0.8181818181818181
CSS,202101,0.06769113481750313,0.8833333333333333,0.125,0.33276853927070477,170,0.2631578947368421
HTML,202303,0.172681061076857,0.9006127387823814,0.0510822510822511,0.34264744011052706,520,0.2533333333333333
Python,202107,0.677947453607844,0.7899765896253345,0.049568799047087296,0.5134234730294638,991,0.538461538461539
Ruby,202001,0.29476310909367825,0.7502714547357401,0.08301158301158303,0.5261926740418627,191,0.18750000000000006
Java,202005,0.3798978128398148,0.7292377852694425,0.041108709779156,0.5710274269468829,548,0.6085409252669037
CSS,202302,0.061865293865293866,0.9075757575757577,0.07407407407407407,0.36462076618372025,109,0.15789473684210528
Vue,202003,0.35323015732372465,0.9054254923820141,0.0,0.5023264710683215,188,0.6274509803921567
Go,202203,0.5544347214556178,0.7588427314294148,0.10964048971861474,0.4625517933972199,308,0.5405405405405403
Shell,202103,0.5752550846106056,0.6752136752136751,0.037815126050420166,0.547663698837051,201,0.4651162790697674
Ruby,202307,0.15287856428976587,0.8745916515426496,0.10185185185185186,0.42399178088662254,95,0.16666666666666669
TSQL,202003,0.10769230769230768,0.4166666666666667,0.0,0.8714962181212109,11,
PHP,202210,0.408392724459833,0.7641594516594516,0.020896563753706614,0.44483828414273896,279,0.453125
Vue,201907,0.31731183206593044,0.6101190476190477,0.04444444444444445,0.2464051525373371,92,0.6
Python,202101,0.6362479754855231,0.7306961587798685,0.03758332659987072,0.5101832814868567,1041,0.5555555555555562
Rust,202301,0.2818945514091581,0.6879092760503199,0.08464624919018689,0.45758399589253157,181,0.6164383561643835
reStructuredText,202206,0.0,,,,1,
Jupyter Notebook,202009,0.5499813658272693,0.8213808330349683,0.09221046443268666,0.42810317536476766,170,0.3214285714285714
Ruby,201801,0.6770397800639371,0.7642471907177789,0.08534798534798535,0.5420158908012171,128,0.1258064516129031
PHP,201911,0.4075049423412954,0.7527615985205272,0.04701822758088742,0.5064583592182188,302,0.5624999999999999
Ruby,202506,0.3523179179821302,0.9215686274509803,0.0,0.32253100403507734,98,
Python,202401,0.6150404621503324,0.8091804200769731,0.028706818684888866,0.44610682430985243,1316,0.33400000000000035
Python,202109,0.601892202546379,0.7787851773984071,0.040191020263050624,0.5069450391809731,1128,0.46131805157593103
CSS,202011,0.13280367534538706,0.8,0.0,0.255571214705068,120,0.5
unknown,202011,0.7816055733950752,0.862189297555013,0.033111321452315344,0.3892385833702619,1052,0.3962264150943396
Dart,202109,1.4774704462204464,0.7863768115942029,0.006410256410256411,0.48284040634984393,48,0.6190476190476192
unknown,202310,0.7651534801819225,0.9100738626602292,0.0415952380952381,0.40101336849644237,1077,0.3313432835820897
TypeScript,202412,0.33517767401082105,0.858407189724698,0.05409008901931548,0.4791825533020587,925,0.5993111366245691
PHP,202306,0.6764318397799941,0.8061224489795917,0.010869565217391304,0.4735043721430861,226,0.5409836065573771
Kotlin,202204,20.775406477521855,0.8421368547418968,0.021978021978021976,0.5844545434080246,101,0.5227272727272728
Python,202111,0.6616007249318752,0.7521021588166964,0.04923238866253573,0.5205537147646989,1097,0.5749235474006114
PHP,202310,0.5910762619380141,0.8683574879227053,0.017054263565891476,0.46987836806132344,251,0.45945945945945954
Python,202302,0.5624472930831238,0.7935314980351721,0.04096774329506263,0.4854886738775896,1315,0.47200000000000003
unknown,202211,0.22692330612471828,0.8443321467985192,0.05192222297485457,0.39992955967093724,1658,0.346938775510204
Python,202211,0.46561824852684625,0.7902686366910968,0.03968177324044056,0.5061139915591214,1455,0.3907455012853472
TSQL,202202,0.0,,,,14,
HTML,202304,0.3896988498426322,0.8851691421680227,0.012925170068027212,0.41331423647333865,497,0.3863636363636363
Python,201804,0.7303246389116967,0.6609051420304615,0.06485443063311913,0.44310930733448933,478,0.6134020618556696
Python,202306,0.6952051245863896,0.7800049023618018,0.03663960854662943,0.4473609736309293,1228,0.5017301038062283
Kotlin,202409,8.119875326387126,0.8774815380697731,0.019999999999999997,0.45427495595311407,119,0.39285714285714285
HTML,202302,0.18211905197376935,0.8693342453260372,0.08243145743145742,0.49113831260664986,453,0.39024390243902435
Svelte,202401,0.23739589481277462,0.8696969696969696,0.16666666666666669,0.5505299296244448,19,0.49999999999999994
JavaScript,202401,0.9133783584747911,0.8812306055080004,0.012590462972142363,0.4151488773610123,1049,0.3927576601671311
GDScript,202108,0.0,,,,3,
Java,202402,0.3065418992783083,0.8722363756434388,0.04886211512717537,0.43229570651511845,465,0.3230769230769231
Lua,202302,0.49024902928142655,0.7985347985347985,0.07407407407407407,0.3102763559561009,77,0.5499999999999999
Rust,202503,0.3787225371879802,0.77825693415138,0.06629896907216498,0.5522463918990523,212,
C,202003,0.8116540216838389,0.6930672268907562,0.07870370370370372,0.5705510454949807,183,0.6521739130434783
unknown,202312,0.6692056941738885,0.9040830589739847,0.02869570431174672,0.4015619569941442,982,0.35046728971962615
Python,202504,0.48727657089400483,0.8450659235897706,0.060089186464784554,0.46662747116877334,1347,
HTML,202008,0.23005419354979767,0.8141147284982899,0.026900584795321637,0.44825516097908813,551,0.2777777777777778
Java,202306,0.39914391145048245,0.8542074540215274,0.027602413019079685,0.5124562524266308,458,0.5526315789473687
Python,201906,0.9472572959531558,0.6970123475558255,0.03718739294278861,0.5620568144209698,654,0.546875
Go,201912,0.8846920460473713,0.6973262257836724,0.04366432493701096,0.5953652610416722,195,0.7885714285714286
C++,202208,0.9845305844930008,0.6588928220722501,0.03382570485012427,0.5516989536002161,351,0.6802030456852789
Shell,202504,0.2825553269237676,0.7265910190438493,0.03837535014005602,0.4658748344583718,223,
Shell,202412,0.33706284961111904,0.7211111111111107,0.008333333333333333,0.4359108694126871,244,0.44
Vue,202402,0.5305882688775084,0.8873737373737375,0.0,0.28190234718901286,67,0.0
Java,202406,0.34812556405367084,0.8261994148178604,0.0375,0.4674163987919699,472,0.5083333333333333
JavaScript,202402,0.5712902314031675,0.8688148122402906,0.046789067739771935,0.4792866338513149,1015,0.40199335548172754
unknown,202505,0.55739612443314,0.849462135124393,0.043986568986568976,0.3751557868748459,838,
C,202012,1.2838435377291197,0.697953216374269,0.009671614934772832,0.4958164392864552,207,0.5468750000000001
JavaScript,201904,0.5862653701055204,0.7658793739866697,0.06314315783750615,0.5243003403514921,893,0.5013927576601671
JavaScript,201807,1.0075249053146325,0.6899399165667494,0.03373507902354056,0.5224007469095225,606,0.4509202453987727
TypeScript,202505,0.29780692910920453,0.903718035488444,0.05890031647381832,0.45642442455155396,923,
JavaScript,202506,0.25518843258506774,0.9150496031746029,0.01271525409456444,0.3972182531768699,840,
Dart,202212,0.7884035287412413,0.8044642857142857,0.0,0.5424951124465752,70,0.5833333333333333
Fennel,202503,0.14285714285714285,0.0,0.0,0.0,2,
unknown,202409,0.9890851432195086,0.8851950315766105,0.024851190476190475,0.4217062086535748,963,0.40394088669950734
C++,201810,1.5641845656734545,0.7131247648423463,0.04422823553258336,0.5996289470283608,215,0.6746031746031744
JavaScript,202503,0.5698162643054107,0.9101486081511778,0.04277914277914279,0.3713839622387132,959,
Shell,202112,0.272772341663735,0.7420254981425194,0.036000000000000004,0.4128044826570101,222,0.3653846153846155
Python,202503,0.7383359688140544,0.8292920947587743,0.05219870378098225,0.5455288396946156,1394,
unknown,201908,0.9601689931403344,0.7586505505677693,0.03581027142366572,0.44189856244548487,794,0.32209737827715396
TypeScript,202304,0.36272861195651074,0.8679055684072735,0.07683896192867552,0.42562853805589523,756,0.723384895359418
TypeScript,202001,0.5983440371496087,0.7129503030022748,0.047777326042591335,0.4883692341010539,450,0.7613762486126526
Pascal,202308,0.0,,,,7,0.0
Swift,202308,0.5175579826641241,0.7072829131652661,0.05555555555555556,0.41647195642735496,64,0.41666666666666663
C,202101,1.1833466313798484,0.7909044715447155,0.039462365591397854,0.6001661580608644,227,0.6025641025641025
C++,202306,0.8804939672400742,0.7691784857294902,0.013426987311567249,0.56369835592813,372,0.7238095238095237
Rust,202309,0.6068363358518644,0.6878208477631954,0.07807692307692307,0.47802147442929505,176,0.6111111111111112
Scala,202207,0.9824489795918367,0.884920634920635,0.14285714285714288,0.26945399587717705,42,0.6666666666666666
Dart,202312,0.7293284493284492,0.7731884057971015,0.0,0.4509055596841376,68,0.6545454545454547
Python,202505,0.44425635926299056,0.845464820665147,0.05326799539997512,0.4382422171490056,1340,
C++,202408,0.8209656225478345,0.7745598393823033,0.02280332284515637,0.5098960428699238,354,0.6796116504854373
Python,201811,0.6755567952058028,0.6911664299642984,0.039930851041962145,0.5131627565263128,579,0.5377358490566037
Vim Script,202308,0.5079365079365079,0.5,0.0,0.704192281138455,15,1.0
Swift,202003,1.1496232923786402,0.7111111111111111,0.03571428571428571,0.47240132966837295,53,0.30434782608695654
C++,202108,0.7284358868514167,0.7073619629601999,0.01724475297203464,0.4851197998421049,322,0.6466666666666665
Shell,202006,0.6407939620500473,0.7368804664723032,0.008163265306122448,0.5039338514696718,164,0.5624999999999999
C,202105,0.9647668553475383,0.6137931034482759,0.0,0.5171473489339442,195,0.5686274509803921
Lua,202002,0.29166666666666674,0.6666666666666666,0.0,0.2,33,0.4285714285714286
Python,202408,0.575768298349101,0.8412763980630412,0.039990117833719724,0.49022135787583876,1278,0.37677725118483424
Jupyter Notebook,202405,0.18964820192124582,0.9119918699186992,0.0,0.40369734643314403,223,0.2549019607843137
C++,202503,0.5902024033443821,0.8309734671613906,0.04416983900810811,0.5259822393496504,415,
Java,202109,0.5043476632936156,0.811263005571927,0.011927144535840189,0.45730219219014734,473,0.4339622641509434
Java,202404,0.23898670363990399,0.8810506525105065,0.05037780255171559,0.3461189992635909,488,0.3697478991596639
TypeScript,202405,0.36829310539770654,0.8582439325361464,0.07536096742134475,0.508483390756124,886,0.7254716981132074
C,201912,0.9103100812840548,0.7851107226107226,0.060869565217391314,0.6308149686368352,167,0.6176470588235293
Java,202201,0.36153546326513836,0.7683973787798929,0.053247721270977086,0.4833957207951276,595,0.4771241830065363
C,202503,0.8787995870218671,0.7853060251610978,0.043373192157386685,0.5846995837180009,249,
Batchfile,201912,0.25,1.0,,0.0,4,0.0
JavaScript,202404,0.5902238198687723,0.8885353168843736,0.026911421911421908,0.5308982239020912,989,0.371794871794872
HTML,201903,0.24100377714544535,0.864579640789318,0.0625,0.4476100927912641,281,0.2616822429906543
Dart,202504,0.8641404076887946,0.976190476190476,0.0022988505747126436,0.7060098236065822,55,
Java,202208,0.4154333228063198,0.8586429931190244,0.024840070777187962,0.5256600989609296,504,0.5298013245033113
Swift,202407,0.5489941812432481,0.764849190664408,0.07499999999999998,0.6052684982175126,62,0.5
Jupyter Notebook,202305,0.5830312230114147,0.8337019230769233,0.06944444444444445,0.5100538449919743,200,0.36666666666666675
Java,201905,0.701367980997495,0.7420985422405878,0.028913737183963662,0.4441263181791927,396,0.595959595959596
Makefile,202410,0.026399101307189542,0.9427083333333333,0.0,0.0,20,0.0
C++,202202,0.7649856712761202,0.6247553353264941,0.06868034403820802,0.4886357096348161,323,0.6809815950920248
Go,201810,0.4642643206873102,0.6035499989351734,0.07805414829408638,0.5895356967811327,163,0.6666666666666669
TypeScript,202411,0.33224663631069346,0.8812836063765549,0.05377483950563222,0.46241597247428406,897,0.5750551876379695
Lua,202202,0.07313270892218261,0.5,0.16666666666666669,0.3105200947611052,52,0.4444444444444444
JavaScript,201903,0.5953077276268499,0.7230981308254039,0.028601420654400796,0.5657297255694377,819,0.4849397590361449
C,202108,0.8341917905085894,0.5646258503401361,0.004115226337448559,0.5305476812994325,191,0.8292682926829269
Go,202007,0.6114536943189697,0.662586204746291,0.047356645023579856,0.5478175857771292,238,0.6598639455782315
GLSL,202404,0.8505291005291005,0.875,0.0,0.8689878830973493,7,0.75
Vim Script,202309,0.5666666666666667,0.75,0.0,0.8721409078457732,14,1.0
Shell,202104,0.2333186506324197,0.7605942205942207,0.043010752688172046,0.5907795932276851,210,0.3953488372093023
Jupyter Notebook,202503,0.19965339310755476,0.871978021978022,0.0,0.45382376076510667,239,
TypeScript,202506,0.23969822861728407,0.8966478632169709,0.05705213343676362,0.43035756229846,862,
C,202111,0.7031045348832666,0.682767857142857,0.027807486631016034,0.5161739231355801,217,0.6034482758620691
JavaScript,202502,0.6234683731469146,0.8725309872605196,0.02992014458033876,0.4836991923862608,920,
Jupyter Notebook,202211,0.2014869514962967,0.9135443307757886,0.009523809523809523,0.39966828646855795,229,0.36
Emacs Lisp,202312,0.7333333333333333,0.0,0.0,0.520193641320396,19,0.6
Python,202104,0.85969531485269,0.7094009367265194,0.04684442180912765,0.5131446246919754,1129,0.5643274853801169
PHP,201909,0.750677546794738,0.7121369927281258,0.04471246400658166,0.5127777368617082,252,0.652173913043478
Jupyter Notebook,202302,0.3333351003429992,0.7656075808249722,0.008928571428571428,0.43230945443467694,195,0.48717948717948717
Python,202311,0.565780366815058,0.827601259999496,0.04710678210678209,0.4877939283443338,1284,0.4374999999999999
Shell,202102,0.3797258214725614,0.7920634920634921,0.03333333333333335,0.48035881708357986,197,0.4
unknown,202405,0.6296909435349004,0.9045277132891458,0.07020667241255478,0.39689999606910387,1055,0.3052631578947368
PHP,201808,0.6246155507720937,0.7269132610309083,0.06844789197730376,0.5289849969550909,212,0.6835443037974682
C#,202109,0.6122364475858326,0.8152369852369853,0.03058165920478704,0.624013667613835,257,0.654320987654321
C++,202006,0.8661916602914357,0.6895498846391703,0.04560282204939811,0.635544320270638,315,0.8010752688172046
Rust,202308,0.4342496885150081,0.8368634733868341,0.08999489087831139,0.5487864180262423,162,0.7157894736842103
CSS,201805,0.26543345543345553,0.7647058823529411,0.0,0.3301056216060743,66,0.2222222222222222
Go,201901,1.1609363705474172,0.6632009738627384,0.08039385275410123,0.5725300440051803,155,0.6779661016949156
Java,202311,0.4238955155754004,0.7950544055854182,0.042100909842845334,0.5601849497666466,488,0.4416666666666666
Dockerfile,202105,0.31001497821350754,0.727891156462585,0.06349206349206349,0.6799703435854255,33,0.375
PHP,202311,0.539399264717302,0.8330882352941175,0.0151846452866861,0.4097570453551502,244,0.45762711864406774
unknown,201902,1.0521777854224188,0.755200694200307,0.04009086726478031,0.4863548473396708,595,0.4112903225806452
MDX,202407,2.8243843057951192,0.8189981858496271,0.04166666666666667,0.6254612185980293,22,0.625
JavaScript,202411,0.5626470907556022,0.8975469440293004,0.028805237315875608,0.48527452770081153,894,0.4806629834254144
Shell,201909,0.4659875587315795,0.6746677299308879,0.125,0.489430353805166,130,0.5
C#,202101,2.0188493136421575,0.8138896265551688,0.04526197649004666,0.5526439294713573,265,0.6785714285714286
Shell,202004,0.6647524515258907,0.6075880758807588,0.0,0.6014939677100065,179,0.7045454545454547
C#,201803,0.6282318931752129,0.8163143130815543,0.02361111111111111,0.47308904329272455,169,0.6458333333333333
Dart,202408,1.0067024425842035,0.7792397660818715,0.03571428571428572,0.6168374859321266,71,0.6538461538461536
WebAssembly,202208,1.0,,,0.0,1,
Python,202307,0.670820172498248,0.7907991330009826,0.0569875749041755,0.5194399200101757,1239,0.42260442260442244
Java,202101,0.43587269349001884,0.8452226522037201,0.018459729570840692,0.51144495936276,528,0.4730538922155687
Python,201903,0.7825740086092607,0.6705327583925832,0.046385781898966486,0.48952668299699,636,0.6146788990825687
Python,202406,0.9599194601934455,0.7893007191801055,0.04013181940011207,0.49810824676172855,1298,0.44047619047619035
Jupyter Notebook,202109,0.2525271478627562,0.8817637631975866,0.2240740740740741,0.5811369637884684,178,0.25
HTML,202001,0.2343945948938694,0.8152356902356902,0.033138401559454196,0.5157842436413234,383,0.2612612612612614
Java,202309,0.40873261885652645,0.8466678799965048,0.043640350877192965,0.4291945830882983,442,0.4396551724137932
Python,201802,0.8588794480723301,0.5935505169481458,0.07809173200739462,0.5363852861878816,436,0.5789473684210529
Python,202409,0.6607404115148863,0.8289866561048376,0.033072215422276625,0.5009688385689622,1310,0.5391304347826088
HCL,201812,0.5,1.0,0.0,0.0,7,0.0
R,201911,0.9219303772811502,0.9083333333333333,0.15151515151515155,0.5448693605313697,32,0.6666666666666666
C++,201906,0.9866556214019833,0.6872271532579975,0.02789210220509708,0.5215868901615558,262,0.7007299270072992
C,202410,1.247282276383448,0.6617107701666525,0.010000000000000005,0.6277774433291579,238,0.48333333333333345
C,202104,0.9395877864675818,0.5500000000000003,0.04054054054054055,0.594856948331158,197,0.5882352941176471
Python,202210,0.8020441307243504,0.7815939433725445,0.040824232880307655,0.5076977411932813,1244,0.41895261845386517
unknown,202402,0.4964544245714337,0.8890790217233819,0.05048732943469788,0.47730362659666714,978,0.3089005235602094
unknown,202410,1.0020197650816547,0.8543799619542342,0.03851540616246497,0.3987459323544757,974,0.43913043478260855
Vue,202411,0.881619640975992,0.8322087269455689,0.04938271604938271,0.5578867625834705,89,0.375
Python,202502,0.5300518310699341,0.8211889520519013,0.04156705265838395,0.4724516896391803,1295,
Go,202307,0.6080153665910826,0.7905645440922693,0.037941902604487154,0.5432286129789987,323,0.5354330708661414
C#,202501,0.557248849961958,0.8772040612793572,0.019154375763449326,0.48276303324459097,294,
JavaScript,202407,0.38651021051779305,0.9049772886360326,0.04223588342440799,0.42330107626911473,1007,0.3035714285714286
CSS,202405,0.08420795222687565,0.9798908199643495,0.0,0.47418544616008274,96,0.22222222222222227
Java,202308,0.6828559065987982,0.7989958020371387,0.030625098409699257,0.5199815746289687,442,0.46601941747572817
Dart,202010,0.5069172913238169,0.6863636363636364,0.0,0.46104206765633127,43,0.6666666666666667
C#,202301,0.5382992899486084,0.8625362572332269,0.013386074841600447,0.46794389766593525,321,0.6422018348623854
Ruby,202302,0.2671606766532986,0.712055417700579,0.055016722408026755,0.546282900153956,115,0.36666666666666664
Rust,202401,0.5212834178658887,0.6997527581510122,0.07537503147259247,0.5341052253026233,195,0.5151515151515151
Rust,202501,0.4152985730469657,0.7491877813047169,0.07261528326745718,0.46830257215712556,206,
Processing,202403,,,,,2,
unknown,202506,0.3708538624498659,0.8827561327561328,0.025159642401021715,0.3864924916745462,781,
unknown,202305,0.6426103763599322,0.9161270136811932,0.040972222222222236,0.34850211189302055,1023,0.3703703703703704
C,202208,1.2786837306363428,0.6907979797979799,0.07491289198606273,0.6568688530591695,219,0.6172839506172839
CSS,202410,0.1255437665782493,0.99616368286445,0.0,0.3601571123561255,88,0.11764705882352941
unknown,202406,0.5683898712635894,0.8993136440454543,0.05932443449543312,0.3808401689004012,985,0.2955665024630542
C,201910,0.883904462482249,0.6434782608695652,0.017241379310344827,0.4725433006742141,181,0.5555555555555555
Ruby,202112,0.32449689565125966,0.7436728395061728,0.08359438449936187,0.5821263732139688,132,0.6
C++,202405,0.7560378783741051,0.7206918407097536,0.07281163899881486,0.5759830723053365,390,0.6297872340425531
unknown,202502,0.9242564267404239,0.8206965691906714,0.031155881155881155,0.4277790160660197,914,
Shell,201908,0.8172810354628539,0.6468005952380955,0.08333333333333334,0.5003051477458477,121,0.5172413793103449
CoffeeScript,201806,0.3169191919191919,0.888888888888889,0.35555555555555557,0.4287258803709013,11,0.5
Lua,202402,0.4650391186845423,0.7490601503759399,0.0,0.4284199834949112,82,0.5263157894736842
Python,202303,0.6612121079535509,0.8004928454855571,0.052168007157458944,0.4799369764707774,1344,0.4585152838427946
OCaml,202010,0.3978217275052313,0.14666666666666667,0.2078853046594982,0.27502417940297924,10,0.5714285714285714
JavaScript,202102,0.48674042281883195,0.8278543404041602,0.04742119104467282,0.5069978003738933,1059,0.3895705521472394
C++,202501,1.1313287563848697,0.7144181705597117,0.04148448960393608,0.5691959464528538,371,
Go,201902,0.8469311326435451,0.6000543884220356,0.05120488243685718,0.5527273435744308,164,0.6969696969696968
C#,202012,0.4354958305414073,0.7536479187509463,0.03861438264569379,0.5647457192741805,260,0.6105263157894735
Emacs Lisp,202203,0.8933333333333335,0.5,0.0,0.47364153487135663,20,0.5714285714285715
JavaScript,202309,1.0618916875633257,0.8831393989075703,0.035963975155279486,0.49016957123876986,915,0.4638157894736841
Go,202308,0.9366934400244489,0.727690386138942,0.037058823529411755,0.43825996583763255,335,0.5634920634920635
R,202403,0.936555320857926,0.9807692307692307,0.045,0.3855392885525767,74,0.75
Java,202001,0.39054510629450184,0.7796177980474758,0.012456622325043382,0.5135107030987867,480,0.5030674846625767
C,202001,1.1557038367209327,0.7847222222222224,0.033854166666666664,0.5003012832957325,189,0.6133333333333333
Go,202407,1.2694258630994817,0.7856971930144417,0.043638973483264135,0.5427811359871283,339,0.4765624999999999
Swift,202404,0.6994350696526148,0.7858044733044731,0.06666666666666667,0.4781536984328741,66,0.5217391304347826
Python,202407,0.4683754841061207,0.8050533190711158,0.03105155896418492,0.4594928617795382,1350,0.5481927710843376
Shell,202311,0.3559996205434378,0.7664236706689534,0.008585858585858586,0.453523292053802,228,0.4262295081967213
JavaScript,202409,0.4821189226106634,0.9012852729054728,0.03324753324753324,0.4428073748642283,1012,0.37583892617449643
JavaScript,201812,0.6631314645208972,0.7529665910745115,0.037047956560151675,0.5269440738316691,636,0.5263157894736843
C#,202103,0.4042966999728026,0.8293250238957309,0.03427910482657899,0.4939005245971355,279,0.525925925925926
Java,202506,0.3149618346533704,0.8796547961226096,0.02628205128205128,0.4344368365575563,424,
C#,202207,0.5592454077191972,0.8157567671877496,0.0415443767358952,0.5280913316054454,272,0.6338028169014084
PHP,202504,0.36977221153473266,0.805680473372781,0.005698005698005697,0.4058438267387556,195,
TeX,202404,0.14285714285714288,1.0,0.0,0.0,24,0.0
R,202402,0.6318260252819077,0.9038461538461539,0.09090909090909091,0.5120786179800365,75,0.5294117647058824
Rust,202004,0.40437613766641006,0.5383749778486621,0.08394069823051173,0.5017042010894486,67,0.7631578947368423
Jupyter Notebook,202407,0.6909325703448459,0.876134734830387,0.027417027417027423,0.4496185985300679,205,0.2962962962962962
Go,202410,1.6179352075890734,0.7557621671566596,0.011268725476505358,0.5019922540935758,338,0.5365853658536585
Jupyter Notebook,201912,0.17879273428866763,0.9411764705882353,0.06666666666666667,0.41825233564461495,119,0.5357142857142856
Julia,202309,0.29355579185883357,0.6801948051948051,0.2537878787878788,0.7525999845134431,27,1.0
C#,202409,0.7198120622878311,0.8396002641900475,0.01357427384887339,0.5540475187052769,291,0.4842105263157893
MATLAB,202311,0.2121212121212121,0.6296296296296297,0.0,0.4402410118609203,32,0.6666666666666667
TypeScript,202406,0.29559667215577357,0.9031090883207396,0.07670469485365757,0.46876424599018396,889,0.44335511982570786
unknown,201811,1.520776705161833,0.7786813803833257,0.0444975899521354,0.4476311900942009,562,0.5149253731343286
JavaScript,202304,1.4335177456167219,0.8411074690452247,0.05234304263229883,0.4876514745442258,1036,0.4603174603174601
Jupyter Notebook,202108,0.3750032909715608,0.9166666666666666,0.006578947368421052,0.41568345027810993,191,0.3714285714285715
C++,201904,1.1836723680566354,0.6105135428101934,0.05542408507300393,0.6629519732793606,260,0.7517730496453902
Python,202412,0.6363762384022951,0.8080071302380966,0.029868289498690328,0.47060590106192146,1348,0.506289308176101
Blade,202305,0.0,1.0,,,7,
JavaScript,202310,0.43244209658164706,0.8834824156610623,0.030101689135881692,0.43360651264070754,1052,0.38826815642458085
Perl,201807,0.2545454545454545,0.16666666666666669,0.0,0.6394319446848298,19,1.0
TypeScript,202305,0.46511579008659965,0.8496773368608761,0.06624251125429151,0.44196592965878007,762,0.71461361897475
Python,202312,0.5933035437223328,0.8237219846663201,0.03492940753187959,0.4418254590787101,1271,0.4450549450549451
C#,201908,0.5820414861777721,0.7642016567790968,0.07470961488952493,0.5269805003960295,216,0.6354166666666667
Go,202403,1.2610192529654907,0.750223122337008,0.04090199711075895,0.5187825106244526,348,0.49999999999999994
C#,202011,0.5275668724004765,0.8191205601653475,0.04906144938328024,0.479775135000044,252,0.7075471698113207
Swift,202301,0.3951796423654415,0.8400537634408601,0.0,0.44336392457295115,73,0.5555555555555556
HTML,201909,0.13936806530604048,0.8093980004025072,0.037642045454545456,0.3251258103440217,330,0.3766233766233766
TypeScript,202501,0.3457764710344213,0.8759206584142696,0.05511353545285837,0.5127869306712751,938,
Java,202412,0.3237513075170219,0.862006251442871,0.046203658734013275,0.44362439153652256,449,0.3858267716535432
Go,202306,1.150951196032376,0.7476274705686469,0.052425440371111,0.5308064405521532,311,0.6046511627906976
C,202209,1.2056778776750412,0.6686940836940838,0.08324856961220597,0.5398653295624258,222,0.73015873015873
C#,201804,0.4584120266637419,0.8610449735449736,0.01488095238095238,0.4590541405342413,170,0.6944444444444446
Cuda,202402,,,,,1,
Go,202002,0.7993539683894876,0.709268059135166,0.012208938896702609,0.5192030338692198,191,0.6408450704225349
Go,201910,0.7461663183837148,0.6311775093593277,0.037375183073742074,0.6599906571607449,197,0.6894736842105263
Python,202001,0.5679540988127363,0.7099309958543168,0.030200366168745614,0.4740056318486743,757,0.5137254901960783
unknown,202308,0.883694100776729,0.8930846486402042,0.028421900161030585,0.46454171695776364,1006,0.34545454545454546
MATLAB,202303,0.4393939393939394,0.6666666666666667,0.0,0.25,26,0.0
Scala,202410,0.6356131170416884,0.9222222222222222,0.25,0.2752687356072863,30,0.5
TypeScript,201812,0.4267323849017598,0.7046858269935194,0.025507391929157897,0.4757302763500649,232,0.6874154262516914
Go,202011,0.5758299343617526,0.7798136717188597,0.010891131815044863,0.614865060774608,228,0.6753246753246752
C++,202307,0.8511479378669758,0.7184562329205185,0.035220446217538795,0.5751985485565982,351,0.72636815920398
MATLAB,201906,0.3111111111111111,0.3333333333333333,0.0,0.5759315225529118,22,1.0
TypeScript,201806,0.4584771966956036,0.6690901218648166,0.08824997580904674,0.4960540052179038,206,0.78855975485189
Go,202310,1.102610741348275,0.7104725237296918,0.03375527718481361,0.49683738444958636,334,0.5743243243243242
Java,202009,0.34610436059029637,0.7340813124947413,0.04520456069751845,0.5092109330438392,532,0.46616541353383456
C,202005,0.930708769846238,0.5344827586206896,0.015273951637587995,0.5052030894603831,189,0.5846153846153848
Swift,202202,1.5126789947842583,0.7591071428571428,0.10185185185185187,0.6537441584361463,66,0.5882352941176471
Java,202008,0.5360940788163538,0.7865345081756487,0.06672932330827067,0.5101368370790903,478,0.4274809160305343
Python,202404,0.7250398488893749,0.8421336836734841,0.046216192753588875,0.45831623045787584,1370,0.3581314878892731
PowerShell,202205,0.16346153846153844,,0.0,0.0,27,0.0
Java,202002,0.46099205496634327,0.6558257229256261,0.03873985553733612,0.5875545868443387,447,0.5436241610738253
Rust,201904,0.3693394789596882,0.35512820512820514,0.07753623188405798,0.6425055848286744,48,0.8529411764705881
C++,202402,0.7365795652364698,0.7093201898293083,0.059309279461300775,0.533425567086128,381,0.7383177570093459
Java,202411,0.26526346970570164,0.8444130075513155,0.04562962962962964,0.4668556543403045,471,0.42399999999999993
C,202504,0.5427811807348318,0.7632667169431875,0.027078565980167807,0.5006408053346533,234,
Python,202112,0.5326742571129373,0.7740565027557438,0.026150496916243243,0.47117245316108636,1091,0.5181159420289855
F#,202407,1.3148148148148147,0.0,0.0,0.19722425952744246,5,1.0
GDScript,202306,0.16666666666666666,1.0,0.0,0.0,7,0.0
HTML,202312,0.1432609675338457,0.9479166666666667,0.0787037037037037,0.34421916352290094,363,0.2142857142857143
Rust,202104,0.9064015134944292,0.777230971128609,0.06813253534565009,0.5168621991161801,101,0.4736842105263157
C#,202112,0.354157440536726,0.7445871274319551,0.04258076352826525,0.45901126771206324,254,0.5959595959595961
Python,202309,0.5358922765570401,0.7726910774779118,0.04219532851674704,0.46002138748706367,1231,0.451104100946372
C++,201910,1.0770864337121,0.6616056711678945,0.05679450667453911,0.5482779505388622,281,0.33333333333333326
PLSQL,202208,,,,,1,
C,201902,0.6732923265312559,0.6247294372294373,0.09090909090909093,0.45047869973668725,151,0.7249999999999999
PHP,202408,0.5040358768860154,0.7370000000000001,0.0,0.44568752327390687,198,0.6486486486486485
Python,202103,0.4560355685998868,0.7393998579192458,0.048961041283858815,0.5260291291574221,1332,0.6042944785276074
Shell,202211,0.22612494560086888,0.6611273080660832,0.01,0.3458047847193611,264,0.42105263157894746
Java,202011,0.4502379279593323,0.7481199523814999,0.053730226624613214,0.5194290214683489,466,0.5735294117647058
Swift,202104,0.6937270952804128,0.9214285714285714,0.04513888888888888,0.5152666565499262,69,0.3333333333333333
DM,202103,0.0,1.0,,,4,
HTML,202409,0.18628797723112803,0.9179235466116269,0.0825617283950617,0.39844141786236686,408,0.26388888888888895
unknown,201807,1.7316646562714937,0.7476156331382373,0.048172852859905746,0.4973067185665535,484,0.5243902439024387
Jinja,202503,0.1968409586056645,0.8872727272727273,0.0,0.9980100704923188,16,
C,202112,1.180269698276374,0.5765016233766235,0.007936507936507938,0.5575572555467158,196,0.7142857142857144
Lua,202008,0.14322087269455688,0.6676470588235295,0.125,0.5339759857527774,37,0.5714285714285714
JavaScript,202505,0.42077401684897303,0.8945041778850097,0.03177387914230019,0.42845671889926357,847,
C++,202309,0.6957521740179895,0.7171318448422009,0.04846684087505248,0.5208490208752777,371,0.6909090909090909
JavaScript,201902,0.7291296012658253,0.7256159688956582,0.02532388345905242,0.514242824677455,742,0.5370370370370366
C#,202402,0.996424166946082,0.8286646886133407,0.010252801385806311,0.4442352605430683,266,0.586206896551724
Jupyter Notebook,202410,0.3787886956139395,0.8444444444444446,0.012345679012345678,0.5499955775350501,212,0.391304347826087
Smarty,202305,0.0,,,,2,
unknown,202407,0.6013015452102725,0.8818565318565319,0.028792569659442723,0.3428912378431298,983,0.2982456140350877
C#,202007,0.5798561541354873,0.7718599136723796,0.037958773252890904,0.5396158359951224,276,0.6666666666666667
C#,201806,1.0236675723225885,0.8033888888888889,0.04104340913803829,0.5141482393122057,182,0.6153846153846153
XSLT,201804,0.43888888888888883,1.0,0.0,0.948180415486238,6,0.33333333333333337
Python,202310,0.6745986880367104,0.8037770388371155,0.03413050986917503,0.48382890803936573,1325,0.30922242314647364
C++,202403,0.8099466545707045,0.7025532994262577,0.06147934454831006,0.5164414876274045,398,0.712446351931331
HTML,202106,0.14227209185629588,0.829044289044289,0.05616605616605616,0.3354922369614319,570,0.23595505617977525
BitBake,202408,0.0,,,,2,
Lua,201911,0.522308714638314,0.5,0.0,0.8060986113514964,30,0.75
Ruby,201810,0.46591901937448005,0.7035422910422913,0.019444444444444448,0.47388916208296095,140,0.10059171597633144
Jupyter Notebook,202112,0.3816502442727932,0.839258780435251,0.028571428571428574,0.3066123214902943,186,0.4090909090909091
Vue,202306,0.3948409558474442,0.9421052631578948,0.0,0.6060469733164319,90,0.11764705882352944
Python,202208,0.6010954674784689,0.7981518223910098,0.03683187560738581,0.5149320665032623,1179,0.5033112582781456
unknown,201907,1.0353262487738626,0.8126717958225189,0.03178210678210678,0.3829305999082493,810,0.41886792452830196
Rust,201907,0.8788201636745874,0.6209837781266352,0.04699792960662526,0.6052314654480608,52,0.625
Python,202411,0.5341011575126151,0.8186596091320456,0.07604110534426203,0.4760310386486098,1359,0.4668508287292815
Go,202312,1.3931618617642543,0.7134161177945764,0.02616381203337726,0.47903477014643453,339,0.6363636363636362
CSS,202307,0.11190551202863103,0.9683333333333334,0.0,0.4118369889388595,113,0.0909090909090909
Jupyter Notebook,202307,0.11535378769256334,0.8752604166666667,0.2142857142857143,0.4646186707952386,189,0.31578947368421045
PHP,201906,0.4318630985314901,0.7618576154843079,0.020865800865800862,0.5154082679720714,267,0.46153846153846145
C++,202207,1.1583205609562295,0.6357629323538417,0.0766245227577625,0.5819088479282033,348,0.7486910994764401
OCaml,202003,0.36214154169955276,0.3,0.0,0.7823654407015157,8,1.0
Swift,202006,1.1866693350727389,0.7056818181818182,0.0,0.5784258601800295,47,0.42105263157894735
Java,202108,0.42166208747622264,0.810262513246247,0.011674641733686287,0.3501488996758467,552,0.515625
C#,201907,0.7428916822944847,0.7289716377951672,0.0311197649791624,0.5738098449643503,192,0.6422018348623851
C++,202302,0.6712147149011048,0.6554745804504338,0.04414128445129771,0.5676519165523031,371,0.7309417040358747
Go,202210,0.724040031861494,0.7506138805322868,0.04208393661518661,0.452426969265407,353,0.5847457627118641
Go,202112,0.7709829594299672,0.7259914965801277,0.03142256691639407,0.5714365071188849,261,0.6812500000000001
TypeScript,202404,0.28488281592381354,0.8602185233808604,0.042579965666507937,0.4770746606190151,901,0.7134935304990758
PHP,202002,0.6611767314064941,0.7205241264811576,0.07379887627565647,0.5340621134670497,284,0.5333333333333333
JavaScript,201803,1.1169631652071217,0.677387757548241,0.06346603613349568,0.53845779439589,599,0.5372460496613994
CSS,202408,0.08757062146892654,1.0,0.0,0.13161501369047457,83,0.26666666666666666
Pawn,202203,,,,,2,
Rust,202101,0.26942710749439786,0.5253790191290192,0.08075411490045636,0.46025110689941995,88,0.5531914893617023
C#,202406,0.38890226072088974,0.807427954559102,0.059133767467100806,0.4436950526745416,275,0.3218390804597701
Java,201810,0.45411754308425234,0.7775474172925203,0.06873926045331703,0.5810408574208161,392,0.5093457943925234
Java,202405,0.20979654164402867,0.8955140904293449,0.028048696609120297,0.45707633695857625,482,0.4018691588785047
Jupyter Notebook,202402,0.3322738428454459,0.8873626373626373,0.0,0.34252665587545866,219,0.35
C,202306,1.2561417119583713,0.7950166112956814,0.015555555555555553,0.48820268009536627,239,0.5499999999999999
Elixir,202409,0.7832218105402866,0.75,0.0,0.13626362229406686,18,0.0
Java,202410,0.291595705015131,0.8244077444797605,0.029456356941737063,0.48079602790609277,467,0.4841269841269842
Go,201904,0.7895710361287789,0.6331362341817627,0.04798205832040418,0.5449520664043517,174,0.7579617834394907
OCaml,202505,0.06707317073170732,0.75,0.0,0.9202359289475055,9,
Python,201902,0.8879352308484252,0.6697225243891912,0.05291897903942722,0.5441518745440419,580,0.5097087378640778
Python,201901,0.8216780316174916,0.6843529012341362,0.024473443223443237,0.5491441104662352,600,0.5741626794258372
Python,201909,0.6445568976539865,0.6883293691265937,0.039312445408270835,0.5513998823336191,667,0.4977375565610859
VBScript,202106,1.0,,,0.0,2,
Shell,201906,1.0367033182582959,0.7532467532467533,0.04885057471264368,0.49228411909164477,131,0.37837837837837834
Python,202301,0.6377016422576204,0.7858659254530699,0.044615774528165036,0.47912648683797393,1251,0.3770883054892602
C++,202012,1.022486064227476,0.6382674946203772,0.02301929275613487,0.4710688173112181,345,0.7564766839378239
PHP,201907,0.5436563164405587,0.6719251119251118,0.034571948998178496,0.4797511440276647,264,0.5697674418604652
Swift,202204,0.3906655406575476,0.7392702535559679,0.0671957671957672,0.5410723589501745,71,0.8124999999999999
MDX,202406,0.17343093738067963,0.9383490073145246,0.0,0.8407089529767986,21,0.1875
Scala,202103,0.31079633622419284,0.7919799498746867,0.15,0.4225990797905562,46,0.5384615384615384
Python,202410,0.4654844674665885,0.8040387577080381,0.0536481154947442,0.47217140145056896,1364,0.5285285285285285
Haskell,202209,0.13296703296703297,0.0,0.5,0.3986874053198465,11,1.0
C++,202212,0.7477549470674512,0.7116100218421675,0.03775321037505912,0.5841151384052664,353,0.6650246305418719
Swift,202501,0.4678345820251739,0.7537202380952381,0.0,0.5445180336569443,66,
unknown,202102,1.0801987073568604,0.8195792017823013,0.030810556545850663,0.3603661826601314,978,0.5335463258785946
Lua,202101,0.7355377654020189,0.25,0.08333333333333333,0.536827346314491,37,0.8333333333333334
C,201810,0.7949034733977363,0.6882056837007775,0.041025641025641026,0.5741890438253909,169,0.32673267326732663
Rust,202202,0.38930320292058623,0.7778826112159446,0.1144927536231884,0.5234715547699998,126,0.5454545454545455
C,202106,0.7027301713550325,0.6111458716721875,0.10344827586206898,0.5965370645057221,206,0.7317073170731705
Groovy,202504,0.25,1.0,0.0,0.0,5,
Python,202405,0.6912471504882018,0.8170437349266818,0.045847807007390495,0.4797503177109073,1315,0.3801801801801802
unknown,201911,0.7357812321477026,0.7924196805820336,0.0694310315031869,0.48677637773161114,1020,0.3333333333333335
C,202008,0.4758536145547976,0.6369731800766283,0.02843137254901961,0.36285697355462837,185,0.7173913043478263
Python,202003,0.6537182090365893,0.7030215779448912,0.05196908186539525,0.5768401764682941,865,0.6510067114093957
TypeScript,202408,0.35105492261313204,0.8423082409549901,0.03738548613074711,0.5187543803314638,883,0.579574468085106
D,202011,,,,,2,
Python,202008,0.7779450785253276,0.7187280298418547,0.04842328565154651,0.47819476497742675,877,0.5879999999999996
HCL,202207,0.5398360733182161,0.6901515151515152,0.008547008547008546,0.45405563957746004,36,0.5652173913043478
XSLT,201902,0.5142857142857142,0.49206349206349204,0.33333333333333337,0.7059785879798465,7,0.5
CSS,202312,0.026167582417582415,0.8823529411764703,0.0,0.0,77,0.4444444444444444
C#,202309,0.5602153200934955,0.883394920282485,0.010032865308736144,0.40483622703868927,262,0.4380165289256198
Lua,202312,0.443302482127237,0.8541666666666666,0.11111111111111113,0.4081439165027616,70,0.625
Dockerfile,202203,0.2020687645687646,0.8522727272727273,0.0,0.3146699556537894,35,0.16666666666666666
Objective-C,201910,0.9461451247165533,0.9696969696969697,0.0,0.39849531064416244,37,0.6
Shell,201903,0.40194605073938416,0.687498375568551,0.026666666666666672,0.46080878717556584,145,0.5227272727272727
PHP,202010,0.6882009337385331,0.7079854836199713,0.07730690362269312,0.5887322049846321,256,0.36942675159235666
KiCad Layout,201902,,,,,1,
HTML,202208,0.11728867329114441,0.9017984491010502,0.09948979591836736,0.46961915689882977,393,0.2613636363636364
unknown,202408,0.6872006745991681,0.9125471401532782,0.07888624068399348,0.44502618531815485,931,0.36075949367088606
Java,201812,0.5970600135310126,0.7485178861955346,0.03183906289788644,0.42264047341152655,359,0.4791666666666667
Java,202304,0.344710187257532,0.8540601838750331,0.05165097223920754,0.45723390627267635,507,0.37681159420289856
TeX,202108,0.0,1.0,,,19,0.0
Lua,202207,0.2274074958857567,0.5492063492063493,0.0,0.38835097395640283,63,0.6153846153846153
Go,202309,1.080429411477386,0.7341818053322985,0.020738765878084757,0.48758250992822844,319,0.6194029850746265
Go,201906,0.846523808977806,0.6704943244756733,0.08040939412754068,0.6857184938059375,174,0.736111111111111
MATLAB,202008,0.5076923076923078,1.0,0.0,1.0,20,0.0
Solidity,202412,0.0,0.5,,,7,0.0
unknown,202205,0.35730717514315496,0.8325103128369957,0.04560275391072712,0.3973089196550455,1179,0.3469387755102039
C,202311,0.8113347566363224,0.7258684405025868,0.0,0.5916063369796074,247,0.5730337078651685
Python,202402,0.7223102917220544,0.8010501962424407,0.033024700217706454,0.5128121276049334,1252,0.3224568138195778
Makefile,202107,1.7777777777777781,0.8125,0.0,0.6086458560538694,14,0.33333333333333337
SCSS,202311,0.12896825396825395,0.8999999999999999,0.0,0.0,30,0.33333333333333337
C++,202409,0.7296730540163652,0.7253419303832415,0.030283133533133534,0.5498219920224021,394,0.7486338797814212
Racket,202212,,,,,1,
HTML,202408,0.19313255232892054,0.9141846551863532,0.044735541275333655,0.38326007173943377,379,0.29850746268656725
C++,202505,0.8387193525830939,0.705198748182129,0.06511720620666905,0.5471923934262983,376,
Verilog,202311,0.0,1.0,,,11,0.0
Liquid,202503,0.2,1.0,,0.0,7,
Nix,202502,0.13015873015873017,0.8571428571428572,0.0,0.4451597655573916,19,
Java,201901,0.5755737054375,0.7872392384226974,0.023089016903895795,0.4412320771308197,393,0.4294871794871796
C,201901,0.9651390533769796,0.5959183673469388,0.048041701887855726,0.7386576133262548,161,0.6578947368421051
HTML,202405,0.14242855182580946,0.8723429106610999,0.07355984555984553,0.37466807708702843,434,0.5919117647058825
Ruby,202412,0.2212589211482901,0.8330917874396133,0.04444444444444444,0.42299261791888876,121,0.2857142857142857
Kotlin,202004,0.6709884429105009,0.8613053613053613,0.09999999999999999,0.6726019743464924,58,0.6875
Go,202411,1.5556014394119098,0.7677453905585424,0.029066304066304068,0.4670230409445589,323,0.552941176470588
C++,201806,1.213261001056308,0.6545839547392848,0.08191456230908384,0.5347614615231363,217,0.6771653543307087
unknown,202401,0.5041989826651256,0.9010509215341147,0.045202898550724645,0.4152760670772882,1019,0.31753554502369685
Java,201909,0.5983608054895572,0.7441966413347928,0.044219036324299486,0.5383696508170535,452,0.4649681528662418
PHP,202409,0.6730109421807983,0.7181938431938429,0.039166666666666676,0.5353933201137703,201,0.5111111111111112
Dart,202506,0.3501278082083034,0.861111111111111,0.0,0.4460990377744458,58,
Java,202003,0.3223570215180267,0.7694436270037316,0.01635697626029479,0.4382367438313109,526,0.4716981132075471
Shell,201808,0.7544037588566934,0.5979166666666667,0.0,0.36646035513687486,122,0.37999999999999995
Kotlin,202102,0.41860481494611557,0.6394044574351481,0.10416666666666669,0.5906243589985785,73,0.7000000000000001
Groovy,202411,0.08571428571428573,1.0,0.0,0.9182958340544894,9,0.0
JavaScript,202001,0.5296006476267745,0.7778023025548373,0.03836959105021515,0.48180988179100764,1149,0.4931506849315068
Shell,202505,0.32276009024118896,0.6946219155521483,0.0329004329004329,0.5514181701078544,241,
Swift,202409,0.4281935139166178,0.9685185185185186,0.05555555555555556,0.3806787946994206,73,0.0
Shell,202401,0.2720318700038216,0.7891981034838178,0.028735632183908053,0.5507145321123801,221,0.46428571428571425
JavaScript,202408,0.40985589006275586,0.9104701857894266,0.03289975223937488,0.39767185920904796,958,0.3303167420814478
Go,202106,0.4440213150421593,0.7151300144300148,0.04483738950077981,0.49813723940536797,241,0.5333333333333332
AMPL,202302,,,,,1,
Shell,202407,0.2655740481369848,0.8620320291689054,0.012457912457912458,0.5080535819892674,250,0.40677966101694907
Jupyter Notebook,201905,0.2865356014485058,0.7036134223993125,0.04761904761904762,0.43037399899865764,90,0.38888888888888884
Python,202308,0.7251150026626403,0.7892279652914157,0.03920313770544186,0.45602142065870094,1241,0.3824362606232295
Visual Basic,202407,,,,,1,
Shell,202403,0.29002935395783763,0.9235175202156334,0.0,0.37205704655624955,236,0.4666666666666668
Go,202412,1.2368674260564954,0.791166801167516,0.02488479262672811,0.46779870525408346,347,0.39999999999999974
Java,201806,0.7086228669897989,0.6860183474898432,0.0329891403320945,0.4923607266342203,324,0.5621890547263679
Elixir,202411,0.2333333333333333,0.6,0.0,0.0,17,0.0
C,202404,1.1462896708441952,0.7704166666666666,0.03745410036719707,0.46855016819354567,252,0.5
PHP,202111,0.5967042821373666,0.8277810650887575,0.07727272727272724,0.6220284039035927,239,0.5263157894736841
HTML,202403,0.14726825484966627,0.8826094276094278,0.10571428571428572,0.4020445669011343,449,0.20634920634920634
Groovy,201907,0.8,0.5,0.0,0.473197315178593,8,0.0
C#,202304,0.564586433905641,0.8651058873096146,0.02322875448601478,0.48872514202330813,260,0.5
Ruby,202208,0.14037480932682728,0.7305971907993967,0.043560606060606064,0.503945117293055,127,0.30769230769230765
Shell,202012,0.39633979921526963,0.7012195121951218,0.0,0.47698366763138605,197,0.41304347826086957
unknown,202112,0.6660958486696652,0.8261232240996373,0.028620161514898348,0.40765804125288724,1046,0.45581395348837206
C#,202405,0.5983982553977975,0.8192665550991323,0.032607539552295894,0.5165558505964122,281,0.5340909090909093
Java,202503,0.3914666177238835,0.8876918482487639,0.013941940412528647,0.46840056990195517,464,
C#,202205,0.59029604323252,0.7647301667246265,0.02337857337857338,0.34790466671403153,270,0.5921052631578947
Pascal,202101,1.2053140096618358,0.5,0.0,0.5419907879122485,12,0.5
C#,202502,0.5059061393789774,0.8350120035649555,0.01786946831440714,0.420394985163199,283,
Scala,201906,0.8355927698032963,0.5944444444444446,0.08333333333333334,0.49652000090848714,26,0.6923076923076923
JavaScript,202504,0.4857263701040126,0.8694842642035421,0.033952897255649546,0.45963548177040087,854,
R,202405,1.0671555503760723,0.7564102564102564,0.08974358974358976,0.6981842993885102,66,0.8181818181818182
MATLAB,202011,0.0873015873015873,0.75,0.0,0.0,26,0.5
JavaScript,201901,0.7578224766411779,0.7057725248372732,0.023269785769785774,0.4753747781262494,698,0.4787234042553193
JavaScript,202403,0.35046502927190437,0.8849000902149774,0.036875213675213674,0.47196112766497594,1074,0.29483282674772027
Lua,202502,0.33265510909583046,0.7891156462585034,0.12500000000000003,0.542732581655989,78,
Ruby,202310,0.2717568987985886,0.888095238095238,0.04210526315789474,0.550415532995453,120,0.4375
Rust,202410,0.5660115538949986,0.7547281656810686,0.11029563932002956,0.47707922415489523,209,0.5421686746987951
Shell,202307,0.3188428068277105,0.8335137085137087,0.05349143610013175,0.5283761132963904,229,0.5348837209302327
D,201808,0.5,1.0,,0.0,2,0.0
C++,201801,0.679625697260322,0.5855311165222944,0.060887083213859654,0.5726269904219472,217,0.7019607843137257
Elixir,202503,0.4076923076923077,0.9142857142857143,0.16666666666666666,0.24874620704649253,20,
R,202209,0.5195169874908437,0.7666666666666667,0.08333333333333333,0.44384532775757146,70,0.75
Typst,202201,,,,,1,
Vue,202406,0.1343698684969913,0.8677655677655678,0.038461538461538464,0.40600906898532274,62,0.25000000000000006
C++,202305,0.5647011171815762,0.6958237603838143,0.05009052581571664,0.4907229615828014,372,0.6511627906976741
C,202006,0.887796637683797,0.6387096774193549,0.06944444444444445,0.6236167355509509,191,0.6451612903225806
Shell,202209,0.25310388679827117,0.7632868937048505,0.0,0.3860232124614657,213,0.47368421052631576
C++,202312,0.9935611234114313,0.7179449238231481,0.023771587582401384,0.5011714575696274,390,0.679611650485437
JavaScript,201810,0.8332967493946398,0.7163653496659567,0.05643041015808787,0.5512816164365992,665,0.4705882352941178
Shell,202205,0.4423770381272506,0.6386078042328042,0.0559163059163059,0.4203599107918829,216,0.4117647058823531
C++,201909,0.8607499886521451,0.7608340461976552,0.021755700191250654,0.5118091456018172,255,0.5793650793650793
Shell,202306,0.2026195675464264,0.9070107962213227,0.0,0.3885558761179472,246,0.29411764705882354
C++,202101,0.8987007535780256,0.5979644681633437,0.038147230613547606,0.5613267731555992,344,0.7315789473684207
Jupyter Notebook,202404,0.1734781585850394,0.8896103896103896,0.0,0.38473357684799997,227,0.4285714285714286
Solidity,202009,4.0,1.0,0.0,0.6695919455357792,3,
TeX,201803,0.041666666666666664,,,0.0,12,
PHP,202404,0.45308828399516693,0.8631746031746034,0.012195121951219518,0.4956733302620864,224,0.37931034482758624
Nim,202505,7.5,0.14285714285714285,0.25,0.773512571219272,4,
C#,202209,0.38031311412859153,0.8859180632661748,0.03282596057290841,0.4665254461601701,289,0.5421686746987951
C#,202204,0.6729881793795389,0.8102281354884987,0.03861576656607714,0.534344184024005,305,0.6219512195121952
Go,201909,0.6780953263590983,0.595509745797575,0.028912798789847975,0.6294928791273002,180,0.7594339622641506
Kotlin,202402,10.121406009768217,0.8188690476190477,0.04166666666666667,0.5518821542089793,113,0.30000000000000004
C++,202209,0.8550630444668911,0.6693644378313823,0.03409615038647297,0.5346909261267656,359,0.7083333333333333
VHDL,202502,,,,,4,
Jupyter Notebook,202412,0.3087674002124791,0.905681818181818,0.06153846153846155,0.3301322569590103,227,0.2272727272727273
Shell,201910,0.4985321327303619,0.7000000000000002,0.03448275862068967,0.5320092947941184,140,0.6388888888888887
Java,201809,0.5369886619010286,0.6900490952215089,0.02597375089619516,0.5998587295318298,367,0.5611111111111113
VHDL,201808,,,,,1,
Ruby,202309,0.16044168132433698,0.9084961884961885,0.049999999999999996,0.42512498191772913,98,0.14285714285714288
OpenSCAD,202001,,,,,3,
C++,202401,1.4408136668830414,0.7111232799803873,0.03961215992977264,0.5581266615734571,407,0.5792880258899674
Lua,202412,0.3663941233580142,0.8999999999999999,0.05555555555555555,0.4986504758200773,86,0.7500000000000003
C++,202308,0.8198395919611209,0.7583717406608901,0.0584036900166203,0.5261560657609579,369,0.7023255813953486
Java,202502,0.337067659477846,0.8635920396527409,0.018716577540106954,0.4425970754252712,433,
Java,202408,0.298000518173602,0.8878542895116982,0.0420278637770898,0.503136893943147,446,0.485981308411215
Jupyter Notebook,202206,0.16949613000252542,0.8573870573870574,0.08750000000000001,0.43445952796391857,231,0.40740740740740744
C,202501,0.9074479925090735,0.7794871794871795,0.029761904761904764,0.6354681935121826,231,
R,202310,1.0539953446106696,0.8187500000000001,0.0,0.42894168081842915,76,0.7222222222222223
Shell,202406,0.4105393273655371,0.8295739348370926,0.0,0.4676686421966454,242,0.4307692307692308
Pascal,202402,2.0,,0.0,1.0,6,0.0
Go,202505,1.0346315067679515,0.8321863609848649,0.042066657171343114,0.4078455614644866,353,
C#,201808,0.6288025117302801,0.7972065379795645,0.02693278943278943,0.5698785511074695,182,0.6490066225165564
Clojure,202203,0.45833333333333337,0.75,0.0,0.4591479170272447,9,0.5
Dockerfile,202409,0.1976446492575525,1.0,0.0,0.4646681777683137,44,0.6666666666666667
JavaScript,201802,1.0954025502873446,0.6833267649417073,0.05545277443336007,0.4873164507073563,557,0.4646739130434781
Scala,202112,0.9632718782258595,0.7768518518518519,0.125,0.4324364280133723,45,1.0
OCaml,202301,0.40625,0.8333333333333334,0.0,0.2630355484356079,10,1.0
unknown,202412,1.0346099024441502,0.7610900744123311,0.031280311063980194,0.4088455007304005,929,0.40476190476190477
Jupyter Notebook,202308,0.2742698473089929,0.9002380952380952,0.07575757575757577,0.34309887957259244,186,0.3157894736842106
Go,201803,0.7668509669637331,0.6078358265787834,0.07002234480247971,0.6076914086811622,135,0.7031249999999999
Emacs Lisp,202212,1.1294661622530475,0.2,0.0,0.536036023620991,20,0.6666666666666666
SCSS,201901,0.020833333333333336,1.0,,0.0,21,
JavaScript,202312,0.8233216604228764,0.9086975253470988,0.0436075036075036,0.45733561573195575,944,0.4618320610687024
JavaScript,202501,0.619611897906956,0.868921699659134,0.038033214349003835,0.47948357566002536,927,
Swift,202412,0.7004415299561326,0.7961904761904762,0.06666666666666667,0.5890355770052307,67,0.6315789473684211
PHP,202411,6.1611825768304245,0.8273862196639613,0.007518796992481203,0.4378430552237007,228,0.6666666666666666
XSLT,202401,1.9444444444444442,1.0,0.0,0.3935184977139454,8,
Jupyter Notebook,201910,0.30729920266251703,0.7670117322291237,0.010830999066293185,0.429675499561701,130,0.41666666666666674
Python,202403,0.7746525605933681,0.7972393493938849,0.03636191632059403,0.4754118676162917,1340,0.4549356223175961
Swift,202007,1.3927687058528182,0.765151515151515,0.03333333333333333,0.7475119538243805,52,0.736842105263158
Kotlin,202309,26.527737886370996,0.8225043681253872,0.058333333333333355,0.40201153212637697,109,0.2812500000000001
Go,202406,0.9483550938710293,0.735260404815571,0.029943523210811045,0.49594448545945824,333,0.5038167938931296
Python,201809,0.5106438035896133,0.6895947851053487,0.027856977091138126,0.48425719747669643,536,0.5130434782608695
Vim Script,202105,1.602941176470588,0.16666666666666666,0.25,0.8500759720526119,23,0.8333333333333334
Kotlin,202206,17.59592970671104,0.8187295160979372,0.0,0.45504803342435085,104,0.4827586206896552
PureScript,202311,,,,,1,
unknown,201905,0.8842200440875402,0.8037168168144537,0.04857587894971075,0.45176575816107634,750,0.3935742971887551
Go,202202,1.76765719276393,0.7291423868675687,0.0776206511683175,0.5856776475475518,277,0.576923076923077
PHP,201908,0.5640029813757992,0.7313295799248389,0.06811683006535947,0.530245696944793,279,0.5121951219512194
C++,202504,0.8050533449778787,0.7583148947996949,0.09165182874099359,0.5497517416991008,392,
unknown,202504,0.6813690296961119,0.8342120517645063,0.04391579337259046,0.38587558610519496,867,
Jupyter Notebook,202506,0.21205796696887297,0.9442307692307692,0.02857142857142857,0.41771247663409594,174,
Rust,202307,0.4261474636520761,0.6752860586657511,0.10859840102525128,0.5590926308820424,167,0.7129629629629629
Vala,202012,,,,,1,
C#,202004,0.5188876965929325,0.7907402131079613,0.0454319320287206,0.5708251745286426,266,0.625766871165644
HTML,202306,0.1424017856388496,0.8764280626780625,0.11999999999999998,0.5518018467789293,373,0.2597402597402597
MDX,202304,0.48584054834054835,0.6403508771929824,0.0,0.7197801863404332,10,0.7000000000000001
C#,202003,0.551335997320077,0.753362734100827,0.017451414468380645,0.5193855941610066,241,0.5867768595041324
C,202206,1.044243309526912,0.5872619047619048,0.055555555555555566,0.5912451974280748,224,0.53125
Shell,202408,0.2724540083322853,0.8379585326953748,0.04444444444444445,0.43643678757052945,249,0.5576923076923075
Ruby,202401,0.19417241640416893,0.8998263888888889,0.07792207792207792,0.4684074721801696,116,0.3125
mcfunction,202501,0.6666666666666666,1.0,0.0,1.0,2,
Stylus,202203,0.0,,,,2,0.0
C,202406,0.830461264447359,0.6305962555962554,0.016260162601626018,0.5471202056199144,227,0.48648648648648657
TypeScript,201801,0.7909600168544214,0.62394878387392,0.10020558048394182,0.6226075699477663,183,0.781015820149875
Jupyter Notebook,202103,0.13307471310518304,0.870457157221863,0.06291547958214624,0.4452511019847005,214,0.4615384615384616
Rust,202305,0.4154991961609583,0.6899195232686308,0.04707733068388806,0.4709638847682715,168,0.6593406593406592
Rust,201810,0.49696014769544183,0.2685185185185185,0.12000000000000002,0.3438727382652826,32,0.7857142857142858
Python,202501,0.691147779594862,0.7948676830464494,0.035793872793872805,0.5189601903936856,1328,
Vim Script,202504,0.16666666666666669,1.0,0.0,1.0,11,
Swift,202008,0.5471047008547009,0.6077441077441078,0.027777777777777783,0.42323210557427954,47,0.6875000000000001
PHP,202207,0.33313608359079216,0.6826233347972479,0.03890577507598784,0.5039660382890264,286,0.44642857142857134
PHP,202307,1.0805775107300386,0.7622104389733797,0.010869565217391308,0.4770111293648439,244,0.4285714285714286
SCSS,202301,0.030857017911347272,0.6333333333333333,0.0,0.15304930567574823,71,0.22222222222222224
C#,202005,0.7108799880329385,0.7953975145536114,0.04033025552878494,0.6247591132017135,242,0.6842105263157893
Makefile,202302,0.03813232035454258,0.8547619047619046,0.0,0.47665608705448675,26,0.6
C,202302,0.668961641365709,0.706060606060606,0.03616071428571428,0.6207895010667182,254,0.5714285714285717
C,202308,1.1574066677633308,0.7299107142857142,0.0048935813641696,0.5724377058516732,231,0.6538461538461536
unknown,201904,1.4598285003131388,0.7323772490625795,0.038241494389035395,0.4262840149247105,666,0.43495934959349575
unknown,202501,1.0237185346496027,0.7796626634820846,0.042262154699647544,0.3588192056659243,920,
Go,201911,0.6107624931049834,0.6800056116722781,0.019139769298004854,0.5433526203001668,184,0.730769230769231
TeX,202109,0.02857142857142857,0.875,0.0,1.0,24,0.0
C#,202404,0.4941228881553089,0.8286425997555257,0.012931251573910856,0.5037319579413324,284,0.5416666666666666
Typst,202103,,,,,1,
OCaml,202312,0.0841874278171919,0.6,0.0,0.6115146236360174,10,0.6666666666666667
CSS,202305,0.1122873381511593,0.8694638694638696,0.16666666666666666,0.2701689367163083,110,0.2222222222222222
TypeScript,201803,0.8095079486166011,0.6924404139717233,0.04375709423989543,0.5873567370022893,209,0.7876769358867616
PHP,201803,0.846578514091688,0.7153702021349078,0.02039646627881921,0.565313188068486,223,0.6623376623376626
Java,202401,0.34731967730828855,0.8534195090809087,0.04484270692438588,0.3990001821875991,487,0.4666666666666667
C#,202407,0.47197286944009476,0.852452306095837,0.06155234259809424,0.4966866870235373,280,0.5631067961165046
VHDL,202004,0.0,,,,3,0.0
Go,202209,0.4351599948285329,0.7200092177715619,0.044896126315654074,0.5024788419696797,339,0.6271186440677964
C#,202412,0.4605626283113177,0.8070460686913948,0.05248852157943067,0.41991040936278023,272,0.5730337078651686
TypeScript,202504,0.4101301230185385,0.8797558011191282,0.05655102929829217,0.43877410147340207,931,
C#,202504,0.43166787696158876,0.868871299111696,0.005058120294531314,0.5455589525887332,263,
PHP,201902,0.8180980802812641,0.6876652584662923,0.04563615148292567,0.5600570553566446,235,0.6702127659574468
C++,202411,0.7768322652358868,0.7354383707879737,0.040559871347568284,0.5008734750507237,371,0.6051282051282055
Swift,201812,1.484668940039784,0.680863254392666,0.039999999999999994,0.7958909659362368,42,0.391304347826087
PHP,202309,0.48734716228382396,0.8691520467836256,0.007692307692307694,0.47866926129355103,235,0.5
TypeScript,201907,0.39270379568559566,0.7276735277767283,0.06624257926562355,0.5580591509229349,428,0.75659229208925
Ruby,202408,0.0874801522650985,0.8763440860215053,0.0,0.16666666666666669,104,0.38461538461538464
Ruby,202211,0.18961535309085223,0.8010033444816053,0.029411764705882353,0.6455976620056206,175,0.0625
Shell,202206,0.3155016138664765,0.6478848357524829,0.04761904761904762,0.49059440538039234,221,0.35000000000000003
JavaScript,202311,0.39103222679983046,0.905336328552726,0.029044549001445527,0.3993215001744721,982,0.4444444444444446
CSS,202404,0.3421613394216135,0.8947368421052632,0.0,0.6896442564183249,98,0.42105263157894735
C,202505,0.8397350662657458,0.7569225047253215,0.008381924198250726,0.527938682182493,244,
R,202408,0.700887701683002,0.7592592592592592,0.0,0.8203989925748038,70,0.6428571428571429
TypeScript,201808,0.5553069610100279,0.7044653712300771,0.04325360026792693,0.5359397113836526,214,0.8045977011494245
Ruby,202308,0.12174023614365377,0.9341517857142858,0.018518518518518517,0.2674813220214237,113,0.3333333333333333
PowerShell,201901,1.7916666666666665,0.5,0.0,0.4308078571994052,14,0.3333333333333333
C#,202001,0.5573905153958573,0.7316824709681853,0.0164733674963854,0.4889211292550133,221,0.6776859504132231
C++,202210,0.9519829485784622,0.7409383486065843,0.02853032527370266,0.534177374999296,390,0.4626038781163437
JavaScript,201906,0.4970046448591696,0.7342825680701293,0.028705195858480533,0.46116040740884245,1111,0.40314136125654465
PowerShell,202309,0.043702747556702934,0.8421052631578947,0.0,0.39689904623578703,29,0.4931506849315068
Python,201807,0.6935271491659942,0.6345135600553558,0.05446603128054741,0.5558397087100514,510,0.6346153846153848
C,201801,1.3806221590519956,0.7345658263305321,0.009615384615384616,0.4665452109281748,138,0.433070866141732
CMake,202308,0.28571428571428575,0.9666666666666667,0.0,1.0,11,0.5
Kotlin,202502,4.2719455124887755,0.9693548387096774,0.0,0.32892412550519307,110,
C,202401,0.8987024276204288,0.7130511463844796,0.03915343915343915,0.4521877571946164,248,0.5245901639344261
C#,202002,0.6181916723608388,0.728239364121717,0.08797220446760738,0.6172204041722688,220,0.7187499999999997
C,202312,0.859425544097649,0.6365079365079367,0.005813953488372095,0.5260322758150845,244,0.5161290322580644
C#,202505,0.5169521501516354,0.8511135416602361,0.019698712818460723,0.45980509038286244,267,
C++,202311,0.9322510655847978,0.7078390522403917,0.027780512516356458,0.5033655193199716,343,0.625
Shell,202008,0.4282085053187482,0.5806561859193436,0.11565656565656562,0.6108951204811288,179,0.5178571428571428
C++,202410,0.9027018658636711,0.7532930910504494,0.04860711181332695,0.546761863622374,398,0.6871794871794876
Ruby,202304,0.2647129054877741,0.8571428571428569,0.055555555555555566,0.4384445473584487,146,0.4285714285714286
C#,201909,0.5720513617973599,0.7648429584599798,0.015070468195468192,0.39892773698414136,229,0.620253164556962
Java,202103,0.446005968754809,0.7738705218462629,0.026966292134831454,0.4530255606384318,557,0.5140845070422535
C++,202506,0.7177757753432565,0.7588012197446158,0.059145400120363796,0.5942007125318121,319,
C++,202103,0.9117394593131886,0.612692239602768,0.05196127433608941,0.6325520556278258,362,0.7238095238095241
Dockerfile,201806,0.34358465608465605,1.0,0.0,0.3836591668108979,18,0.25
Pascal,202211,0.0,1.0,,,12,
C,201911,0.6404978793002736,0.5842948717948717,0.054054054054054064,0.5113197144480035,189,0.5576923076923077
C++,202406,0.7519184571241766,0.6974982507335448,0.027596491812245234,0.5435220574470148,376,0.7130434782608689
Jupyter Notebook,202011,0.5019812562242173,0.7995286195286194,0.0369047619047619,0.47146791653792564,209,0.5135135135135135
C++,202203,0.961337625106777,0.6280216835613724,0.0449968527301313,0.5134062615898405,348,0.7014925373134328
Shell,202410,0.46479565619097374,0.7120829033367733,0.003445305770887165,0.49071201337789694,248,0.5000000000000002
Stata,202303,0.0,1.0,,,1,
CMake,202409,1.0833333333333333,0.6,0.0,0.22973399503912184,14,0.25
Makefile,202109,2.1822916666666665,0.7142857142857143,0.1037037037037037,0.47285931227015005,23,0.75
C#,202010,0.4133022718972478,0.8786023302379113,0.019517190600775027,0.5085261942260041,268,0.5751633986928102
Jsonnet,202011,,,,,1,
MATLAB,202503,0.22916666666666669,1.0,0.0,0.4591479170272447,24,
C,202103,0.5481767362815573,0.6833009944215377,0.02157738095238095,0.5666359545247621,211,0.6212121212121212
Perl,201809,0.7824074074074073,0.0,0.0,0.3924053308585782,16,1.0
HTML,202412,0.18761351563376685,0.8812508174305927,0.014529914529914527,0.4884412771588874,386,0.3870967741935485
Kotlin,202304,20.528930541504057,0.8624859943977592,0.007246376811594202,0.48594237944290425,113,0.44117647058823534
ShaderLab,202205,0.0,,,,2,0.0
Emacs Lisp,202304,0.9128810226155357,1.0,0.0,0.5532471195684935,24,0.3636363636363636
Kotlin,202109,2.319086096260943,0.7062300981923407,0.11386554621848739,0.6436197086295408,88,0.6774193548387096
PowerShell,202308,0.11680033009819545,0.8203703703703704,0.0,0.14820450383866826,28,0.009084556254367592
Rust,202210,0.5081100924212116,0.646821969045209,0.034793758013572255,0.48115245954281816,165,0.5125000000000001
Go,201811,0.5890766869920917,0.5805373169156605,0.059868082705452935,0.5946684770439521,155,0.679389312977099
Swift,202302,0.728156691144055,0.8549999999999999,0.0,0.47754197195089343,70,0.45
TeX,201912,0.5113788487282463,1.0,0.0,0.5,13,0.0
Elixir,202201,0.21104533485612764,0.7988338192419825,0.2222222222222222,0.5487845349357097,26,0.0
C,202010,0.7347303041036345,0.7291666666666666,0.023176651305683565,0.6192045025639683,192,0.603448275862069
unknown,201903,1.254191901844304,0.7517147108229097,0.05875571930617802,0.4631107347909702,668,0.48623853211009205
HTML,202102,0.17572859351421638,0.8727106227106226,0.07558987558987561,0.412460682015115,395,0.2686567164179106
C++,202211,0.6949249221856764,0.7526259277056402,0.05049182180263261,0.5936044364773727,372,0.6580645161290323
Scala,202201,0.4587310849185047,0.8288976648351649,0.0,0.40965613534816364,50,0.25
Ruby,201811,0.46729050129261523,0.6854473684210528,0.044011544011544,0.459180608686863,132,0.1496062992125984
C++,201901,1.1991768591948861,0.6581411456280022,0.0273997362378693,0.5715653972561883,239,0.6015625
HTML,201902,0.476330821927161,0.7567141208492452,0.03547297297297297,0.5361318019935234,269,0.3092783505154639
Java,202310,0.2932549213238636,0.8667419796651699,0.025866308964900518,0.4497224848191532,498,0.18884120171673824
Java,202305,0.30490681397939295,0.8329032854714794,0.023068050749711643,0.47274011126564314,518,0.4428571428571426
C++,201807,1.0226854914424313,0.6006990841057742,0.028823490121900247,0.532188625163445,215,0.6153846153846152
Go,202207,0.4362092898023198,0.6924372056514911,0.08339863532171223,0.5689274656181534,290,0.5945945945945945
unknown,201808,1.4490817340960491,0.7600605511853574,0.020666165645353993,0.5245794966627226,517,0.4705882352941175
Puppet,202204,0.0,1.0,,,2,
Go,202503,0.8153573465155324,0.7801681635668761,0.021950159374094468,0.45318770766751415,337,
Kotlin,202203,9.27231255048178,0.8348361640075485,0.01470588235294118,0.37497158711543627,101,0.40625000000000006
C#,202305,0.5185318130601475,0.8818458795886627,0.01675069116929582,0.48775866535503987,279,0.5308641975308643
TypeScript,202102,0.46090927928009734,0.8044963881523358,0.04267525399095595,0.5423406238618546,493,0.7978810105949472
Python,202506,0.3606300770528443,0.8827384246221814,0.05677823432060718,0.4306025848315221,1211,
HTML,202010,0.33313052927619174,0.8322405651810684,0.03537516955807811,0.46930027569141886,411,0.3043478260869565
CoffeeScript,201805,1.2121212121212122,0.7857142857142857,0.125,0.9365767585021407,5,
Shell,202301,0.3120321307516361,0.751337448559671,0.01612903225806452,0.4132177871126058,229,0.5000000000000001
Limbo,202403,,,,,1,
Ruby,201907,0.3737570452542073,0.6594429969323407,0.04677871148459384,0.44650291622015653,184,0.1538461538461539
Jupyter Notebook,202008,0.6628548759336016,0.7908080378643878,0.043981481481481476,0.5208881617496106,147,0.3548387096774193
Python,201806,0.7412424928339566,0.6661634136497339,0.06987179487179489,0.5656288776130737,495,0.5818965517241381
MATLAB,201811,0.06349206349206349,1.0,0.0,0.946394630357186,15,1.0
Rust,202205,0.4372261518965039,0.6789474188764886,0.04030812817998172,0.5514350365054411,139,0.6315789473684209
Smalltalk,202003,0.7857142857142857,0.5,0.0,0.0,2,1.0
HTML,201901,0.27389648112005044,0.886371388977721,0.044615384615384605,0.41878393089489135,280,0.22222222222222227
Emacs Lisp,202309,1.9555555555555555,0.0,0.0,0.6849208987555514,16,0.7142857142857143
Java,202504,0.3199248519294036,0.8385737429525693,0.0378989642781653,0.48000179529076753,461,
Python,202004,0.7117716630757851,0.7156895012314916,0.04839037776310626,0.4948742216286188,901,0.5822784810126581
Makefile,202308,0.213358918128655,0.4166666666666667,0.0,0.4,28,0.7142857142857143
HTML,202501,0.12720932600641732,0.9446876093367322,0.04324675324675324,0.4419573301958903,389,
C++,202007,1.0658207363365826,0.6592070842306486,0.04558175379103932,0.5509321305707839,314,0.7748691099476444
Ruby,201809,0.6064685959822012,0.7788945354162745,0.029064039408867,0.4582346143487856,136,0.08917197452229306
C,202305,0.5934372998113722,0.6109022556390978,0.03931623931623932,0.6093310169741831,237,0.5454545454545455
C++,202303,0.5933194794639447,0.760719311974296,0.0192849408740358,0.5940668091246265,394,0.7551867219917011
AngelScript,202103,2.0,,0.0,0.4591479170272447,2,
Rust,202412,0.2854365116627758,0.7501792975713016,0.03716795311606633,0.4840376372122529,198,0.5522388059701491
C++,202104,0.7879034478492147,0.626350547404073,0.038037536193215496,0.5211719057160012,342,0.7248677248677245
Julia,202410,0.26560545488316717,0.5737897985705004,0.047619047619047616,0.6382938473438475,27,0.6666666666666667
R,202112,1.1760770823483697,0.6450071667462972,0.07500000000000001,0.5651971536575372,49,0.8124999999999999
Scheme,202212,,,,,3,
Solidity,202306,0.0976190476190476,0.8333333333333333,0.0,0.4161244448001153,12,0.6
Dockerfile,202308,0.2513892292400665,0.9447860962566845,0.0,0.44827937572985077,47,0.6
C#,202503,1.4780211874301714,0.850146261819872,0.013796040025548224,0.5523101514044801,298,
R,201811,1.6672839506172843,0.6666666666666666,0.0,0.8351988067060637,36,0.75
C++,201902,0.9085045255306927,0.6372818855505837,0.02851627215882723,0.48536713148548805,258,0.7519379844961241
Groovy,202302,0.16797488226059654,0.6909090909090909,0.25,0.3402816184880295,10,
Erlang,202204,0.0,1.0,,,3,
C#,201805,0.5241900702849943,0.7912104888575476,0.0334381974133527,0.5283052628644764,175,0.6565656565656568
Go,202304,1.1730471107581955,0.7174572802421483,0.07347313202623251,0.3999790990584542,304,0.5540540540540541
Scala,202010,0.1791384283544562,0.8039495798319328,0.0625,0.5066637736800658,35,0.4285714285714286
Vim Script,201807,0.2514853831012612,1.0,0.0,0.6619279354826856,15,0.625
R,202411,0.7109462682072423,0.7352941176470589,0.03174603174603175,0.6083229461837789,68,0.5
PHP,201901,0.557607527691937,0.732618651037166,0.02400914634146342,0.529118530593047,241,0.5925925925925923
Dockerfile,202307,0.3370098039215686,0.6,0.0,0.6679955126958298,44,0.8333333333333334
Kotlin,202202,3.11916823396487,0.848092280390417,0.014814814814814815,0.3962548231724516,91,0.3571428571428571
C#,202312,0.45717493192350156,0.78007801606603,0.03228835978835978,0.4961838676068501,261,0.6930693069306928
Objective-C,202207,1.2222222222222223,0.0,0.0,0.3119815658152887,23,1.0
TypeScript,201809,0.46896905120662713,0.7255386185005829,0.06272042675793017,0.47399731074388857,228,0.7516129032258064
Perl,202109,1.1274038461538463,1.0,0.2,0.30271692184618415,18,1.0
C#,202102,0.5762947261182656,0.7402585238979854,0.04957508279705883,0.5249348898644886,259,0.6141732283464569
MATLAB,202301,0.20512820512820512,1.0,0.0,0.4591479170272447,22,
Go,202109,0.782154319585271,0.7960227272727273,0.039643757189396125,0.4774692580271661,247,0.5793650793650793
HTML,202311,0.12658212373704447,0.8568552420968388,0.010796221322537113,0.3575838521919734,410,0.2727272727272729
Objective-C,202004,0.6950067476383266,0.6666666666666666,0.0,0.6816381260052595,41,0.5416666666666667
F#,202205,1.3666666666666667,0.6666666666666667,0.0,0.8511623586042336,6,1.0
Batchfile,202307,0.365079365079365,1.0,0.0,0.40833319286579295,6,0.6666666666666667
Pascal,202103,0.06666666666666667,0.5,0.0,0.0,10,0.5
Lua,202010,0.18081494057724953,0.75,0.0,0.33333333333333337,45,0.4285714285714286
Dart,202407,0.4816295550383191,0.9027777777777777,0.038461538461538464,0.4171401723344409,65,0.5925925925925923
TypeScript,201904,0.38419503462534993,0.6759107665808447,0.04088948030361123,0.5576249837397061,307,0.7594799566630542
Go,201807,0.5680855995851727,0.5887191199176534,0.04168354988502667,0.5085922638043916,139,0.7674418604651164
Ruby,202008,0.4755767963407668,0.7977602668208257,0.02177565124933546,0.5162015153983133,319,0.14102564102564108
Assembly,201901,0.0,,,,5,
Vue,202409,0.2289889575835224,0.8663528977482465,0.06944444444444445,0.4176604947653876,84,0.4444444444444444
Vue,201806,0.03111111111111111,1.0,0.0,0.5,17,0.5
Python,201908,0.5424875054425848,0.698185189632558,0.050904648724758694,0.48740405624981925,725,0.5098814229249009
TypeScript,202403,0.31821740947564436,0.8818591276306852,0.07130678832495617,0.47914720444085546,890,0.7153488372093022
Dart,202307,0.5941245624318102,0.7822736188296828,0.09469696969696971,0.5104854855799591,61,0.5254237288135591
Assembly,202304,0.28571428571428575,1.0,0.0,1.0,9,
HTML,202310,0.23763870557818204,0.890883564964447,0.051111111111111114,0.3395453209109235,410,0.24096385542168675
Go,202001,0.7817685472488597,0.6617158810426824,0.013999739539729496,0.5839270182656009,181,0.7187500000000002
Java,201804,0.827234893003752,0.771289786903148,0.03514181651465414,0.5353768530623916,339,0.6256983240223464
unknown,202001,1.0861047097783336,0.8115857832302082,0.03131662345145492,0.44208965109364334,885,0.2986425339366516
Java,202102,0.3868360775328071,0.7568710221799341,0.06872920252438325,0.519452473654507,484,0.5620437956204376
Swift,202303,0.523670909404605,0.869047619047619,0.0,0.5143078048896088,70,0.380952380952381
CMake,202406,0.007352941176470588,1.0,,0.0,10,0.0
Rust,202212,0.426037296677837,0.735899621212121,0.07644505596766901,0.44606350084434077,166,0.5999999999999999
Lua,202104,0.23775884383088866,1.0,0.0,0.5029991884732563,45,0.6
unknown,201810,1.082798786048044,0.7348778001788747,0.04594187488924331,0.45928048947262556,569,0.5107142857142855
Julia,202201,0.5240235965317666,0.8388167388167388,0.1619047619047619,0.8141091492675979,22,0.4285714285714286
Vue,202408,0.2810010921618065,0.9125,0.0,0.3564199850649368,68,0.4285714285714286
C++,201809,1.3183605409477503,0.579615358385051,0.031281301245401766,0.6386729953979129,211,0.6057692307692307
Python,201907,0.8772578365011607,0.6622678986124362,0.03732740041464872,0.5086991207211672,681,0.5362318840579711
Lua,202210,0.4421568627450981,0.6,0.05555555555555556,0.7022631013528707,70,0.6470588235294118
Clojure,202109,2.8967391304347823,0.7857142857142856,0.0625,0.8851873844204357,9,1.0
TeX,202307,0.03968253968253968,0.625,1.0,0.7219280948873623,19,0.0
Java,201807,0.5785673150859196,0.6862175123174261,0.03418931849120528,0.5182386081161994,328,0.537974683544304
Dockerfile,202206,0.47098087098087116,0.44444444444444453,0.0,0.5251120214970435,35,0.6666666666666666
Dart,202111,0.7609771456313743,0.8342047930283225,0.0,0.3604170912092246,50,0.6250000000000001
JavaScript,202308,1.2727352700493697,0.8703668533462223,0.04177156177156176,0.518879150411704,936,0.5300751879699248
TypeScript,201802,0.8688219788094563,0.6725095740393282,0.0905771358319278,0.5668664919858245,193,0.7964015151515162
C,202310,1.2879991071188335,0.6623376623376624,0.02487335359675785,0.5122973741695858,246,0.5942028985507246
Lua,201906,0.464082038403181,0.7,0.0,0.5734382439269916,31,0.20000000000000004
C,202211,1.012134907720282,0.7894736842105264,0.004629629629629629,0.4167648748403103,236,0.4404761904761905
CMake,202108,0.0,,,,5,
JavaScript,201809,1.0605787709487624,0.6975328753983726,0.03655312087880238,0.4581356291126155,643,0.42913385826771666
SystemVerilog,202409,0.0,,,,4,
Typst,202408,1.5,1.0,0.0,0.7106110352493498,2,1.0
MATLAB,202005,0.6934036972745585,1.0,0.0,0.4151210839401855,25,1.0
Jupyter Notebook,202301,0.23206656051569705,0.7844650205761315,0.0462962962962963,0.29118090645212547,196,0.3333333333333333
Swift,202112,0.8275331314779547,0.8615079365079364,0.0,0.6186399863671495,67,0.5294117647058824
Shell,202203,0.4481230248831592,0.7767295597484276,0.01428571428571429,0.5660456032305894,254,0.22727272727272727
C,202407,1.3902538577882126,0.7728395061728394,0.0713064713064713,0.6298360486909664,242,0.47457627118644063
C,202102,0.9470504130835966,0.6582181259600615,0.03818369453044376,0.5079064087196362,192,0.7083333333333334
Julia,202304,0.6601841948900774,0.6777777777777778,0.16666666666666666,0.9128628113173416,24,0.5
Java,202302,0.3593595265654026,0.8325021152043173,0.026697131127510872,0.4629903589758906,514,0.46212121212121227
C,202506,0.533710805590144,0.8268685121107268,0.026981893235763207,0.4799650795555442,216,
Shell,202302,0.14873927598715975,0.7919047619047619,0.02529644268774704,0.4033018953014264,214,0.43243243243243246
Go,202211,1.4671451294659374,0.7541742779999699,0.03737624382785673,0.6207920564772803,326,0.5692307692307693
Nim,202209,0.8270042194092826,0.4375,0.42857142857142855,0.3540785473057226,5,
Python,202006,0.5856263296749995,0.704134540541949,0.05227121521864774,0.4944430062803661,995,0.5827814569536428
MATLAB,202105,0.0,1.0,,,22,0.3333333333333333
C++,202310,0.6312597237894091,0.7207223590747903,0.0405001449783125,0.4762449404886038,402,0.6323529411764703
PHP,202107,0.48005231477700383,0.7579903147699758,0.014141414141414137,0.6040227817174493,227,0.5333333333333332
Go,202004,0.6809362124047593,0.709915320451906,0.05009678668215254,0.5620310034248506,201,0.662420382165605
Ruby,201804,0.39146348695926575,0.7728575667341336,0.06242424242424239,0.5228106171423684,145,0.09053497942386841
Objective-C,202008,0.7782131661442008,0.8125,0.0,0.468216050340115,35,0.3571428571428571
AGS Script,202402,3.0,,0.0,0.9182958340544894,2,
C,202307,1.0926964801184158,0.6903540903540902,0.03851851851851853,0.557892276187813,252,0.6190476190476191
Shell,202109,0.5314657405275822,0.5891405342624852,0.01801801801801802,0.42567980080879253,181,0.2830188679245284
Rust,202406,0.3825106647698001,0.787322600307586,0.12792506185931427,0.47904710176552556,186,0.5846153846153845
unknown,202311,1.2596870002566396,0.8993298370225913,0.051318439288364125,0.4280597076922131,1016,0.3783783783783786
Jupyter Notebook,202207,0.22705003343936378,0.8955601564297214,0.10615280594996618,0.3648761981374268,228,0.5142857142857142
R,201807,0.6688657407407407,0.3333333333333333,0.07407407407407407,0.5643803542844277,29,1.0
Scala,202209,2.113658450393144,0.8116959064327486,0.0,0.27272091375443575,42,0.5
Lua,202109,0.2636812590945282,0.8,0.0,0.4812895863981452,53,0.8888888888888888
CMake,202107,0.0,,,,4,
Dockerfile,202306,0.187593984962406,0.7777777777777778,0.0,0.5887887397321441,44,0.5
Rust,202109,0.42851574443965085,0.6143335529205095,0.14414377892638763,0.42495640059696566,100,0.5686274509803921
Scala,202411,0.6818181818181819,0.85,0.0,0.49273764861366715,30,1.0
Python,201912,0.6015926598781892,0.7165003590242823,0.03408880450747301,0.5547845351015323,808,0.6007905138339917
C++,202304,0.7373073250714578,0.7745531452203192,0.03119177997148764,0.5248532431446808,383,0.6839378238341969
R,202506,0.6478648978648979,0.7777777777777778,0.09090909090909091,0.4324347142327024,48,
Shell,201902,0.5660984801345896,0.7267623716153128,0.0,0.3484495126151771,128,0.5714285714285714
PowerShell,202404,0.017287346593313584,0.9533333333333333,0.0,0.4598569892797258,37,0.25
C,202204,0.6658790460421902,0.7034313725490196,0.004166666666666668,0.49864312613162187,217,0.5599999999999999
HTML,202503,0.18739245477799377,0.9428736659808624,0.03833333333333334,0.5425641700336128,409,
R,202206,0.6270781926329756,0.9,0.07692307692307693,0.5127323918531002,63,0.7999999999999999
Shell,202501,0.2863497642617415,0.7815973453070226,0.05381400208986418,0.46040899046809275,243,
Java,201811,0.5756191917818071,0.8199037233646117,0.07265069745069748,0.5492360706794107,376,0.5144508670520231
C++,202001,0.7037292095650021,0.5981668472665379,0.02984346519708361,0.6283040360083115,280,0.7161290322580647
Python,201911,0.6918789547039614,0.6897116182488192,0.05475511791670351,0.47015219424544846,758,0.523809523809524
Rust,202405,0.4881407104931264,0.7055782934382608,0.10603716207164485,0.4687905394695184,212,0.7101449275362319
C,202403,1.1099678117005416,0.6811594202898551,0.02003710575139147,0.4995869905795805,268,0.6190476190476191
TypeScript,202407,0.44643630025441644,0.8635070489709004,0.051267394834935386,0.4946658335439637,865,0.46166950596252165
C++,202111,0.9366957861186922,0.6076839744428864,0.0719502561547956,0.5500113396199728,346,0.7133757961783438
Objective-C,202312,0.4166666666666667,0.5,0.0,0.5,17,0.6666666666666666
Elixir,202311,0.7158119658119659,0.737037037037037,0.0,0.616801711099736,19,0.5
TypeScript,202002,0.43925856205993524,0.7129339151085013,0.03046384982920608,0.5543983184451756,492,0.800424628450106
Clojure,202405,0.0,0.5,,,7,
Shell,202207,0.28454355110893514,0.7091071428571429,0.02222222222222223,0.44219002916517225,232,0.25714285714285706
PowerShell,201906,1.9307692307692308,0.6041666666666666,0.0,0.4447480723827704,14,1.0
TypeScript,202112,0.49933034924058767,0.7496066899248708,0.07884973917339991,0.5326698257215307,589,0.7608695652173917
C,202303,1.1288601481654732,0.8422619047619048,0.04042553191489361,0.43425611881479226,269,0.4736842105263159
Processing,202007,,,,,3,
ASL,202205,0.0,1.0,,,1,0.0
HTML,202410,0.20697625898781372,0.9025567725173441,0.03897218057637847,0.3906036555861092,425,0.4557522123893807
Go,202408,1.6660554085968422,0.7946465852620869,0.018910256410256412,0.5790862225071925,339,0.46341463414634143
Ruby,202010,0.32144677359259705,0.7715735972629669,0.1014517397496121,0.38289299806542093,150,0.17241379310344832
Objective-C,202003,1.0000000000000002,0.8333333333333333,0.0,0.2473243139629425,42,0.45454545454545453
Lua,202102,0.28195878195878205,0.7142857142857143,0.1111111111111111,0.610248100068662,39,1.0
Shell,201812,0.41159006244280416,0.7113095238095241,0.005263157894736842,0.523028238987768,127,0.7333333333333334
Shell,202106,0.3699715474003161,0.6274578902678634,0.03591836734693877,0.5003302046508121,192,0.35714285714285715
C++,202109,0.7943359139490553,0.6063644174602421,0.04224387494421121,0.5319050547512998,329,0.71875
C#,202111,0.4492996216887063,0.7940007408458253,0.10089868287740632,0.5353818784415558,266,0.5188679245283019
R,202303,0.6783429153191998,0.6984126984126984,0.030303030303030307,0.42424485252596933,75,0.7500000000000002
Go,201905,0.5633606556633532,0.5777820970600933,0.03373778226475617,0.6001331747540087,188,0.6466666666666664
TypeScript,201811,0.48280805128251536,0.7725329469967602,0.0866016387662794,0.5249092086509365,242,0.7526501766784452
Elixir,202212,0.08217289253591492,0.4714285714285715,0.0,0.3798813218891127,27,0.3
C++,202011,0.7601708601053281,0.6815304536733109,0.029665055641183966,0.541679518212483,324,0.669902912621359
AGS Script,202004,1.2352941176470589,0.3333333333333333,0.6666666666666666,0.599594238727576,2,0.5
D,202105,0.5,0.0,0.0,0.0,2,1.0
Makefile,201901,0.6593693693693694,0.8333333333333333,0.0,0.2295739585136224,13,0.25
Pascal,202204,0.5,1.0,0.0,0.8112781244591328,6,1.0
Dart,202503,1.2075128527813948,0.8589743589743589,0.0,0.6221206772971059,54,
Jupyter Notebook,202208,0.3344479249793011,0.7853713768115941,0.025149453720882294,0.47973157742861655,215,0.42000000000000004
C++,201812,1.1246882280128128,0.6641011177553964,0.018321084059604337,0.5642473451564874,224,0.6917808219178083
Vue,201906,0.35248510292524377,0.8466666666666666,0.0,0.6946339986225588,83,0.6363636363636364
Dart,202206,0.6667394112183846,0.7506887052341599,0.0,0.4687919005391885,63,0.7916666666666666
Ruby,201905,0.36551626416314137,0.8076794395010288,0.025274725274725282,0.54316944874836,171,0.1203703703703704
SCSS,202410,0.1276190476190476,0.923076923076923,0.04,0.4180808813402984,41,0.33333333333333337
Java,202004,0.4282578396651311,0.7757230852283692,0.016545812464179795,0.6070276167844042,561,0.5833333333333334
Ruby,201908,0.2963815356520127,0.7834724666324172,0.059375000000000004,0.5187070606591967,202,0.08510638297872343
Python,201812,0.7137858973643266,0.6670727545727545,0.03248467703913247,0.5041833632238673,550,0.6095890410958906
Haskell,201908,0.43885381490725783,0.6,0.0,0.5523198167062029,13,0.5
Lua,202003,0.3157894736842105,1.0,0.0,0.9999999999999999,30,0.33333333333333337
C,202212,0.7812050281320139,0.6579861111111109,0.02455357142857143,0.5474157247859475,238,0.42000000000000004
Vim Script,202102,1.388690779419256,1.0,0.0,0.18512341306447067,19,0.33333333333333337
C,201802,0.7271012231068387,0.796,0.03792270531400966,0.4967217010813146,140,0.5147058823529411
Julia,202009,0.5842270501959497,0.3386627906976744,0.06481481481481483,0.8537733797469029,12,0.7142857142857143
Jupyter Notebook,202502,0.125256396788723,0.9352436323366555,0.07368421052631582,0.4537074672692643,229,
Python,201805,0.6696795332145102,0.656470707070707,0.031835637480798776,0.5080417852228416,493,0.5599999999999998
Objective-C,202101,1.2619047619047619,1.0,0.125,0.6738229680184302,30,0.5
C++,202107,0.7887713218428977,0.6501786782846565,0.04872999319763459,0.6404216598786153,312,0.7650602409638555
unknown,202404,0.6057607373233261,0.8954861638378655,0.03864923747276689,0.4769310713201786,1008,0.3557692307692306
Assembly,202211,0.5714285714285715,1.0,0.0,0.4056390622295664,9,0.33333333333333337
unknown,201804,1.9290980676814045,0.806372040465394,0.04910726737352124,0.4913231284370804,417,0.5294117647058825
GDScript,202208,0.85,,0.0,0.8112781244591328,7,1.0
C++,202010,0.8027375059710006,0.7126885938868761,0.03807190216153802,0.5984646838943718,326,0.41530054644808734
Svelte,202107,0.7725840336134453,0.3404255319148936,0.13333333333333336,0.5552915754430272,6,0.625
Swift,202011,0.6721294203232734,0.7550793962518236,0.12010796221322538,0.4711932169333522,63,0.39999999999999997
C,202002,0.5656550621946661,0.7392735042735044,0.013675213675213673,0.5127690279065955,185,0.5961538461538461
Verilog,202207,0.0,,,,6,
TypeScript,201906,0.49819217412934935,0.7846398671366971,0.049269434269434274,0.49635610322302504,393,0.7424568965517251
Python,201904,0.8890487963733531,0.7032340491752258,0.04630718380718384,0.5651257353417141,652,0.5518867924528299
Emacs Lisp,202005,1.4321428571428572,0.26666666666666666,0.01904761904761905,0.5791655789029705,19,0.76
Ruby,201805,0.3553334211713305,0.7667375509480773,0.10946712018140588,0.4835511292411881,131,0.0905660377358492
Kotlin,202103,0.8620969304766058,0.8241045321637427,0.06862745098039218,0.4832169582729295,70,0.3783783783783784
Clojure,202404,0.0,1.0,,,7,0.0
Objective-C,201812,1.1666666666666667,0.6666666666666666,0.0,0.32992829409117685,21,0.4444444444444444
Lua,202304,0.4757434256356669,0.7962962962962963,0.0,0.7156005632748381,80,0.7142857142857143
C++,202205,0.6174544560762251,0.6591899923364283,0.0392636293708183,0.46383712344948186,329,0.689873417721519
Python,201801,0.8684689610645842,0.592410631696346,0.05466150384614139,0.4833064300911435,418,0.5962877030162411
Smarty,202302,0.16666666666666669,1.0,0.0,0.0,6,0.0
Ruby,201902,0.3471310869468643,0.7620064573851482,0.09053497942386832,0.4887727040972089,136,0.13084112149532712
Objective-C,202108,0.6754385964912282,1.0,0.0,0.12093374557892117,35,0.4285714285714286
JavaScript,201804,0.9221345945929164,0.6970909895058507,0.056545491880962924,0.5010950441452531,570,0.5795053003533566
Ruby,202306,0.27885916632652014,0.7468253968253968,0.0,0.542780507082506,98,0.28
PHP,201807,0.8517050558401273,0.7099170585161965,0.052219908152111534,0.4900319269849401,216,0.5999999999999998
Dart,202310,0.7339908651703789,0.8121811224489796,0.03125,0.6435200205929555,75,0.6769230769230768
Swift,202207,0.8325889704837073,0.8790798611111109,0.0,0.5755546550657485,76,0.5555555555555556
Java,202505,0.35443033006217195,0.8362412468516344,0.07196512407780015,0.4450523123738305,417,
Shell,202003,0.6448823876297282,0.5605442176870747,0.06324786324786323,0.5161219255125606,184,0.6590909090909092
C,201905,1.0183579926062318,0.7224794238683127,0.04865079365079367,0.4642537044686622,165,0.723404255319149
JavaScript,202306,0.5327885805752232,0.8889557949964022,0.015832983046097808,0.44049720820544275,984,0.4054054054054053
Go,202303,1.0114777518545692,0.73046273184039,0.04750399901562692,0.5214107350935859,357,0.5342465753424659
JavaScript,202405,0.5031405813309859,0.9046755259281329,0.019034570179608336,0.44120840413650947,1011,0.35820895522388047
Vala,202005,0.6666666666666667,,0.0,1.0,3,
SystemVerilog,202308,,,,,2,
TypeScript,202011,0.3810015228717646,0.7356321818020208,0.07597907850954391,0.590586024008081,520,0.8115384615384624
Scala,201912,0.19598484848484848,0.7923076923076924,0.0,0.36391365184336205,27,0.5
Go,201804,0.4933680953235121,0.6556552414646679,0.08329512168890409,0.5150723699288281,134,0.608695652173913
Lua,202005,0.5416988416988416,0.5,0.0,0.8034781991500993,36,0.75
Jupyter Notebook,202007,0.5914039391980564,0.8223338577655743,0.07999999999999999,0.3283830970268601,168,0.42187499999999994
Elixir,202312,0.29475308641975306,1.0,0.0,0.32365019815155627,17,0.5
Shell,202107,0.44288043471074995,0.7567578004324993,0.11333333333333334,0.4662400781394103,174,0.29032258064516125
Pascal,201807,0.0,,,,5,
Shell,202309,0.2719858104506806,0.756743271221532,0.042568542568542575,0.46960564064120225,227,0.5254237288135591
Shell,202411,0.3409862756758265,0.6760114572144647,0.004968944099378882,0.28576110169365126,262,0.5476190476190477
Jupyter Notebook,201901,0.3382470445474477,0.8416666666666667,0.01652892561983471,0.3664867337270056,75,0.5000000000000001
AutoHotkey,202505,0.5,,,0.0,2,
PostScript,201803,0.0,1.0,,,2,0.0
Ren'Py,202503,2.0,,0.0,0.0,1,
Shell,201804,0.3396580178548222,0.6450655624568667,0.05716619981325865,0.4572868058518083,102,0.6363636363636364
Objective-C,202010,1.654040404040404,1.0,0.0,0.7161081130441276,30,0.625
Java,201907,0.5279508774499522,0.7223076164678294,0.02563951896421812,0.4885794561544256,444,0.5885167464114835
Objective-C,202009,0.4228395061728395,0.8333333333333333,0.0,0.34578021940917203,35,0.8888888888888888
PHP,202502,0.5035217824620665,0.8244028917941961,0.016260162601626015,0.4238764239761993,221,
Objective-C,202104,1.527777777777778,0.6666666666666667,0.0,0.5206853806201468,30,0.6363636363636364
HTML,201810,0.39245196128964044,0.7884407575575149,0.022824300989804473,0.4384209618672183,250,0.371859296482412
Java,201904,0.6152805138744111,0.7551911309567947,0.05328429241472721,0.4848523332909797,406,0.5170454545454546
C++,202206,0.9269680551132865,0.651475115189739,0.041296529306134255,0.635348718184751,342,0.6988636363636367
Astro,202005,0.6415584415584416,0.5,0.0,0.5786929214073521,5,0.3333333333333333
CSS,202308,0.14232695510284646,0.9888461538461537,0.0,0.40225038019707154,108,0.2916666666666667
Objective-C,202308,1.0,1.0,0.0,0.9999999999999998,12,0.0
C#,201810,0.7032099862029129,0.8054932812285753,0.07237012987012985,0.4439119007015606,194,0.5959595959595959
PHP,202401,0.63528429015374,0.7929522766961189,0.01621176926054975,0.5537574704295144,226,0.41818181818181815
Swift,201810,1.163103563103563,0.7368777056277058,0.07142857142857142,0.7620467601313815,40,0.475
Dart,202304,0.609729364019828,0.8583333333333333,0.011363636363636366,0.548891293179109,56,0.7017543859649124
Go,202404,1.6910220478625893,0.754172126511324,0.03958248889844919,0.4871193074121361,363,0.5774647887323938
Shell,201805,0.48010690560585545,0.5706521739130435,0.029877369007803793,0.48515059320247006,101,0.5918367346938773
unknown,201805,1.873308093977131,0.7928724161130916,0.05995391487090084,0.46226714362222915,463,0.4541666666666668
Shell,202409,0.21813913093092926,0.8688686000716076,0.07816091954022988,0.32354028858304923,238,0.3137254901960784
MATLAB,202410,0.2,1.0,0.0,0.0,24,0.5
Java,201803,0.568311217405953,0.752868882295222,0.01358762972859678,0.5478426541318272,352,0.5341880341880342
Kotlin,202012,0.6968497194478541,0.8800922389157685,0.0,0.3925135685549948,67,0.681818181818182
Objective-C,202412,0.525,0.5,0.0,0.9324867603589636,13,0.5
Go,202103,0.5945757726997589,0.8012585581642238,0.03529936773267938,0.4979171740542123,245,0.5405405405405406
Jupyter Notebook,201904,0.60123795163023,0.7711161387631975,0.0,0.5911246983905578,85,0.325
Dockerfile,202008,0.12228287816875877,0.70578231292517,0.0,0.7835822346623686,33,0.8
XSLT,202105,1.5234375,0.0,0.0,0.552840901301724,8,0.5
Vue,201909,0.632098765432099,1.0,0.0,0.452058243103889,90,0.4545454545454546
Swift,201801,2.4066715542521986,0.7023809523809523,0.0,0.7085441289866049,36,0.33333333333333337
Bikeshed,202301,1.0,,0.0,1.0,2,
CSS,201812,0.17560579664238196,0.8309523809523809,0.0,0.5613163274853792,70,0.30769230769230765
Shell,202305,0.18423442265275675,0.8785166240409207,0.006578947368421052,0.4302121825112709,220,0.28260869565217395
Go,201903,0.6374712648473937,0.6438742828986734,0.027261646479896547,0.5341298715127883,166,0.7235772357723578
Swift,201903,1.1591488868274584,0.5263888888888889,0.041666666666666664,0.662728429710072,43,0.5833333333333333
Dart,202403,0.5079787314282233,0.7335897435897435,0.06024904214559387,0.4449264650770008,70,0.4742268041237114
C++,202004,0.5929107226715324,0.6614729554464056,0.045239715105164384,0.4947149290217803,332,0.6234309623430963
Fennel,202308,2.0,,0.0,0.946394630357186,2,1.0
Python,201803,0.7568545131436096,0.6402261931371521,0.05734862402586935,0.5334450306042813,508,0.6115107913669069
JavaScript,201905,0.6460160808361978,0.7589569560494739,0.044892048832275475,0.5022010485405699,955,0.506527415143603
JavaScript,201801,1.5233365225138227,0.6587310529648814,0.052039730639730684,0.551793486109997,534,0.4918032786885245
Jupyter Notebook,201803,0.6315062213632808,0.820997920997921,0.0,0.5534000614465376,53,0.16129032258064516
Java,201903,0.7381083358141715,0.7025011214706198,0.012213193657069576,0.4679802527517167,391,0.6344827586206894
C#,201910,0.5220170504961733,0.7556368019674471,0.05349686926345964,0.5421903263437644,243,0.6545454545454545
C,202309,1.8466637066032279,0.7547065337763013,0.0441919191919192,0.5364670577841103,227,0.7142857142857143
PHP,202505,0.3174899094305348,0.8375121477162293,0.01754385964912281,0.42565796570263187,200,
Rust,202102,0.4858849895344822,0.5663751499125812,0.13037161531279176,0.4140992826102992,85,0.673469387755102
C++,202112,0.8425993842364919,0.6854599627425714,0.05600730099419558,0.5064976848922654,327,0.7624309392265192
Python,201905,1.0376863990636147,0.6798744850052698,0.027749609515799595,0.5184504548329206,675,0.6069868995633184
C++,202502,0.6143036202315038,0.741838725563948,0.060776904519788774,0.5039629867591056,359,
HTML,201912,0.29250781924892943,0.8254643532421309,0.015178571428571427,0.47937847798486755,426,0.36363636363636354
XSLT,202010,0.2036290322580645,0.6799999999999999,0.0,0.614211751845825,8,0.12500000000000003
Rust,202311,0.6908345982592569,0.792327885383638,0.06837923606791532,0.510577920130427,173,0.6438356164383559
Jupyter Notebook,202201,0.1359985949221186,0.8490109890109889,0.15553306342780027,0.42921376269575523,230,0.3809523809523809
C,201909,0.6684323766848037,0.6993006993006994,0.04347826086956522,0.48485715085651077,166,0.5918367346938775
PostScript,201801,,,,,3,
HTML,202402,0.14881282371416335,0.8811154488786067,0.032936507936507944,0.44516412725514715,412,0.29166666666666685
CSS,202402,0.17211321699924856,0.9010416666666666,0.0,0.34168872236823067,86,0.3888888888888889
Jupyter Notebook,201805,0.9474703057695096,0.7668918918918919,0.0,0.4553440492399249,47,0.6666666666666666
Dart,202104,1.320484571486497,0.733076563958917,0.14636752136752135,0.49862906798563444,46,0.7037037037037038
C,202009,0.7633862179989293,0.7438645542093819,0.026041666666666664,0.48577058110743343,201,0.6153846153846154
C++,201911,0.9470582483759898,0.6533788141470178,0.07569695153373937,0.6124194238249764,280,0.7039106145251394
Rust,202003,0.8808151315567342,0.4007716049382716,0.048647584033613446,0.5696575941583586,64,0.8157894736842107
C#,202206,0.44818239712968666,0.8759910908807969,0.029310357892503427,0.5119516036155498,363,0.49999999999999994
Go,202006,0.6933648421185781,0.6585309617918312,0.06487638533674339,0.532875220296675,224,0.6753246753246749
Elixir,202304,0.16303921568627452,0.5714285714285714,0.2,0.3562832805242241,19,0.75
Kotlin,202201,2.3373110411761724,0.7645299145299145,0.04057971014492754,0.4607841708761135,97,0.2926829268292682
Lua,202308,0.2796432527854051,0.9523809523809523,0.0,0.27987876879285867,71,0.3333333333333333
CMake,201805,0.48484848484848486,0.7,0.0,0.36096404744368116,4,0.0
Shell,202404,0.5919594495369691,0.8157051282051284,0.040650406504065054,0.45490730231313004,243,0.27083333333333337
Kotlin,202401,15.859667712824878,0.8080756545042261,0.04545454545454545,0.35233594196402795,109,0.5384615384615385
MATLAB,202312,0.2727272727272727,1.0,0.0,0.9182958340544894,24,0.33333333333333337
Dart,202505,1.3163102721152258,0.8305555555555555,0.0,0.5662226874184648,57,
Kotlin,202404,14.52897937671572,0.8937932437932439,0.0,0.26548730362473805,111,0.25000000000000006
Emacs Lisp,202311,0.5718691338160365,0.0,0.0,0.5291691997138059,19,0.75
TypeScript,202402,0.31509361237088923,0.8746545939754349,0.06784313150919384,0.4901879457334051,842,0.7252851711026621
unknown,201801,2.214769404846201,0.8295726121568818,0.04164443188833432,0.4736871103424356,340,0.4870466321243522
Swift,202107,0.6560734537384414,0.6721317654153475,0.09803921568627452,0.457261276276091,79,0.4
Dart,201911,0.8386119257086999,0.6666666666666666,0.0,0.6380028550012137,24,0.7058823529411765
Swift,202101,0.8528234528234531,0.8988095238095237,0.11111111111111113,0.5841971947511694,66,0.3913043478260869
Java,202111,0.4544093419239297,0.708739054746373,0.055393270583143986,0.4951308439417995,475,0.4405594405594406
unknown,201901,1.4617623510835156,0.8015127895802323,0.03682609454038027,0.4859697187915698,595,0.4056224899598393
Swift,202001,1.1290852311939268,0.44232804232804235,0.01818181818181818,0.5832426846502611,43,0.5000000000000002
C++,201908,0.949066853963019,0.6617858852277431,0.03373474301898882,0.48758638866622817,258,0.6689189189189192
Emacs Lisp,202207,1.2846153846153847,1.0,0.0,0.9800622126004211,19,0.4
C++,201912,0.7820334526604428,0.6525387468158852,0.06255024102726954,0.5580486071832059,268,0.631578947368421
Java,201902,0.5383735372757384,0.7828594148147104,0.017916666666666668,0.4779540115988241,368,0.5281690140845071
TypeScript,201810,0.7542811778328299,0.6905143773438652,0.07665706471324017,0.5807919980976418,232,0.7568843430369795
HTML,201805,0.30336686727207507,0.8434009501236394,0.07581388434666272,0.4850431908350037,232,0.46341463414634143
unknown,202403,0.49899928598435905,0.8937633047802137,0.05513839631486691,0.485596279899398,1007,0.28947368421052627
PHP,202104,0.2864224934451283,0.786136712749616,0.044217687074829926,0.5400800330961113,508,0.5185185185185187
MDX,202206,5.480501641215927,0.4952380952380952,0.0,0.809816041553562,8,0.18749999999999997
HTML,202307,0.28859611663525525,0.8808075496762051,0.02704545454545455,0.43453465698492777,384,0.2674418604651162
Java,202307,0.31757215642287523,0.8946989947749057,0.030573593073593072,0.4964266411499928,453,0.44144144144144143
Shell,201912,0.5526886633609321,0.7364864864864864,0.025000000000000005,0.5075285527953582,154,0.6666666666666665
Jupyter Notebook,202309,0.22900836045410755,0.875100806451613,0.05833333333333334,0.36824704362624905,182,0.23529411764705882
Shell,202506,0.21401644812909748,0.8212226066897347,0.04198232323232323,0.319875156538156,195,
Shell,202405,0.4376805485789841,0.8230994152046782,0.0,0.38088518736751126,281,0.44680851063829785
Go,202401,1.791926212854702,0.7862334633976831,0.042888896104045185,0.4951578049967244,352,0.5273972602739726
Jupyter Notebook,202310,0.46848893001061476,0.8941113234591496,0.02666666666666667,0.31444929188389265,205,0.5423728813559321
Perl,202205,0.0038461538461538464,1.0,0.0,1.0,16,0.6666666666666666
C,202409,1.154797014946091,0.6794733939895231,0.007407407407407407,0.530129972565112,246,0.49999999999999983
Ruby,202505,0.49994581228956236,0.8928571428571427,0.0,0.32920694047939686,118,
Perl,202403,0.6753246753246751,0.4,0.0,0.6394319446848298,16,0.6666666666666666
TypeScript,202311,0.3950803048496716,0.8855172032240812,0.049484316768769784,0.500616402677513,797,0.7239089184060711
Dockerfile,202408,0.07392290249433107,1.0,0.0,0.43919375922913517,44,
Scala,202401,0.8887105616864741,0.5830917874396135,0.07407407407407407,0.44455040812305713,36,0.5
Swift,202201,1.0878017189781892,0.8556547619047619,0.06666666666666667,0.5895175970331279,67,0.3888888888888889
ColdFusion,202010,0.0,,,,1,
HTML,201911,0.26941670001759205,0.8538157296322434,0.039131795888552645,0.4161686172454078,407,0.25999999999999995
Objective-C,202203,0.375,1.0,0.0,0.473197315178593,25,0.0
Shell,202011,0.3535999781121092,0.6649975949975951,0.006756756756756756,0.450692813817418,186,0.43243243243243246
Objective-C,202404,1.3333333333333333,1.0,0.0,0.7240601562950723,19,0.4285714285714286
TypeScript,201901,0.5813262565124455,0.7071429166955921,0.05968122065524662,0.5466546629105956,267,0.736278447121821
Rust,201908,1.272769187630354,0.34238618524332814,0.08171904723628862,0.7097357471181178,50,0.8888888888888886
C++,202106,0.970694688080653,0.6330560284016787,0.04481016090172937,0.6288444966264822,314,0.7298578199052137
TypeScript,202306,0.3720382483684555,0.8432346808795603,0.07164100121810973,0.45487868681647153,734,0.7368421052631584
ActionScript,201812,0.0,,,,2,
Scala,201902,0.7032634032634033,0.33333333333333337,0.0,0.5176336085918087,17,1.0
HTML,202505,0.27997880076680753,0.8998180057376104,0.03535353535353536,0.4286450025415674,383,
Shell,202304,0.19773927148516426,0.7921474358974357,0.052188552188552194,0.5778843919915795,206,0.5348837209302326
Jupyter Notebook,202004,3.9170625773482532,0.820466821776702,0.030622009569377984,0.42190820527613776,144,0.4923076923076921
HTML,201812,0.16112808005372675,0.8662356321839081,0.029149797570850202,0.302084767228172,255,0.164179104477612
Scala,202203,0.2403770013573935,0.831002331002331,0.130952380952381,0.30395215632502287,39,0.33333333333333337
Makefile,201807,0.17484126984126985,0.6124999999999999,0.0,0.6236501487081891,12,0.5
TypeScript,201909,0.5112009425406828,0.7817361044479834,0.05572001670666833,0.5456036643980055,395,0.7494089834515365
Go,202008,0.7612224740443396,0.5645483737923568,0.0299719887955182,0.5779901121823722,225,0.7278911564625852
Jupyter Notebook,201808,0.5831910243772306,0.8563725490196079,0.0,0.5163367615021389,61,0.9230769230769231
Scheme,202504,0.5,,,0.0,2,
Makefile,201906,0.4727822580645161,0.0,0.0,0.24776901495955553,15,0.33333333333333337
Emacs Lisp,202208,0.8192129629629631,0.5454545454545454,0.012820512820512822,0.9365665471902563,22,0.5
C,201908,0.9556869662121492,0.6470588235294118,0.012698412698412698,0.6054172889438151,164,0.8181818181818181
Jupyter Notebook,202101,0.7122267510389622,0.8259018759018758,0.06446886446886448,0.3475318287687999,169,0.5652173913043478
GLSL,202003,0.0,,,,3,
CSS,202005,0.09018838018211334,0.7709876543209876,0.07638888888888887,0.4808056825237831,144,0.5806451612903226
Fortran,202004,0.15789473684210525,0.7142857142857143,0.5,0.7091479170272449,2,1.0
TypeScript,202010,0.4155186274226283,0.7314820227203457,0.04117421302284923,0.5094544383995752,578,0.8246869409660111
SQF,202403,0.0,,,,2,
R,201909,0.8966230936819172,0.8571428571428572,0.0,0.6270500047312537,38,0.8999999999999999
Emacs Lisp,202401,1.0811827956989248,0.0,0.0,0.7513240395266819,17,0.6666666666666666
Jinja,202208,0.2838661966123672,0.7571428571428571,0.0,0.5377443751081734,12,1.0
JavaScript,201808,0.8035627536659696,0.6970045045400732,0.03786004407820063,0.5160763208924413,618,0.4597315436241607
Jinja,202010,0.14285714285714288,1.0,,0.0,10,0.0
SCSS,202505,0.75,0.846153846153846,0.0,0.36719779934494323,32,
OCaml,202008,0.2674329501915709,0.8333333333333333,0.08695652173913043,0.5891805358767275,12,0.8333333333333334
Stylus,202306,0.0,1.0,,,4,0.0
Verilog,202106,2.5,1.0,0.0,0.858672711073255,10,1.0
C,202301,0.5388908069768187,0.767857142857143,0.048486590038314174,0.47440832807951017,244,0.5757575757575755
PHP,201910,0.4067254763839881,0.727427591348046,0.06043869160567452,0.4507613610560333,305,0.46363636363636357
XSLT,202412,0.08,0.5,0.0,0.0,6,1.0
Jupyter Notebook,202501,0.14760778036124214,0.9110294117647058,0.021978021978021976,0.34773358116532055,208,
C++,202003,0.6171815573779568,0.6224234557544541,0.05845878820127104,0.49725548507895784,304,0.7922705314009658
HTML,201809,0.26226141977843515,0.7871316548948127,0.02327586206896551,0.40941786261083735,246,0.4385964912280702
C++,201811,0.934794873544747,0.6254805996472663,0.07688131294728097,0.47643009184613777,224,0.6853932584269661
HTML,202504,0.17875346126857009,0.9017699568548377,0.010296010296010297,0.33247686610804866,419,
Objective-C,202112,1.4404761904761905,0.8,0.0,0.6236690776785818,26,0.7142857142857143
TeX,202406,0.022222222222222223,1.0,0.0,0.0,14,
C#,201901,0.5959548307119973,0.6804761904761907,0.06782557229318213,0.5329114420171918,184,0.7113402061855671
SCSS,202312,0.021700776287932252,0.90625,0.0,0.0,36,0.16666666666666669
Go,202506,1.1202718395220381,0.8094560553227601,0.061659108087679534,0.45895430789968655,315,
Perl,202201,0.559106334841629,0.6666666666666666,0.16666666666666666,0.47510921672234113,13,0.0
Kotlin,202301,26.95860959968733,0.883711262282691,0.03921568627450981,0.45090339119308875,109,0.2857142857142857
MATLAB,202405,0.0,1.0,,,27,0.0
Python,202011,0.9006480560390842,0.7388907446122447,0.03460059691704789,0.528038357371825,983,0.631707317073171
Vue,201908,0.21584433326236607,0.8500000000000001,0.0,0.6021334374282554,90,0.4210526315789474
PHP,201904,0.7277836943276901,0.7350407460557559,0.048326572008113605,0.5406025041388343,232,0.686746987951807
Makefile,202401,0.13035714285714284,0.9583333333333333,0.0,0.3638896743745607,19,0.2
R,202212,0.5533231328168399,0.7083333333333333,0.07142857142857144,0.5148079241336236,59,0.6190476190476191
Vue,202311,0.6978888611107459,0.7305226824457595,0.030303030303030304,0.4515219614048621,88,0.5
Lua,202209,0.1724071343304543,0.8838383838383839,0.0,0.7556281314759514,65,0.6666666666666666
PHP,202305,0.30900345395544276,0.764553757116686,0.003273322422258592,0.40043229247679246,234,0.47457627118644075
unknown,201802,1.8285308972409815,0.7762525765751572,0.040980392156862736,0.5444733025990754,372,0.5182186234817813
Kotlin,202303,28.334343792725054,0.7636294261294262,0.0973266499582289,0.4727701169004601,107,0.5185185185185185
Go,202501,2.001908626126587,0.7842138303872996,0.019312437618725652,0.47750190044700636,344,
Java,202403,0.38108669970088294,0.8352679313024141,0.030672139105874054,0.4653607620988854,499,0.43410852713178294
OCaml,201810,1.5071428571428571,0.6666666666666667,0.0,0.5775564774085503,10,0.6
DM,202401,0.018838304552590265,0.7857142857142857,0.0,0.9798687566511527,7,
Rust,202411,0.3911661749314723,0.7342648524435182,0.02924675730582902,0.4433785331958404,196,0.5510204081632653
Swift,201806,1.1953928571428571,0.8593073593073592,0.0925925925925926,0.5763857900257049,40,0.34482758620689663
CSS,202412,0.08062347009715429,0.9472049689440993,0.0,0.32997415661112844,89,0.11111111111111113
Go,202409,1.5978113250253425,0.7944407937781036,0.018272948852413356,0.4545052834483644,336,0.5192307692307693
Java,201805,1.132074145571288,0.6842071646629861,0.030970120695112534,0.4884447314172828,320,0.5947368421052632
PowerShell,202402,0.3525506874854346,0.8455882352941178,0.0,0.5200663604596479,34,0.4920634920634921
Perl,201910,0.3583676607898062,0.673469387755102,0.0,0.36203007814753607,19,0.5
Java,201802,0.6478171384463863,0.697717270936944,0.0669416675772116,0.5395342734947116,296,0.5999999999999998
Makefile,202101,1.0,0.6666666666666666,0.0,0.38365916681089784,22,0.33333333333333337
Shell,202402,0.419992073802426,0.8702380952380953,0.021505376344086023,0.408455270728441,243,0.47826086956521735
PHP,202112,0.5665942006213863,0.7387844706637495,0.04784313725490196,0.46694722320404797,229,0.47297297297297297
unknown,201806,1.8087394615994885,0.7752501870557427,0.049427556570413714,0.4778463501760088,493,0.46245059288537527
Shell,201802,0.25986744459175076,0.7268077601410935,0.0,0.4732451120243071,109,0.5319148936170213
PHP,202503,0.31101890653782316,0.8056349206349206,0.03817460317460315,0.43476368572408536,217,
OpenSCAD,202103,0.3333333333333333,1.0,0.0,0.0,4,
PHP,201811,0.5957602847497059,0.7403162883201332,0.06031462162609703,0.5213009761970575,227,0.6100000000000001
Ruby,201901,0.4889866036100539,0.7417184265010354,0.07714412024756852,0.545548777354113,149,0.15254237288135594
MATLAB,202103,3.000999000999001,0.75,0.0,0.5584580794572529,31,0.0
TypeScript,202005,0.28847131054086345,0.7677303052303053,0.0280207836061671,0.433124170490735,595,0.8014646053702194
HTML,201806,0.22936491476073104,0.8169697726515909,0.05869408369408368,0.523897847153869,222,0.3913043478260871
Batchfile,202309,0.09210526315789473,0.8333333333333334,0.0,0.0,6,
unknown,201812,1.0101660280485594,0.717275950955917,0.03562011274777234,0.4486035927788346,569,0.4935622317596566
Astro,202103,0.02181818181818182,1.0,0.0,1.0,13,
Jupyter Notebook,202409,0.23660264844104834,0.8380050400727094,0.02128623188405797,0.43433276598701764,219,0.45714285714285724
Scala,201903,0.6123822717492794,0.65,0.0,0.8830831810182121,17,0.6
PHP,202402,0.8885786307076003,0.7928130511463846,0.01111111111111111,0.4430657153998614,208,0.48000000000000004
Lua,201912,0.22008547008547005,1.0,0.0,0.49999999999999994,34,0.0
Go,202311,2.1636085392114404,0.7863362128314741,0.029117198113109057,0.5060722892812312,318,0.5526315789473681
Jupyter Notebook,202406,0.45669579278383426,0.9416666666666665,0.0,0.5512862874571504,207,0.29787234042553196
Go,202206,0.4976633461358355,0.6990003171953,0.036486818275225784,0.4986765166897391,293,0.6917293233082709
TeX,202101,0.06534090909090909,0.9333333333333333,0.3333333333333333,0.44342975357145736,22,0.0
Mustache,202307,0.0,1.0,,,3,
Go,202104,0.6678007478662864,0.6888387507031575,0.04099025974025975,0.5598270267503197,241,0.669172932330827
SCSS,202109,0.1257969303423849,0.6142857142857142,0.2,0.5801657266564302,49,0.4285714285714286
Ruby,201812,0.45436314603767664,0.7107871720116619,0.04320987654320988,0.4438563865467212,143,0.13636363636363635
Shell,201810,0.5092150464733405,0.6162162162162163,0.026000000000000002,0.3436405344230018,137,0.6296296296296298
HTML,201908,0.2502192033288554,0.8062513288967226,0.0982905982905983,0.3597217870376579,345,0.31249999999999983
C#,202203,0.5785468851471763,0.8829625730282702,0.08509150503635797,0.4544060435233836,307,0.5624999999999998
Go,201908,0.7424993078079087,0.6444040095250394,0.04236450142132425,0.5535297890263384,184,0.7534246575342463
SCSS,202305,0.4672158603434901,0.8333333333333334,0.0,0.23786263819959927,35,0.33333333333333337
CSS,202108,0.010125717164700813,0.9533333333333333,0.0,0.2671307899676608,351,0.17391304347826086
Swift,201802,2.140614644026947,0.6569380440348183,0.08974358974358973,0.6816613540962254,35,0.2894736842105262
Vim Script,202402,1.4030612244897958,0.75,0.0,0.4230213614964565,10,1.0
Scala,202312,0.5956521739130436,0.825,0.0,0.4284318711963832,28,0.0
PHP,201806,0.7427384127089365,0.7499414358087653,0.05037220843672457,0.5881404879568211,234,0.5909090909090913
C,202411,1.028805228374801,0.7568130282415998,0.00982800982800983,0.5010171175925999,238,0.39622641509433965
Batchfile,202404,0.6428571428571429,1.0,0.0,0.0,8,0.3333333333333333
Shell,201809,0.7673613072900017,0.5708141321044548,0.03393939393939394,0.4796546547655727,123,0.4186046511627906
Rust,202404,0.5006684634786954,0.730606970129774,0.14362095715479173,0.549310328379614,193,0.5526315789473686
SCSS,202102,0.9163602941176472,0.6944444444444444,0.0,0.5630801305886531,40,0.45454545454545453
PostScript,202301,0.0,,,,4,
Perl,202011,0.567068515169781,0.8333333333333334,0.0,0.4753389487644587,19,0.5
M4,202312,0.0,,,,1,
HTML,202404,0.19782114592175915,0.8885739480977578,0.06256613756613756,0.3842500567569399,440,0.3934426229508196
Ruby,201802,0.5992958811424877,0.6802164502164504,0.0575858250276855,0.5142753405384114,134,0.13503649635036502
PHP,202506,0.42402112930553854,0.8803418803418802,0.03225806451612903,0.38615463117182497,193,
TeX,202111,0.08181818181818182,1.0,0.0,0.603759374819711,20,1.0
Markdown,202305,0.003851852129796736,,,0.0,11,
Ruby,202409,0.2844825809111522,0.8177083333333333,0.0,0.3301057155558303,105,0.4444444444444444
JavaScript,201811,1.1461219807151215,0.7397067694144607,0.0530341523302728,0.5007747147417674,684,0.4897959183673468
Lua,202401,0.409004329004329,0.9841269841269841,0.08333333333333333,0.5874175709532512,79,0.5454545454545454
CSS,202407,0.3572727272727272,0.9615384615384613,0.0,0.3882778744825517,98,0.2631578947368421
HTML,202407,0.261422002433697,0.8892459319784902,0.052910052910052914,0.5342072727495091,368,0.2884615384615385
TSQL,201907,0.0,,,,9,
Nix,202406,0.714960058097313,0.6,0.125,0.9561345128281233,22,0.7777777777777778
Go,202212,1.1797915321880672,0.7289345281471905,0.027524541635074704,0.45822892026048423,344,0.6363636363636365
CSS,201808,0.23501760405830174,0.903133903133903,0.051948051948051945,0.5217403571743044,76,0.125
Gherkin,202402,0.19494584837545126,0.375,0.0,0.582506784868442,3,
Jupyter Notebook,201906,0.2188210441595562,0.763873106060606,0.05555555555555556,0.49068279559469424,93,0.5000000000000002
Forth,202108,0.0,,,,2,
TypeScript,201804,0.5702728014661504,0.6497180417050624,0.12245659768133295,0.6100585970533063,192,0.7564825253664033
Shell,201901,0.6316287094547963,0.6734567901234568,0.03571428571428571,0.5384433855733639,141,0.32608695652173914
Objective-C,202105,0.8333333333333333,,0.0,0.45056667126208705,25,0.75
unknown,201803,3.9230632995650714,0.6980825777995587,0.027179440323028423,0.4383456249001366,431,0.6088328075709777
UnrealScript,202301,0.5,,0.0,0.0,2,0.0
Shell,201801,0.643895769324015,0.8059895833333333,0.09459706959706962,0.5532997639931542,96,0.40625000000000006
C,201811,1.6090044673354644,0.6093750000000001,0.02508960573476703,0.5330503604113992,160,0.62
HTML,202506,0.15816475048478512,0.9554804804804806,0.011695906432748536,0.3400110016362444,360,
Vim Script,202103,0.8086773839970769,0.0,0.0,0.3552412662897687,23,0.8571428571428572
R,202007,0.32640201190222956,0.5,0.0,0.7296823949589379,60,0.6666666666666667
Dart,202412,0.4580944782320398,0.895915725047081,0.07226890756302522,0.4595842380306803,66,0.5227272727272727
C#,202211,0.49449232183810526,0.8376816058140802,0.05342104737909571,0.4802273246801986,327,0.49
XSLT,201801,0.6894586894586894,1.0,0.0,0.4795739585136224,6,0.33333333333333337
Vim Script,202202,0.8928571428571429,0.0,0.0,0.9050710806345144,21,0.5
Go,202402,1.8712218279329227,0.7169075967089688,0.05553537371719192,0.5162570091063237,330,0.5725806451612903
Java,201908,0.6334557372625476,0.747855571932179,0.02097061711512661,0.4735796192649193,452,0.5120772946859904
Perl,202406,0.06785714285714287,0.6666666666666666,0.0,0.0,14,1.0
SCSS,202306,0.3002040816326529,0.7999999999999999,0.2777777777777778,0.8010187310464106,40,0.5
C,202502,0.8635895712658836,0.7067596042942063,0.0040650406504065045,0.5608852258009408,227,
Jupyter Notebook,202408,0.43310023555190297,0.8300243430705614,0.01956521739130435,0.5125782482294378,198,0.3999999999999999
BitBake,202406,0.0,,,,1,
OCaml,202202,0.24508599508599505,0.6764705882352942,0.03225806451612903,0.6725491372717246,14,1.0
TypeScript,201807,0.5660144957854025,0.6344714296619272,0.05146170677573354,0.5109307156753938,197,0.7870370370370355
Dockerfile,202412,0.100559666748346,0.7142857142857143,0.0,0.2477676291043594,47,0.33333333333333337
Go,202108,0.7285621811365003,0.6032460383740056,0.015063978264551966,0.6384311287488306,246,0.6046511627906975
Rust,202304,0.5662057818442661,0.7105702471037061,0.11957532449335727,0.4937885494500325,153,0.6271186440677967
PHP,202412,0.39693384943838617,0.7895079365079366,0.027415458937198062,0.4331743690498864,191,0.6393442622950819
AutoHotkey,202206,0.006666666666666667,1.0,0.0,1.0,6,0.33333333333333337
C#,202506,0.45030601883672383,0.8943556169798496,0.03273040482342809,0.4767046421453049,247,
C,201806,0.5514273642263272,0.5698275862068963,0.02272727272727273,0.6481780159076962,159,0.4285714285714286
Jupyter Notebook,202403,0.3049088481270349,0.8496674057649666,0.04166666666666667,0.535976136813156,218,0.3999999999999999
Dart,202205,0.4152169177369768,0.7311878597592885,0.01098901098901099,0.44871907996492705,53,0.8730158730158731
Perl,202301,0.40333333333333327,0.7428571428571429,0.0,0.5292779846678095,21,0.5
Go,202205,0.5376775492682798,0.7469309999120298,0.04776785714285715,0.4873586278832513,306,0.5801526717557254
Common Lisp,202506,0.5,,,0.0,3,
PureScript,202203,0.16666666666666669,0.0,0.0,0.0,3,0.5
CSS,201906,0.015146721355508985,0.9374999999999999,0.0,0.1836591668108979,104,0.16666666666666666
C++,202002,0.5698816927054663,0.6607745976328636,0.030932439641088414,0.5554845080038106,300,0.7222222222222218
R,202304,1.0475878667355292,0.757051282051282,0.0,0.5050741314719227,67,0.7096774193548385
OCaml,202111,1.7154882154882156,0.22,0.024242424242424242,0.6721374439555674,13,0.875
CSS,202406,0.3588428823623818,0.8899999999999998,0.055555555555555566,0.49100046397485647,84,0.47619047619047616
Makefile,201903,0.1457373271889401,0.7,0.0,0.0,17,0.6666666666666667
Verilog,202204,1.25,1.0,0.0,1.0,7,
Julia,202004,1.205255685368768,0.30324074074074076,0.3090277777777778,0.794385658396797,18,1.0
Blade,202006,0.0,,,,4,
Emacs Lisp,202306,0.5777243589743588,0.6,0.0,0.27237490688827815,20,0.0
Go,202405,0.6236844094832423,0.7468618592743821,0.02123496774164136,0.4396566227101032,354,0.5853658536585367
Lua,202105,0.1079831932773109,1.0,0.0,0.18365916681089792,46,0.0
Shell,202208,0.2195590096029202,0.7452317797145382,0.03133903133903134,0.35637694342546083,226,0.3529411764705882
Kotlin,202311,36.57955007126152,0.8940893414577624,0.09444444444444446,0.5009337507764715,103,0.4999999999999999
PHP,201812,0.903339077320294,0.6924763257575756,0.04425919872144129,0.5515356121384193,214,0.641304347826087
Jupyter Notebook,202311,0.27772006762519763,0.8119658119658119,0.04489164086687306,0.46526639829108424,216,0.2888888888888889
Vue,202307,0.12461156394753753,0.8194444444444444,0.06666666666666667,0.5417696607655067,79,0.5384615384615384
Bikeshed,202403,2.5,0.0,0.0,0.9165164431996023,1,0.0
Kotlin,202411,0.29420130879780537,0.9602296254470166,0.1111111111111111,0.48497596189130543,118,0.31999999999999995
Java,201912,0.3034200389713921,0.7266129720116843,0.014921577326582804,0.5332076654856486,478,0.6339869281045748
Python,201808,0.7763820581745524,0.6041007215007212,0.056106116106116134,0.571337772601428,522,0.5980861244019137
Dart,202406,0.6893048537020385,0.8090909090909091,0.07221350078492934,0.5376152907090893,71,0.7246376811594202
LLVM,202009,0.046875,1.0,0.0,0.920619835714305,2,0.0
Fennel,201807,0.0,1.0,,,1,0.0
MDX,202411,1.0423493488229283,0.7094444444444443,0.18367346938775508,0.6736826609105206,23,0.6428571428571428
Jupyter Notebook,202005,2.6667691889841105,0.7121166460284248,0.11859979101358412,0.3727252877544142,159,0.4833333333333333
Kotlin,202302,30.898816453131243,0.8319444444444445,0.03333333333333334,0.44960449760974774,99,0.5384615384615384
C,201907,0.9535608210431206,0.6430476190476191,0.023809523809523808,0.6087065714343003,177,0.7142857142857143
Groovy,202207,0.09563492063492061,1.0,0.0,0.8922033329676569,10,0.6666666666666666
Shell,201911,0.4858322881687367,0.650275482093664,0.037037037037037035,0.40317625242920124,156,0.6857142857142857
TypeScript,202205,0.35535642202443674,0.8203762543746066,0.05093875286419895,0.5643152000368293,672,0.7303719008264464
HTML,201804,0.18078054911013286,0.801766246573939,0.0173202614379085,0.48735352554313377,228,0.41025641025641024
PHP,201903,0.8061187042512483,0.6420624657789582,0.023737373737373734,0.5453144986529029,266,0.6916666666666669
HTML,201904,0.258661021310198,0.7690475894116672,0.11363636363636366,0.3833636798752958,277,0.2444444444444445
Kotlin,202503,3.5750678484861873,0.8586174242424243,0.04761904761904763,0.40767244439885864,114,
Astro,202503,0.021124286341677647,0.9469696969696969,0.0,0.3232412999560824,37,
C++,202404,0.5449643585852358,0.6684943718189019,0.07679117475927381,0.5316725178582348,407,0.6836734693877553
HTML,202401,0.17167204292922095,0.912546835880169,0.0,0.4070139732702404,396,0.23529411764705885
Nextflow,202403,0.06776859504132231,0.8958333333333333,0.8,0.823514379706226,5,0.3333333333333333
HTML,201801,0.5076950782736885,0.7496347272142837,0.11581555699202757,0.6036760985493324,227,0.4090909090909091
Rust,202106,0.25178153572961837,0.6537361189535102,0.10885446548097151,0.4521503896226642,102,0.7021276595744681
SQLPL,201912,0.0,,,,1,
Clojure,202411,0.0,1.0,,,4,
XSLT,202402,0.7333333333333334,0.6875,0.125,0.8684591514906241,7,0.0
Ruby,202405,0.4274173795620623,0.8526785714285713,0.0,0.4258984969908648,120,0.41666666666666663
Vue,201912,0.20593073593073594,0.8636363636363638,0.032,0.3866925142227982,122,0.65
OCaml,201910,0.2068404408829941,0.5,0.0,0.1836591668108979,12,0.5
HTML,201802,0.399006623150462,0.7084699167318353,0.058452950558213715,0.529324790038747,230,0.424778761061947
CSS,201806,0.07743615066177542,0.93125,0.25,0.5835537708480946,65,0.04347826086956522
Dockerfile,202504,0.24730564994189727,1.0,0.0,0.272419653309035,50,
Shell,202503,0.30266790022962864,0.7922077922077922,0.07412048640118815,0.48471705403454063,235,
Objective-C,201909,1.6174107142857146,0.5,0.0,0.8257146575827857,33,0.8333333333333331
C#,202307,0.539509488282359,0.7564263043847131,0.030472126261599942,0.47959001653938066,270,0.5342465753424658
Kotlin,202504,3.060576658833612,0.8679723502304147,0.0,0.3949278572481024,118,
Astro,202312,0.11810279667422524,0.9583333333333333,0.0,0.426757906016138,21,0.25
Go,201808,0.359440117077398,0.6122681858345843,0.03196859335839598,0.5484621577242138,155,0.7692307692307696
Scala,202104,0.8146113114106194,0.7818452380952381,0.08888888888888889,0.40298243423540486,43,0.6
Rust,202402,0.4749513932586546,0.6734984449172107,0.09479455139029605,0.5834041864994228,196,0.5781249999999998
C,201805,0.8512375653305853,0.774712643678161,0.00823045267489712,0.5106130086699274,165,0.5384615384615385
C++,202105,0.644022348354016,0.6177071503642753,0.04161406849975159,0.6031995145820969,331,0.7177914110429449
Lua,202309,0.7677361853832444,0.8541666666666667,0.0,0.42722934391640555,79,0.28571428571428575
Shell,202201,0.3992878504846767,0.7422839506172838,0.015503875968992251,0.4735311517821972,220,0.40476190476190466
Jupyter Notebook,202203,0.2566117039636172,0.790438344575792,0.11483253588516745,0.5208618337620956,178,0.21250000000000002
SCSS,202404,0.09548314339981008,0.9743589743589743,0.13333333333333333,0.6861460348677898,40,0.375
XSLT,202304,0.0,0.6666666666666666,,,9,1.0
Dockerfile,202108,0.621357808857809,0.9239130434782609,0.0,0.7883985278613453,35,0.4285714285714286
Rust,202306,0.5486269563934342,0.6572681374602627,0.05925016511195787,0.5265332408602327,161,0.804560260586319
Smarty,202309,0.17777777777777776,0.6666666666666667,1.0,1.0,7,
Jupyter Notebook,201911,0.35595718047341746,0.7456140350877193,0.011324041811846689,0.4641466031794115,117,0.6721311475409835
Clojure,202101,1.574285714285714,0.8888888888888888,0.0,0.33333333333333337,11,0.0
SCSS,202112,0.2878787878787879,0.7916666666666667,0.0,0.4927376486136672,38,0.4444444444444444
Kotlin,202410,6.8242542943934295,0.9562542720437458,0.041666666666666664,0.49459732611777,126,0.4333333333333333
Makefile,201905,0.3666666666666666,1.0,0.0,0.43949698692151334,17,0.0
F#,201904,0.0,,,,4,
Mustache,202306,0.2,0.5,0.0,1.0,2,1.0
Lua,202303,0.18542282232758422,0.6181818181818182,0.1111111111111111,0.480427536972475,81,0.5882352941176471
Handlebars,202503,0.0,,,,1,
Shell,202001,0.34148523944680026,0.6100877192982455,0.021505376344086023,0.5451562253158557,157,0.5909090909090909
Vim Script,202404,0.6904761904761906,1.0,0.0,0.45285629900691854,13,0.6666666666666666
Shell,202303,0.24228494746327375,0.7873563218390804,0.030303030303030304,0.3773401323336342,252,0.5499999999999999
Dockerfile,201812,0.3194444444444444,0.3333333333333333,0.0,0.6666666666666666,13,1.0
Dart,202306,0.4827112119549287,0.8546070460704607,0.08707830958470343,0.5076628262316556,59,0.5
C++,201803,0.5155285244648014,0.6536276529842704,0.03426101440787704,0.5094464508628505,233,0.5989304812834224
Shell,202010,0.3984228661394016,0.6457653457653457,0.01396103896103896,0.4214512422551923,183,0.3015873015873018
Objective-C,201906,3.3636363636363638,0.5625,0.0,0.15961486596703767,30,0.5384615384615384
HTML,202308,0.15765984895902052,0.8824820318570318,0.1,0.3774819134756235,359,0.40298507462686567
Rust,202408,0.47555472664212195,0.7224270404168065,0.11979959143420686,0.5162798480067442,199,0.6142857142857143
HCL,202209,0.28729386516926453,0.7507836990595611,0.2484848484848485,0.6347117602423572,32,0.46153846153846156
Zig,202112,0.0,0.5,,,4,
Nix,202412,0.1653950951119243,0.6666666666666667,0.0,0.43845008377372713,21,0.8
Dockerfile,202209,0.14965277777777777,1.0,0.0,0.23267207138752521,47,0.33333333333333337
Vue,202506,0.0699079046823408,0.9359649122807018,0.16,0.45445848659218174,60,
CartoCSS,202203,2.0,,0.0,0.9182958340544894,1,1.0
C++,202008,0.7983732385617216,0.6804379100478392,0.04791921865808506,0.545727192657508,287,0.7241379310344825
R,202205,0.495908070673288,0.7910353535353536,0.04261363636363637,0.6213337064557267,64,0.8888888888888886
C#,201911,0.6017552392150503,0.7452849466386644,0.05639815751039211,0.4954221730185552,248,0.6776859504132233
Julia,202404,0.4271630120299998,0.6458333333333334,0.05555555555555556,0.667015563744146,33,0.5555555555555556
Twig,202305,0.03333333333333334,0.0,0.0,0.0,3,1.0
Go,202201,0.641809315694532,0.7063671223571619,0.03774301095729667,0.5341276128222043,283,0.5547945205479453
Julia,202002,0.6887538664520061,0.5862986622986622,0.3115995115995116,0.7732339186026067,20,0.4210526315789474
SCSS,202310,0.06876467680138426,0.8571428571428572,0.0,0.34159718323946736,38,0.14285714285714288
MATLAB,202012,0.24285714285714288,0.5,0.0,0.6107201741466037,24,0.5
Elixir,202501,0.125,0.8,0.0,0.0,18,
VHDL,202312,0.0,,,,4,
C++,202009,1.0849010359286215,0.6341345548939425,0.05828305021633547,0.5651502859158557,310,0.8235294117647056
Swift,202304,0.6699799080305139,0.8106575963718821,0.04444444444444444,0.47282623879096536,67,0.0
Rust,202112,0.3435165281708001,0.7617788522071971,0.08533556913003552,0.6810483012527133,121,0.6363636363636365
Go,202502,1.6383530852437411,0.8324905523769158,0.030651200651200666,0.4935939011134956,330,
Vue,202503,0.17142857142857143,0.8905797101449275,0.0,0.6218483575394835,75,
Perl,202404,0.3197704081632653,0.8333333333333334,0.13333333333333333,0.4834061444815607,20,0.0
Java,201906,0.6810200242235505,0.8071601490265945,0.04329147322020878,0.5149545278106823,425,0.543859649122807
Assembly,202506,0.0,,,,7,
TypeScript,201905,0.4597554333670802,0.6744426022744103,0.046180296812898564,0.5833374750410832,358,0.7450523864959258
PHP,201804,0.897880638735629,0.7342134017945887,0.05588235294117649,0.5733035278644757,204,0.6238532110091743
Bikeshed,202209,1.3333333333333333,1.0,0.0,0.946394630357186,2,
Nix,202504,0.2802379459308807,0.5,0.0,0.1610948952768797,20,
C++,202407,0.685052650519824,0.7445420510522933,0.04807605180360444,0.4881073037958492,404,0.7016129032258069
Rust,202403,0.4312202582584293,0.7586869412836905,0.072,0.5908737321288724,211,0.5999999999999998
Dart,202402,0.2497825020514095,0.9187499999999998,0.021168753726893263,0.4440936761069654,60,0.6056338028169017
Dockerfile,202407,0.04976190476190477,0.8333333333333333,0.0,0.5906902752817144,49,0.33333333333333337
Dart,202203,0.5725260517326181,0.6415204678362573,0.060897435897435896,0.5701345380955903,52,0.65625
Batchfile,202203,0.047619047619047616,0.0,0.0,0.0,7,
Dockerfile,202501,0.13981889978213508,0.8961538461538461,0.0,0.48004125248051643,45,
CSS,202409,0.07218952922077922,0.9484126984126985,0.047619047619047616,0.2955562256505929,85,0.09090909090909091
Nix,202411,0.375,0.8,0.0625,0.8899015667793498,19,1.0
Lua,202404,1.7232051847173429,0.8409090909090909,0.023715415019762848,0.3937922816968362,75,0.6666666666666666
PowerShell,201904,0.9166666666666666,0.75,0.0,0.7617579923065905,16,1.0
C#,202106,0.8793550471464265,0.7541890673320018,0.020141997919775695,0.49675931953552177,254,0.7099999999999999
Svelte,202208,0.4371447028423773,0.65,0.0,0.7263940890980133,15,1.0
Java,201801,0.6863558024826181,0.718895520502646,0.04637604134883373,0.49677656067648845,303,0.5689223057644112
Fortran,201910,0.2,0.7857142857142857,0.0,0.7416130984854556,4,0.25
HTML,201905,0.2537791436694011,0.8421890067502409,0.03968253968253968,0.3352248977131733,306,0.38709677419354843
M4,202103,0.0,,,,1,
CSS,202403,0.615099715099715,0.988235294117647,0.0,0.5221401951743722,92,0.2800000000000001
Swift,202402,1.2164818965897455,0.7973199907982517,0.057142857142857155,0.5523689539776984,64,0.4000000000000001
Ruby,202404,0.22702487770604113,0.8961576354679801,0.0,0.3453407602423713,110,0.3333333333333333
Batchfile,202103,0.25,0.0,0.0,0.4591479170272447,6,0.0
HTML,202411,0.15215168245327265,0.9402855805243446,0.010389610389610388,0.5027434882299558,401,0.32978723404255317
Go,201805,0.7265507914018072,0.6358267383658008,0.05531319951561412,0.5716049307130897,142,0.735294117647059
SCSS,202208,0.4476767676767677,0.8166666666666667,0.0,0.3447205137303505,38,0.25
Kotlin,202112,33.77378155161697,0.8021238021238022,0.043921568627450974,0.41005335676714083,94,0.35714285714285715
R,202401,0.589590945354372,0.5750000000000002,0.0643939393939394,0.43700175365134925,72,0.7999999999999999
Visual Basic .NET,202002,0.5,,0.0,0.4591479170272447,4,1.0
Rust,202505,0.3557373500887037,0.8102978744931999,0.061859668109668114,0.44817640158485034,216,
Svelte,202307,0.10456682769726248,0.880485527544351,0.25,0.6032079518501674,19,0.2727272727272727
AL,202303,0.06451612903225806,0.8,0.0,0.946394630357186,2,1.0
Emacs Lisp,201809,0.8777777777777778,1.0,0.0,0.17299470414358545,13,1.0
Shell,202111,0.41486533777795226,0.7675170068027211,0.053030303030303046,0.48087440745116156,184,0.3090909090909091
Java,201808,0.7451628728432266,0.6962515776339545,0.03028246892175004,0.5167253586469038,350,0.6108108108108111
CSS,202205,0.026547173325563937,0.9384615384615385,0.0,0.24487983468693508,127,0.19999999999999998
C,202408,1.1325204949293188,0.6885413731567579,0.02727272727272727,0.601330396832158,250,0.5744680851063829
R,202211,0.8156852877761969,0.58125,0.05652173913043478,0.5840229570488704,70,0.6
JavaScript,201805,0.9122498578964866,0.6565427647500744,0.035521222072946224,0.4885277650018238,636,0.4846153846153844
C++,202301,0.7533894482111266,0.7168459171231211,0.03181244267451742,0.549114827136219,373,0.7102040816326533
PHP,201905,0.8664201036148385,0.6936329186329188,0.028344187039607144,0.5009612655513902,251,0.5392156862745099
Shell,202502,0.4427550007580495,0.6692493112947658,0.04336734693877552,0.4264986482888781,224,
TeX,202210,0.0009287925696594427,0.9285714285714286,0.0,0.0,18,0.0
Astro,202409,0.1488095238095238,0.9125,0.0,0.6487982101190619,28,0.25
Pug,202010,0.0,,,,1,
HTML,201803,0.3126930809146865,0.7714491869638926,0.037474575591421894,0.403517455565423,247,0.504424778761062
Nunjucks,202504,0.0,,,,2,
ABAP,202306,0.0,1.0,,,2,0.0
Kotlin,201909,0.42781952081277985,0.6295875420875421,0.10000000000000002,0.5690987574901724,37,0.7692307692307692
Swift,202102,1.3196688137313137,0.82265625,0.04761904761904762,0.6641972507330959,70,0.6
Vim Script,202109,0.5076388888888889,1.0,0.0,0.3111149001463231,22,1.0
DIGITAL Command Language,202304,0.0,,,,1,
Jupyter Notebook,202210,0.16911953416626957,0.8799911452867749,0.024830464267083983,0.5163321530442895,194,0.647249190938511
TSQL,202210,0.0,,,,10,
HCL,202312,0.10445759305539942,0.8785714285714286,0.0,0.6553223921923761,49,0.5
R,202311,0.7458290777028451,0.8472222222222221,0.058823529411764705,0.5901554492484152,78,0.6538461538461537
Dart,202405,0.6728783215111084,0.8522727272727271,0.023809523809523808,0.5164430296957108,66,0.6984126984126985
Jupyter Notebook,202104,0.3560617113809172,0.8778166278166278,0.05069444444444444,0.36664336743137277,189,0.40425531914893614
PowerShell,202302,0.43749999999999994,1.0,0.0,0.9821410328348751,18,0.0
BitBake,202103,0.0,,,,1,
C,202210,0.859400170872011,0.7229646697388633,0.07093253968253968,0.45274761233899846,234,0.6721311475409838
CSS,201904,0.06694312080886848,0.9777777777777776,0.0,0.04854607607459134,98,0.058823529411764705
BitBake,202309,0.125,0.0,0.0,1.0,3,1.0
PostScript,202011,0.3333333333333333,,0.0,1.0,3,1.0
Rust,202107,0.4290841775242205,0.6046035805626598,0.0596146898087958,0.4275504450666599,118,0.5102040816326531
Pascal,202005,0.05600000000000001,0.6666666666666667,0.2857142857142857,0.8946747982463995,7,1.0
CSS,201802,0.40457289974335425,0.7901960784313725,0.04047619047619047,0.44255886424263613,53,0.3793103448275863
Makefile,202106,0.3698529411764706,0.625,0.0,0.3430704539184053,21,0.28571428571428575
C++,201903,1.018462374643714,0.5327504739269446,0.08824657733633014,0.6203632947069941,254,0.6168831168831166
Lua,202409,0.39279525510470426,0.8809523809523809,0.023809523809523808,0.46711656362301834,92,0.8235294117647056
CSS,202111,0.7838440440500868,0.9153846153846154,0.25000000000000006,0.6391657194938257,93,0.2142857142857143
C,202205,0.7152247645033253,0.6153846153846154,0.004591836734693876,0.3435689581623204,211,0.6964285714285713
Perl,201905,3.0399159663865545,0.625,0.06666666666666667,0.5483631541780033,21,1.0
Makefile,202403,0.24744897959183673,0.75,0.0,0.7895461844238322,27,0.6666666666666666
Shell,202312,0.3337793132684772,0.8337758799171843,0.0,0.5770359435721444,220,0.5499999999999999
C#,202107,0.6235577735293111,0.7782809959258967,0.022293504410585405,0.5561148980249624,238,0.6250000000000002
Clojure,202102,0.6041666666666667,0.25,0.0,0.7201205059304602,7,1.0
C,202304,0.7588876822921791,0.7027027027027026,0.0084334270380782,0.5832975998702514,225,0.6093749999999999
Edge,202210,0.16666666666666666,1.0,0.0,0.0,1,0.5
C#,202410,0.5295838202197424,0.8389240101312634,0.06935703185703188,0.5566238341914767,286,0.547945205479452
Kotlin,202307,31.176628326739337,0.9210119047619046,0.0,0.4299559514200801,103,0.34615384615384615
Rust,202409,0.39239029623819655,0.7427846839363503,0.08839629999864106,0.44565222941058735,198,0.589041095890411
C#,202302,0.5994286069829269,0.8360012034581,0.020385299763901694,0.5595705798977944,283,0.6822429906542057
CSS,202505,0.04072735022862899,0.9713958810068649,0.0,0.5066412438692991,70,
Shell,202009,0.4094833364300353,0.6338587338587337,0.00899100899100899,0.5104209333960891,187,0.5227272727272728
Kotlin,202104,1.8186724390264388,0.8491757063185634,0.059649122807017535,0.4998200670783275,81,0.4375
R,202409,1.8729244341967557,0.689636752136752,0.11904761904761907,0.5524100103597007,62,0.625
Astro,202010,0.11111111111111113,1.0,0.0,0.0,9,1.0
Vim Script,201909,1.6666666666666667,0.5,0.0,0.9256583540157897,14,0.8
HTML,201906,0.3367663651069824,0.9022649920183127,0.0062499999999999995,0.377856718477549,302,0.31521739130434784
Rust,202105,0.6230280155568831,0.39842712842712835,0.10576923076923075,0.5647875861427212,89,0.7399999999999998
R,202011,0.9019097647052424,0.7333333333333334,0.07142857142857144,0.5160563105618715,51,0.7916666666666667
Rust,202103,0.45864470377154637,0.6664174641148326,0.13367403354158316,0.5200244178103727,87,0.6551724137931034
Scala,202102,0.2546394347364071,0.8778388278388279,0.041666666666666664,0.4567717525367653,40,1.0
Julia,202301,1.0713143923302078,0.7283950617283951,0.0,0.9100367627185519,19,0.0
PHP,201805,0.5341999643226707,0.6455385438478511,0.06610783156237703,0.4906550540018672,225,0.6513761467889907
CSS,202411,0.20458148537192652,0.8605769230769229,0.0,0.46778057157419767,90,0.3125
PowerShell,202109,0.38636363636363635,1.0,0.0,0.33333333333333326,17,0.5
Julia,202312,0.20707485595283637,0.6754850088183422,0.16666666666666669,0.7202750822941766,27,1.0
Kotlin,202501,4.289752116615628,0.8321839080459772,0.0,0.41797807279136706,113,
Rust,202504,0.41655021252846103,0.7650351384192564,0.058856864383180156,0.3602946138827341,185,
HTML,202406,0.1320474765796103,0.8979290935672518,0.06374007936507935,0.3832731030390232,370,0.2971014492753623
LLVM,201905,0.0,,,,1,
Perl,201908,0.44710347264099803,0.625,0.04444444444444444,0.434777869653328,19,0.75
Swift,202506,0.44879965342170436,0.9423076923076923,0.0,0.45578768790929314,57,
HTML,201807,0.4207678327625973,0.8332024817287976,0.014534959989505446,0.40801854891514666,242,0.5454545454545454
Go,202010,0.8085836091020513,0.7266351606713051,0.0325556677643792,0.501079701025553,231,0.6716417910447762
PHP,202405,0.5832669041794197,0.7688633786848076,0.00594121325828643,0.5059977758644553,212,0.5
PowerShell,202502,0.0027727553661677814,0.96875,0.0,0.41635736996495937,38,
CMake,201808,1.3,0.6666666666666666,0.0,0.2717822215997982,4,0.0
Shell,202210,0.24319793522021788,0.5300089847259659,0.011363636363636371,0.398391177838367,248,0.47058823529411764
CSS,202107,0.028340798062798607,0.9102564102564102,0.0,0.3641631965590417,126,0.2857142857142858
C++,202005,0.7350325596606785,0.7042779473773082,0.07220415746011818,0.5356452920987376,324,0.7488986784140973
PHP,202001,0.5117957839135475,0.7530158730158729,0.06780962384953983,0.4655851159806985,280,0.608695652173913
HCL,202211,0.5531834278736574,0.7378723404255321,0.15037593984962405,0.512785186366653,37,0.6842105263157895
Vue,201904,0.5368760064412237,0.7142857142857142,0.0,0.6731596623150746,59,0.6363636363636364
Astro,202404,0.09505337847649623,0.9642857142857143,0.0,0.2684656973568815,25,0.33333333333333337
Dockerfile,202109,0.3847442680776014,0.6857142857142857,0.0,0.5135953683379534,37,0.7777777777777778
Vue,202404,0.11391137404541862,0.9178571428571428,0.06666666666666667,0.4765113827832404,76,0.3
Jupyter Notebook,202304,0.4034392039932889,0.9016975855685534,0.029131985731272292,0.35212685717316083,196,0.32432432432432423
Dart,202501,0.8898102607198719,0.8529856386999244,0.053030303030303025,0.5407380917997692,69,
Astro,201903,0.7247204830053666,0.32142857142857145,0.28125,0.8816843828413803,4,0.6666666666666666
C,202011,0.5985062166397926,0.7400205761316871,0.007258064516129031,0.6163620506599337,189,0.6909090909090907
Jupyter Notebook,202401,0.2908843974234022,0.8354747816286279,0.018518518518518517,0.32641631930015297,206,0.5405405405405405
Nix,202104,0.15789473684210525,0.2857142857142857,0.4,0.892079563925711,7,
Svelte,202004,0.24093867762932508,0.4390243902439024,0.3939393939393939,0.8858899544970866,7,0.8571428571428572
F#,202503,0.9705882352941176,0.3333333333333333,0.0,0.9833761901392238,3,
Vue,201910,0.21726190476190477,0.5909090909090909,0.007936507936507936,0.5155866871052579,141,0.31999999999999995
Scala,202408,0.4494135805467581,0.8033333333333333,0.0,0.3872284481236866,24,0.33333333333333337
Rust,202207,0.32813137156264693,0.7847494553376906,0.06468555821099352,0.3348520260493616,149,0.6585365853658535
M4,201805,0.0,,,,1,
Emacs Lisp,202108,1.7792663476874007,0.7857142857142857,0.0,0.9438750875647453,16,0.7777777777777778
R,201901,0.6804240631163708,0.9583333333333334,0.0,0.8776839070548246,35,0.8571428571428571
Jupyter Notebook,202504,0.25942612644187896,0.9055331088664423,0.0892857142857143,0.5324302234870403,223,
Go,202107,0.4963908618520675,0.7048153154908804,0.05129745662413967,0.6078145644634709,249,0.5496688741721856
TypeScript,201903,0.3774367469693238,0.6895263130101404,0.05908212073349689,0.56255287706069,305,0.723809523809524
R,202109,0.7765458129722347,0.7258953168044077,0.06666666666666667,0.5159711073567086,57,0.8095238095238094
Rust,202204,0.3817698868415653,0.6201676468185904,0.02483737602785222,0.5627144982582406,125,0.6499999999999998
Ruby,202305,0.4234512116597873,0.8446120689655173,0.07999999999999999,0.3692325490254536,120,0.44999999999999996
R,201808,0.6608278458630572,0.55,0.0,0.5090644515484226,25,0.8666666666666666
Elixir,202202,0.14541759053954176,0.3242857142857143,0.625,0.5948760580669978,27,0.0
TeX,202409,0.12352110618822731,0.5833333333333333,0.0,0.21528199952300991,25,1.0
R,201907,0.7527031578267752,0.5625,0.15656565656565657,0.7216120807023665,40,0.7000000000000001
TeX,202104,0.040384615384615394,1.0,0.0,0.0,17,
PostScript,201910,0.5,1.0,,0.0,3,0.0
Kotlin,201906,0.19872315184815184,0.9214285714285714,0.0,0.22397414577715113,32,0.3333333333333333
C#,202311,0.397162824035472,0.8232984158994618,0.019141316998310887,0.5356103609854433,279,0.5833333333333336
Scala,202302,0.4641648509573039,0.8397177419354839,0.0,0.23602790076705332,41,0.625
Vue,202309,0.2211818793451447,0.8308823529411765,0.06666666666666667,0.5824401789150195,71,0.31250000000000006
Julia,202007,0.7146825929516659,0.4351851851851852,0.12063492063492066,0.6014801491308283,22,0.6666666666666666
Go,201809,0.5062268455827355,0.5978043456188447,0.01775067750677507,0.5132527822248073,151,0.7280701754385965
Verilog,201911,0.8,1.0,0.0,0.5435644431995964,6,
unknown,201906,0.9156650995449507,0.7725722589646641,0.033818049766325624,0.408570639439655,762,0.4389140271493213
TypeScript,201902,0.5300799097195859,0.668287140318385,0.05172023288863182,0.6516157053650146,275,0.7884615384615383
Jupyter Notebook,201903,0.3664974305164733,0.7993012422360248,0.05048076923076923,0.44360676424288653,80,0.29166666666666674
R,202406,0.42281376882129396,0.6923076923076923,0.0,0.32112173637678704,65,0.5454545454545455
Jupyter Notebook,202107,0.44498829819473656,0.8387893269613701,0.04829721362229102,0.37624519983998467,173,0.12121212121212124
Less,202208,0.8,0.0,0.0,0.8112781244591328,1,
Monkey C,202307,0.0,1.0,,,1,
C#,202306,0.4161885391332218,0.847396224376038,0.01476907737777303,0.4163765169539793,270,0.43421052631578966
Vue,202304,0.28566049799849447,0.8845833333333334,0.0,0.5532117695775536,75,0.75
Twig,202108,0.0,1.0,,,4,0.0
Lua,202311,0.4717302304059443,0.44642857142857145,0.0,0.5175125705287896,72,0.7
Jupyter Notebook,202106,0.17378597597446163,0.8230747322852587,0.05151098901098902,0.32791475086669186,192,0.37735849056603776
Shell,201807,0.6918126888512285,0.7152857142857143,0.0,0.49823231926143613,113,0.6206896551724138
Swift,202401,0.3233801672712213,0.8831168831168832,0.0,0.23131422662965656,70,0.36363636363636365
CSS,201803,0.13660601962833194,0.8129629629629629,0.0,0.4720616204530186,60,0.35000000000000003
Jinja,202003,0.041666666666666664,0.5,0.0,0.0,8,1.0
CSS,202209,0.057560556257681784,0.8666666666666666,0.0,0.3771525655700039,167,0.2916666666666667
TSQL,202208,0.0,,,,3,
PHP,202308,0.4455092500563564,0.8430735930735929,0.026666666666666672,0.47987213622620883,229,0.4374999999999999
Dockerfile,202403,0.059761854929863356,0.8030303030303031,0.0,0.4579719306070649,44,0.5
Elixir,202205,0.2805977710233029,0.43333333333333335,0.16666666666666669,0.3135484832051154,21,1.0
Objective-C,202302,0.7546296296296295,0.7321428571428571,0.0,0.47957395851362233,17,0.2
Jupyter Notebook,202105,0.19018049211850782,0.8063623203813537,0.02197802197802198,0.46692853177930893,182,0.4634146341463415
Ren'Py,202406,0.18181818181818182,0.3333333333333333,0.0,0.0,2,1.0
Rust,202211,0.23431157678675876,0.8319700414235532,0.039796947282229024,0.4891548642978031,166,0.43661971830985913
XSLT,201901,0.4833333333333333,1.0,0.0,0.3936043567851146,7,1.0
Dart,201905,1.5848765213281342,0.5,0.0,0.6361212053340135,16,1.0
Fortran,202112,2.3981481481481484,0.0,0.09523809523809523,0.36732682317124005,7,
SCSS,202403,0.3302253302253303,0.9166666666666666,0.2,0.7699837200891854,38,0.7999999999999999
Vue,201905,0.6978116614894729,0.8433048433048432,0.011904761904761904,0.6504184001306463,62,0.4736842105263158
MATLAB,202109,0.8717948717948717,1.0,0.0,0.2618250990757781,25,1.0
Go,202012,0.7213945499806294,0.6346347822948806,0.027695631694280038,0.5615984083213731,215,0.6580645161290323
Astro,202410,0.17795166277528868,0.9243697478991597,0.09523809523809523,0.5839563780279852,27,0.1
Visual Basic .NET,201907,0.0,1.0,,,1,
Julia,202210,0.24528390480771436,0.8749999999999998,0.12500000000000003,0.5227661534582302,26,0.2222222222222222
Ruby,201806,0.44274813898607895,0.8034528106550267,0.01241830065359477,0.4474837434670538,134,0.07661290322580643
Smarty,202202,0.6818181818181819,0.5,0.6666666666666666,0.7963066600588165,5,1.0
Jupyter Notebook,201908,0.24913644199372817,0.8304308565531474,0.018838304552590265,0.39867285470095637,96,0.8039215686274509
Ruby,202407,0.22496913201247562,0.8865384615384616,0.0,0.27427328160544673,100,0.45454545454545453
Kotlin,202406,7.241347965716868,0.9051724137931033,0.0980392156862745,0.4066099542133187,117,0.16666666666666674
Fortran,202302,2.4375,0.7575757575757576,0.05263157894736842,0.7916156611894252,6,1.0
HTML,202112,0.27085433650426244,0.8337272727272725,0.04000000000000001,0.38588390520442994,365,0.33333333333333337
MATLAB,202102,0.5344489592244083,1.0,0.0,0.3235956017118537,26,0.0
CSS,201907,0.07861654135338346,0.9047619047619047,0.0,0.1541887672643081,115,0.22222222222222227
PowerShell,202303,0.06547619047619048,1.0,0.0,0.5,26,0.0
HTML,202502,0.24221321739007692,0.9465066170388751,0.015325670498084294,0.33992352295163103,403,
Perl,202208,0.24107142857142866,0.75,0.0,0.43372559793973586,21,1.0
Elm,202010,0.041666666666666664,0.0,0.0,0.0,2,1.0
Elixir,202402,1.1153846153846154,0.5466666666666666,0.08000000000000002,0.6922905949533966,17,1.0
Astro,202407,0.11052631578947368,0.7857142857142857,0.0,0.30609861135149646,21,0.6666666666666666
HCL,201902,0.4,1.0,0.0,1.0,9,0.0
Astro,202102,0.02241150861253076,1.0,0.0,0.5,10,0.0
Kotlin,202506,1.0282473368452707,0.9032258064516127,0.0,0.36852182408455336,108,
HCL,202303,0.21211537154953009,0.83992277992278,0.07407407407407407,0.5606201031320008,40,0.5384615384615384
Pawn,202301,3.3333333333333335,,0.0,0.6994517293345286,2,1.0
CSS,201809,0.28248764776365953,0.8508771929824561,0.125,0.65268115353766,79,0.25
Jupyter Notebook,202205,0.344355667790115,0.7762828615998804,0.027705627705627706,0.310791231107509,202,0.37499999999999994
Go,201801,0.46078625528455774,0.5897515018556049,0.09487406098099868,0.6867256312818071,129,0.6347305389221556
Dockerfile,202311,0.036650286650286655,1.0,0.0,0.0,48,0.5
Python,201810,0.8014212797233874,0.6894383908813979,0.04811872273275783,0.5513159058908873,551,0.4817518248175182
Vue,202001,0.3096051235586118,0.5303030303030303,0.006644518272425249,0.6461929458895367,98,0.8125000000000002
PHP,201802,0.6248833104906131,0.7015193126786402,0.057660117660117666,0.6166185313873733,211,0.543046357615894
C,202202,1.0769761665405038,0.6418650793650795,0.023809523809523805,0.5208850443060734,199,0.6923076923076924
Go Template,202502,0.19293478260869565,0.9375,0.0,0.24064269829578744,8,
Lua,202211,0.5482073877484033,0.69375,0.0,0.4149469113512532,71,0.7333333333333334
Jupyter Notebook,201802,0.631396304980311,0.7955508474576272,0.0,0.6019761547263228,43,0.588235294117647
Astro,202310,0.08588070967933667,0.9523809523809523,0.0,0.702819531114783,19,0.14285714285714288
Scala,202012,0.1757671104639068,0.9796597633136095,0.05,0.38732230891832425,34,0.0
Kotlin,202407,5.623315026049082,0.8350926850926851,0.09803921568627452,0.6984892486910499,110,0.4545454545454545
Dart,202106,0.521279761904762,0.9017857142857142,0.095,0.4079941358079844,55,0.7333333333333333
C#,201812,0.42967431579450016,0.8924484542651069,0.03741935483870968,0.5659740297919417,184,0.5757575757575756
Scala,202309,0.4851839556412269,0.8058608058608058,0.0,0.12317177168880539,37,0.33333333333333337
Dockerfile,202305,0.17646672771672778,0.9280303030303031,0.055555555555555566,0.577781309361298,43,0.4285714285714286
QML,201803,0.2826086956521739,1.0,0.2222222222222222,0.7487368590694103,2,0.5
Lua,202403,3.799273754157715,0.8035714285714286,0.0,0.3072401856595476,81,0.6538461538461539
Go,202102,0.5724194173451741,0.7066334715704462,0.020285861654748626,0.5204007561116978,248,0.6183206106870227
C,201903,0.9866831416578015,0.6210884353741495,0.0384418901660281,0.5630724341856584,169,0.7666666666666667
PHP,202011,0.5027033616483629,0.7375160875160871,0.030626780626780627,0.48344499442754557,250,0.525
Kotlin,202207,18.643646321764603,0.8606227106227107,0.011904761904761904,0.3450964299995919,92,0.5882352941176471
C++,201805,0.9285554285232178,0.7301350601674971,0.03641737594478534,0.5306213077049554,225,0.6850393700787402
C#,202408,0.5166476258646703,0.8532051400049935,0.023809523809523808,0.5192155789522073,275,0.5428571428571429
ZenScript,202506,0.0,1.0,,,2,
Emacs Lisp,202302,1.15625,1.0,0.0,0.7981735515246235,18,0.5714285714285715
R,202505,0.5246179200277561,0.5423076923076924,0.061111111111111116,0.6636512304109349,55,
Vue,202401,0.477854241953176,0.9186327888687235,0.07142857142857142,0.2903289958779751,96,0.4117647058823529
Scala,201904,0.46075460487225184,0.6696078431372549,0.0625,0.26551378961844935,19,0.8333333333333334
Go,202105,0.42523699603116183,0.6931241733030032,0.02082015601939701,0.500328786878788,250,0.4886363636363636
Groovy,202205,0.04501915708812261,0.6666666666666666,0.0,1.0,10,0.33333333333333337
Svelte,202106,0.4023902529761905,0.8195876288659794,0.09523809523809523,0.8723320893087255,16,0.75
Nix,202501,0.196078431372549,0.8833333333333333,0.0,0.5527448648266836,22,
Stylus,201907,0.0,,,,2,
SCSS,201804,0.9485714285714286,0.2222222222222222,0.0,0.5936436121901872,11,0.8333333333333334
R,202502,0.7689892787409494,0.8714285714285714,0.0,0.6736397422249831,69,
PowerShell,202011,1.496212121212121,0.625,0.0,0.45535323978415365,20,0.4
HTML,201808,0.26671358004794304,0.8324698634698635,0.007936507936507934,0.5498409348174531,257,0.3174603174603175
Lua,202405,0.4012881562881563,0.8966666666666666,0.019138755980861243,0.6086037583169832,80,0.6923076923076924
Rust,202008,0.4551524405945592,0.3751255010558527,0.12289657452504597,0.6331944149383405,74,0.7073170731707316
Fortran,202307,2.907076719576719,0.5666666666666667,0.5,0.4826857613936386,8,
SCSS,202009,0.07243699578782041,0.7268518518518519,0.2,0.6468082589291777,47,0.4285714285714286
Dart,202502,0.49904054964732203,0.8925438596491229,0.01680672268907563,0.6355952352427966,67,
C++,201802,0.7795490749951248,0.7876909254267745,0.025741149895359184,0.5416502770710802,217,0.7283236994219654
HTML,201907,0.3407308246015684,0.7976151424978717,0.03564814814814815,0.4149175159656198,329,0.3457943925233644
Objective-C,202410,1.8583333333333334,1.0,0.0,0.553494752255291,19,0.75
PHP,201809,0.6932274836178033,0.7740219656886324,0.03760083268279988,0.5029271827810428,222,0.542553191489362
Swift,202405,0.685712981711046,0.8588383838383838,0.029411764705882353,0.5993366201925392,68,0.44999999999999996
Julia,202008,0.4617098169444273,0.2185528756957328,0.07653061224489796,0.6271314676170613,18,1.0
Makefile,202209,0.7935912698412699,0.5714285714285714,0.0,0.4230397091696957,20,0.6666666666666666
Vue,201809,0.3140779985390619,0.7222222222222222,0.2363636363636364,0.7353630062854238,29,0.8571428571428571
Jupyter Notebook,202012,0.37750406162277506,0.8384374634374634,0.0774371827003406,0.41927688733138957,168,0.576271186440678
Scala,201811,0.24616959064327484,0.7324263038548754,0.0,0.821064431319978,19,0.28571428571428575
Makefile,202408,0.27564102564102566,0.4444444444444444,0.0,0.3718348733980942,22,1.0
Vue,201808,0.2844551282051283,1.0,0.04166666666666667,0.5169557460083491,27,0.5
Jupyter Notebook,202010,0.28278468349366653,0.8101762163892446,0.07895279323850753,0.4509964547630131,177,0.5588235294117645
XSLT,202211,0.0,1.0,,0.0,5,
Clojure,202503,0.007407407407407407,0.5,0.0,0.0,9,
Nix,202007,0.42690058479532167,0.3333333333333333,0.0,0.551163502198544,5,1.0
Rust,201901,0.8127016704440527,0.7742424242424243,0.06547619047619045,0.4430060670585272,46,0.4615384615384615
Jupyter Notebook,202306,0.20415254597312704,0.8732323232323231,0.047619047619047616,0.6293169872515114,178,0.38461538461538464
Swift,202109,0.6875323297042567,0.6401515151515152,0.05748194014447885,0.7168511669472962,68,0.6521739130434783
HCL,202105,0.07352110699325146,0.9666666666666666,0.05,0.462539766431388,24,0.125
HCL,202111,0.08657513348588863,0.8479289940828402,0.0196078431372549,0.6071758123000214,32,0.5789473684210527
Jupyter Notebook,202002,0.8607503645650402,0.8452380952380952,0.10504201680672268,0.3678224924697121,145,0.577777777777778
Go Template,202402,0.0,,,,6,
Vue,202505,0.3147615406219076,0.8820861678004535,0.18333333333333332,0.48391025905326723,71,
C#,202303,0.5760530332285618,0.8249757456855465,0.010683492826349969,0.41859482459134106,293,0.6063829787234042
C++,201804,1.2169457784779631,0.7055470895822782,0.04658586277699916,0.5909062320505352,214,0.5960264900662252
Zig,202209,1.3541666666666667,,0.0,0.5,3,0.5
C++,201907,1.2434734886544843,0.6175887445887446,0.013120874319353585,0.4707227788801674,270,0.7753623188405797
Dart,202410,0.9137744232216094,0.7540740740740739,0.01904761904761905,0.6486051323306744,63,0.5542168674698794
MDX,202005,0.887905604719764,0.7212885154061625,0.0,0.8281828972216743,4,0.6875000000000001
C++,201905,0.9809368676163569,0.6265716055229794,0.03508671123443148,0.6197116933063076,249,0.7487179487179486
Vue,201811,0.26394803630575986,0.8333333333333333,0.0,0.5560600760248534,28,0.25
Swift,202012,1.0757105814577077,0.65,0.05128205128205129,0.6039560756511606,63,0.5599999999999999
Rust,201812,0.6939911052140153,0.5416666666666666,0.00966183574879227,0.5910534743380121,36,0.8235294117647057
DM,202009,0.0,1.0,,,5,
Lua,202306,0.393798449612403,0.7266666666666667,0.0,0.6387355450676656,66,0.8888888888888888
Svelte,202502,0.25804589193190225,0.9214285714285714,0.2962962962962963,0.3149726309417246,18,
R,202308,0.540577957396139,0.8944444444444444,0.0,0.345292203689862,67,0.5833333333333333
Go,202208,0.5088989504528995,0.7847950171556618,0.06159137419641625,0.4974291573220831,324,0.5689655172413788
Julia,202105,1.0819775132275131,0.5380952380952381,0.17500000000000002,0.6810771684346274,17,0.6
Gherkin,202008,6.166666666666667,0.8888888888888888,0.0,0.5919828192076781,2,
SQLPL,201809,0.0,1.0,,,1,
Ruby,201803,0.4498159894897054,0.6778079710144926,0.015700483091787436,0.42752713647459206,151,0.14396887159533076
Jupyter Notebook,202006,1.6784169895093817,0.8012736056214317,0.048148148148148155,0.2889196589038249,164,0.2545454545454545
RobotFramework,202111,0.0,,,,1,
TeX,202002,0.21184371184371187,0.5,0.0,0.7463070340085629,21,1.0
Jinja,202412,0.04100529100529101,0.8888888888888888,0.0,0.2704260414863776,12,0.0
Shell,202204,0.5596741724772936,0.697720797720798,0.015625,0.41264522633978445,206,0.5434782608695653
C#,202401,0.4337695571793819,0.7935652114677537,0.0379574304102606,0.47066298317360944,298,0.6916666666666665
HCL,202502,0.051939377801446765,0.9000488758553273,0.0,0.6189739017418758,48,
C#,201807,0.619845417552296,0.7559834368530022,0.0252637215226973,0.53063941737633,184,0.6979166666666663
R,202108,1.0034612045780957,0.7999999999999999,0.0,0.5921366314777997,52,1.0
Solidity,202401,0.16035353535353536,0.7857142857142857,0.0,0.8916346773862083,8,0.2
Jinja,202210,0.0,1.0,,,11,
Vue,202403,0.7073715337929366,0.8454765360425738,0.0,0.4589392244499614,77,0.5714285714285714
Liquid,202406,0.2142857142857143,0.8333333333333334,0.0,0.9375506256562981,7,0.3333333333333333
DM,202310,0.0,1.0,,,4,
Dockerfile,202404,0.19129867046533713,0.4,0.0,0.2489415499662354,46,0.6666666666666667
WDL,202108,0.3611111111111111,0.5,0.0,0.8904916402194913,1,
Visual Basic .NET,202004,0.011904761904761904,1.0,,0.0,4,0.0
OCaml,202307,0.43392461197339244,0.7708333333333334,0.031746031746031744,0.6207273304731771,14,0.6666666666666666
C#,202308,0.5799787579132598,0.868949891244893,0.022993655119258983,0.498534114999617,254,0.40506329113924056
Vue,201812,0.6783418945395688,0.8571428571428572,0.0,0.5558978700405673,35,0.3157894736842105
Ruby,202503,0.18293009230810822,0.9034722222222223,0.0,0.49135189131198137,126,
Jinja,202106,0.007058823529411765,0.88,0.0,0.9206198357143047,11,
SCSS,202103,0.3161752136752136,0.6666666666666667,0.0,0.6086219860617449,64,0.28571428571428575
Apex,202308,0.0,,,,2,
Stylus,202309,0.0,1.0,,,3,
HTML,202309,0.2955983971769574,0.9418021680216802,0.03492063492063492,0.4861532942520573,383,0.2816901408450705
GDScript,202310,0.875,0.5,0.0,0.9852281360342515,10,0.25
C#,201809,0.5696926165176106,0.7987813656931302,0.017129541719705654,0.5138687412418393,196,0.565217391304348
ZenScript,202209,0.2692307692307692,0.5,0.0,0.9629610647945144,2,0.6
HCL,202501,0.10270688613711867,0.8375000000000001,0.0,0.6957610981826636,51,
C#,201802,0.8521283944313433,0.7779815564552406,0.026483674671203297,0.43764996482053703,158,0.5686274509803924
Inform 7,202204,0.0,,,,1,
C#,201906,0.8873167210607273,0.7418049270990448,0.01571611019886882,0.5420237811991843,203,0.6179775280898878
Go,201802,0.6409579800941184,0.6559105836066619,0.10288461538461541,0.5257582556026386,125,0.6590909090909094
Dart,202305,0.8346119294467457,0.855,0.046666666666666676,0.5824361193148518,65,0.6170212765957445
Swift,202309,0.5605770842928979,0.7773308319983513,0.0392156862745098,0.6318281874931564,71,0.47058823529411764
PLSQL,202407,0.0,,,,1,
C,202201,0.892426642577933,0.6354166666666669,0.033279220779220776,0.5684236751004679,215,0.6507936507936508
CSS,201905,0.03139753036133925,0.8987616099071206,0.0,0.1276476366854718,100,0.4736842105263157
Jupyter Notebook,202411,0.19840604824089295,0.9517730496453901,0.024691358024691357,0.3187334445764401,208,0.2549019607843138
Perl,202305,1.2854497354497354,0.5750000000000001,0.0,0.4914882984800754,18,0.5
Ruby,202410,0.35001360133359816,0.7803030303030304,0.0,0.5063291856148728,122,0.6923076923076923
Swift,202502,0.7940435736471542,0.7592592592592593,0.11904761904761907,0.5923917563932273,63,
Perl,201911,0.06934046345811051,0.375,0.0,0.2704260414863776,20,0.5
Kotlin,202405,5.914746875405658,0.9096025925294218,0.06349206349206349,0.38186838530422046,118,0.21875000000000003
Solidity,201904,0.5845771144278606,0.5869565217391305,0.625,0.432464555726576,3,
Crystal,202503,0.0,,,,1,
R,202302,1.1055179135922446,0.7944444444444443,0.055555555555555566,0.5260102319255279,82,0.7142857142857143
Makefile,202501,0.19909888193158326,0.7291666666666667,0.08333333333333334,0.7507646584163441,28,
Dart,202210,0.4521086172308508,0.7124985065710873,0.0,0.6017549887522078,68,0.6129032258064515
R,202010,0.7429700996677739,0.6666666666666667,0.017094017094017092,0.793986725657525,59,0.6956521739130436
Go,202111,0.4777689001396428,0.659689809452618,0.021192905063872804,0.576789970970047,249,0.6456692913385829
Svelte,202011,0.28564931127090015,0.8319559228650139,0.29333333333333333,0.5722250588839777,7,0.46153846153846156
Lua,201901,0.20444444444444446,0.8888888888888888,0.0,0.33333333333333326,24,0.14285714285714288
Gherkin,202307,1.66,0.1,0.0,0.47147943037176654,1,
Emacs Lisp,202204,0.8002609427609426,0.33333333333333337,0.0,0.7329146255979899,19,0.6666666666666667
Groovy,202010,0.2387096774193548,0.6,0.0,0.32501121082417705,7,0.0
Twig,202410,0.024691358024691357,1.0,,0.0,3,
LilyPond,202001,0.0,,,,1,
Assembly,201906,0.33333333333333337,1.0,0.0,0.4999999999999999,5,1.0
C#,202403,1.0086513046021082,0.7370497781911224,0.07458684932089187,0.45130405786964434,297,0.553191489361702
Dockerfile,202506,0.21096347729687137,0.9057239057239057,0.0,0.31727498700056495,33,
Emacs Lisp,202112,1.4310439560439563,0.6025641025641025,0.05714285714285714,0.7377194583998037,18,0.8
SCSS,201906,0.04344729344729345,0.6666666666666666,0.0,0.2704260414863776,29,0.5
Component Pascal,202304,0.0,,,,1,
Perl,202105,0.23089591567852435,0.8333333333333333,0.0,0.23860850073124126,19,
HCL,202309,0.12261181812889985,0.7804310613134143,0.014285714285714285,0.5410253013467329,47,0.4210526315789474
GLSL,202212,0.7059829059829059,0.6428571428571428,0.25,0.9121202395989383,5,1.0
Julia,202104,0.4001672717583044,0.6733333333333333,0.0,0.7258792059162086,21,0.4444444444444444
CSS,201901,0.21177977936042458,0.823529411764706,0.05555555555555555,0.6237351002931553,68,0.19999999999999998
Liquid,202108,1.3012048192771084,0.8181818181818182,0.0,0.7583387009002157,1,0.5
Julia,202111,0.32321529467791865,0.5002003205128205,0.12857142857142856,0.6506533158036472,23,0.6666666666666666
Markdown,202412,0.006015517638441371,,,0.0,14,
Julia,202205,0.5078869047619048,0.8833333333333334,0.08333333333333333,0.5975260496960956,17,0.25
MATLAB,201902,0.0,,,0.0,16,1.0
Julia,201912,0.5910952325408406,0.1375,0.16840659340659342,0.8501142993624532,16,1.0
Svelte,202404,0.12800687285223372,0.6870967741935484,0.16666666666666666,0.4371139000930791,18,0.5
Dockerfile,202502,0.07615235297565484,0.9351851851851851,0.0,0.25850217127483105,52,
Markdown,202212,0.022074709384550723,1.0,,0.0,9,
Svelte,202206,0.16363789243295884,0.9166666666666666,0.125,0.5355965841087247,19,0.2
Go,202301,1.03405223177418,0.7820141065830724,0.03245456719273076,0.5749482860096888,328,0.5423728813559323
C,201904,3.8957834687043653,0.7120689655172415,0.06920634920634919,0.48208776201772424,178,0.6444444444444445
C,202004,0.7969372028592158,0.7538461538461538,0.010722610722610727,0.5741948846828484,191,0.7746478873239436
Assembly,202107,0.25,,0.0,0.0,7,0.0
Nim,202205,0.9020506108202443,0.2236842105263158,0.07692307692307693,0.7157315290498844,5,1.0
JSON,202503,0.0,1.0,,,3,
OCaml,202104,0.6166344916344916,0.16666666666666666,0.03125,0.41082851377809804,10,1.0
DM,202301,0.0,,,,5,
Solidity,202205,0.20573776505979888,0.6133720930232558,0.0,0.8081897675048132,14,0.4375000000000001
CSS,202208,0.15411554084443685,0.9080378250591016,0.0,0.35903269430167783,102,0.3548387096774194
Markdown,202309,0.010586476758031347,,,0.0,12,
Markdown,202208,0.00989864879797386,,,0.0,6,
Gherkin,202404,0.4861111111111111,0.5833333333333334,0.4,0.5995335933856524,2,
Svelte,202101,0.307674263339288,0.47058823529411764,0.18571428571428572,0.7599795270887613,7,0.6363636363636364
Kotlin,202403,24.428908513620577,0.9305194805194803,0.04545454545454545,0.3175288203241949,119,0.4375
Mathematica,202311,0.0,1.0,,,2,0.0
Open Policy Agent,202402,0.0,,,,1,
Mathematica,202312,0.0,,,,1,
Mathematica,202403,0.0,,,,1,
Kotlin,202205,21.131386488146358,0.847699175824176,0.09803921568627451,0.5327366531916152,99,0.39024390243902446
Objective-C,202106,0.7098348348348348,0.75,0.0,0.30547943242802333,35,0.33333333333333337
Dockerfile,202309,0.12240825212523326,0.92,0.0,0.7667621179419758,47,0.4
CSS,202008,0.06323454844581601,0.8388111888111888,0.11111111111111113,0.5419023777453538,231,0.3076923076923077
Dockerfile,202208,0.09821428571428573,1.0,0.0,0.24999999999999994,39,0.14285714285714285
Pug,202108,0.0,,,,3,
Reason,202301,0.0,,,,2,
CSS,202310,0.20380533447610102,0.9038461538461535,0.0,0.4783107176275596,97,0.5454545454545454
Elixir,202105,0.46763460375075616,0.13333333333333333,0.0,0.32652325484902034,24,1.0
Lua,202212,0.3041924280419905,1.0,0.0,0.532111658106098,72,0.7
Svelte,202304,0.25407523510971786,0.7777777777777778,0.0,0.5408474708237629,15,0.4545454545454546
Vue,202410,0.27111398337466264,0.8746498599439776,0.07432432432432434,0.6540686288533932,77,0.3
Lua,202106,0.2926736077944406,0.0,0.0,0.5836591668108979,48,0.5
Vue,202208,0.3441699243579965,0.8949938949938949,0.0,0.34796704363984393,114,0.16666666666666666
C#,202105,0.35074446242924606,0.8313229143737617,0.038996770425341845,0.5085483162874023,276,0.5164835164835165
LiveScript,202108,0.0,,,,2,
Julia,202501,0.4509129333541462,0.5958333333333334,0.1111111111111111,0.9314718607660087,28,
Blade,202203,0.008152173913043478,0.9375,0.0,0.0,10,
Vue,202107,0.4321187337627508,0.8973930481283422,0.02857142857142857,0.47372861741698635,94,0.3043478260869565
Vue,201911,0.25448879017663495,0.8222222222222222,0.06666666666666667,0.6363469207376267,130,0.6
Go,202101,0.6389417729298289,0.7084689547996285,0.04493745248462229,0.5891208087623037,245,0.6153846153846152
Jupyter Notebook,202102,0.3065808242631048,0.8892339544513458,0.03492063492063492,0.3414789141578954,182,0.3846153846153846
PHP,202209,0.36695502431654475,0.756060606060606,0.021825396825396828,0.3684764181878269,277,0.4237288135593221
Shell,202007,0.6853031682164442,0.658287545787546,0.0,0.5662145552283607,178,0.5081967213114753
TSQL,202103,0.0,,,,9,
Elixir,202203,0.32554554509235784,0.836884830035515,0.08333333333333333,0.40095809914599156,30,0.4
CSS,202210,0.03828422681340288,0.8925619834710745,0.0,0.34449114952388576,234,0.25
PureScript,202304,0.0,,,,2,
C#,201912,0.5708395119326869,0.8154251102839812,0.036898061288305195,0.48197326872399593,221,0.6458333333333331
TeX,202403,0.019047619047619046,0.9444444444444445,0.0,0.0,20,0.0
Vue,202109,0.1979580673652093,0.8153846153846154,0.0,0.6326255262653034,133,0.23076923076923078
Makefile,202103,1.7592113768584359,0.8472222222222222,0.07407407407407407,0.3804295101340766,29,0.0
Swift,202010,0.9264501346339659,0.8882284382284381,0.04976076555023923,0.5789773805649466,66,0.2142857142857143
Ruby,201906,0.5321638762704302,0.7545277334751018,0.047407407407407405,0.47227169210151126,189,0.19858156028368806
Makefile,202003,0.3473019517795637,0.28125,0.16666666666666666,0.2365986575892965,21,0.4
Lua,202410,0.21374859229908322,0.6466666666666666,0.05594405594405595,0.3042793986465262,83,0.8
Perl,202503,0.22178304787000439,0.9375,0.0,0.7146681777683137,22,
Jupyter Notebook,202312,0.3112741783315736,0.8825396825396826,0.021978021978021976,0.5252271563494744,188,0.41666666666666674
MDX,202402,0.3003228655402569,0.4696382428940568,0.10857142857142857,0.8119459284666842,12,0.3333333333333333
Kotlin,202212,24.278003710538172,0.8201707969544639,0.019047619047619046,0.5539600866868054,107,0.39130434782608686
Julia,202306,0.6890062111801242,0.8333333333333333,0.0,0.6212302592341286,28,0.0
Shell,201811,0.4832178023046538,0.5060185185185186,0.0,0.2958613216046252,155,0.5625000000000001
Lua,202103,0.14610167837626856,0.6111111111111112,0.0,0.598849038935901,44,0.375
Scala,202101,0.39303999645351145,0.8508333333333334,0.0753968253968254,0.35172464169367745,38,0.375
Swift,202307,0.75749658075968,0.6782407407407407,0.07692307692307693,0.7143950590553824,66,0.5833333333333334
SCSS,202008,0.0800558422280342,0.6785714285714286,0.0,0.8600689202261729,45,0.6666666666666667
C#,202411,0.30423329983698283,0.8622877875136911,0.024573983230699644,0.5219190531098207,288,0.4945054945054944
Dockerfile,202112,0.5758241758241758,0.7999999999999999,0.0,0.3839754280059417,36,0.5882352941176471
Haskell,202012,0.8399122807017545,0.6666666666666666,0.125,0.6016866237174752,12,0.6666666666666666
Svelte,202310,0.3143506601032682,0.985,0.2222222222222222,0.30798863927914905,24,0.10000000000000002
Roff,202406,0.0,,,,2,
R,201910,0.4847347140437203,0.8083333333333332,0.08333333333333334,0.47227117388159834,42,0.8181818181818182
Common Lisp,202407,0.0,,,,5,
Objective-C,202206,0.3846153846153847,1.0,0.0,1.0,24,0.5
Scala,202008,0.35341463445410926,0.8123443223443224,0.08333333333333334,0.5366259673863467,31,0.5
MATLAB,202107,0.6742424242424241,1.0,0.0,0.32840937867808384,28,1.0
OCaml,202304,0.375,1.0,0.0,0.9591479170272448,13,0.0
PowerShell,202103,0.26708333333333334,0.9444444444444444,0.0,0.2714946653295801,19,0.8
Scala,201812,0.623175125313283,0.6666666666666666,0.06666666666666668,0.6440283934728139,22,0.4
mcfunction,202405,0.0,1.0,,,2,0.0
Ruby,202312,0.22602761542987315,0.8727678571428572,0.0,0.41831917389151313,103,0.6
Emacs Lisp,202405,0.6242603550295858,,0.0,0.5345133352390968,19,0.0
C,202203,0.6955485296255868,0.6333333333333333,0.038548752834467126,0.47323675670763277,216,0.6562499999999999
Shell,201904,0.6275170348705074,0.6157657657657657,0.05952380952380952,0.5448714705170221,137,0.4999999999999999
Julia,202208,1.0216931493343386,0.5235449735449735,0.18148148148148147,0.8495636510671171,19,0.7142857142857143
SCSS,202402,0.052702702702702706,1.0,0.0,0.4349577648868129,46,0.0
Vue,202501,0.14771241830065363,0.8999999999999998,0.0,0.14386658081763545,62,
Ruby,201808,0.47313954206473635,0.6585567322591542,0.06818181818181818,0.5495612201863602,142,0.11403508771929834
Rich Text Format,202007,0.2708333333333333,1.0,0.0,0.8071654175796328,4,0.0
Pascal,201810,,,,,6,
Lua,202505,0.38517887147177765,0.8076923076923077,0.015873015873015872,0.5952634352904801,79,
ASP.NET,202002,7.0,1.0,,0.0,1,
Dart,202404,0.35708011970609954,0.7420634920634921,0.0,0.4511153315572231,76,0.5147058823529413
C#,202201,0.33887354503203976,0.7555912654596866,0.052150390929789806,0.4770920268625549,295,0.5698924731182797
Twig,202407,0.5970149253731343,,0.0,0.0,2,0.0
ABAP,202309,0.6666666666666666,0.3333333333333333,0.0,0.7854752972273343,2,0.0
PowerShell,201907,0.6915584415584416,0.8,0.0,0.6724509190935958,13,0.6
C++,202102,0.6428205485366975,0.7053532608581965,0.06575582470231624,0.6481934362470521,319,0.7263157894736839
Rust,201903,0.7830806122529549,0.4023809523809524,0.19047619047619047,0.7598960031008576,46,0.5333333333333333
Clojure,202211,0.0,,,,6,
Dart,202411,0.9723754186008849,0.7956251466103683,0.03080808080808081,0.556657944184176,64,0.5263157894736841
PowerShell,202412,0.2543641246367215,0.8333333333333334,0.0,0.48649258573236226,33,0.36363636363636365
C,201906,0.7014633389833872,0.7094017094017094,0.04120463709677419,0.503419509099855,155,0.7499999999999999
GLSL,202406,1.5,,0.0,0.9182958340544894,3,
OCaml,202012,0.6418103448275861,0.4666666666666667,0.06349206349206349,0.8448702949606709,9,0.6666666666666666
MATLAB,202207,0.4568452380952381,1.0,0.0,0.7157801421416579,25,0.75
CSS,202309,0.23052383740789534,0.8913043478260869,0.0,0.4454265004944206,98,0.42857142857142855
Nushell,202411,0.0,,,,3,
Solidity,202501,0.2833333333333333,0.9444444444444444,0.0,0.4591479170272447,7,
MoonScript,202106,,,,,1,
Cuda,202204,,,,,1,
Objective-C,201902,1.611111111111111,1.0,0.0,0.35612148557421675,27,0.5
Puppet,201805,2.25,0.0,0.0,0.7514627759555522,2,1.0
Objective-C,202409,0.6904761904761905,1.0,0.0,0.903770430067743,13,0.4
TeX,202008,0.0,,,,12,
CSS,202304,0.08363371683307301,0.8936507936507935,0.0,0.3322173287403355,114,0.23529411764705882
Vim Script,202306,1.3285714285714285,1.0,0.0,0.339469659169402,12,1.0
C,202402,0.8575223037299521,0.6516666666666666,0.006578947368421052,0.48070605035363323,232,0.4833333333333333
HCL,202302,0.05098710317460317,0.9365079365079364,0.1,0.2990165652247683,47,0.3333333333333333
Logos,202009,,,,,1,
MATLAB,202403,0.4285714285714286,1.0,0.0,0.9182958340544894,29,0.5
VHDL,201806,,,,,1,
Haxe,202103,0.0,,,,3,
PLpgSQL,202212,,,,,2,
OCaml,201911,0.37254901960784315,0.3333333333333333,0.0,0.6394319446848298,11,1.0
F#,202203,0.0,1.0,,,6,
Scheme,202403,0.0,1.0,,,5,
Lua,202012,0.3054195804195805,0.6666666666666666,0.0,0.39017187512877793,38,0.44444444444444453
CSS,202504,0.1655376850933797,0.868768768768769,0.0,0.6936629147344633,77,
Shell,202105,0.31353273242819635,0.4146551724137932,0.012820512820512825,0.5309761513483309,206,0.525
Haskell,202208,0.27269345238095233,0.5,0.08333333333333333,0.6699633303940874,12,0.6666666666666666
VHDL,202008,,,,,3,
Verilog,202305,0.0,,,,7,
Roff,202111,0.0,1.0,,,3,
Swift,201804,1.4757306763285025,0.6257396449704142,0.08205128205128204,0.5934341661730836,35,0.43243243243243246
Swift,201805,2.2702430555555555,0.7408730158730159,0.11728395061728396,0.7633927128386268,39,0.38095238095238093
Common Lisp,202103,0.0,,,,4,
Elixir,202102,0.45999999999999996,0.0,0.0,0.33333333333333326,17,1.0
Pascal,202310,0.0,,,,9,
Emacs Lisp,201910,1.525925925925926,0.3888888888888889,0.05555555555555555,0.6061293217589315,15,0.7142857142857143
R,202410,0.7532066110207487,0.8154761904761905,0.008333333333333333,0.6442008388090692,73,0.5909090909090908
R,202404,0.5239784009057047,0.7142857142857143,0.0392156862745098,0.568695796153315,68,0.6470588235294118
CoffeeScript,201909,0.8541666666666666,0.8,0.0,0.6037593748197108,10,1.0
Elixir,201903,0.16560072267389342,0.6000000000000001,0.13333333333333336,0.2690551391932109,13,0.6666666666666666
MATLAB,202202,0.17067067067067068,1.0,0.0,0.4323934896284056,22,0.6666666666666666
Haskell,201810,0.5208333333333333,0.44444444444444453,0.0,0.318144667641655,13,0.33333333333333337
Nasal,202301,,,,,1,
SAS,202412,,,,,1,
Ruby,202403,0.17213921056882522,0.9402173913043479,0.0,0.46280935240496446,111,0.10000000000000002
Shell,202202,0.350926260054339,0.7871212121212122,0.020833333333333336,0.465316799726513,203,0.21428571428571427
PHP,202407,0.5351397907108146,0.8477244543650793,0.026000000000000013,0.4814812808411333,221,0.45161290322580655
SCSS,202107,0.0771583156904258,0.6876456876456876,0.0,0.251236130993701,64,0.6296296296296295
GDScript,202311,0.08333333333333333,0.6666666666666667,0.0,0.0,11,0.6666666666666666
Ruby,202102,0.25706901124026044,0.803442513368984,0.01534526854219949,0.5711339443244648,198,0.282051282051282
Shell,202005,0.5870609119875267,0.47241689128481584,0.00784313725490196,0.39779707327884806,191,0.6438356164383563
Groovy,202211,0.11021142600089968,0.7916666666666666,0.5,0.38967491864604253,11,0.75
Nix,202101,0.4335115864527629,0.7250000000000001,0.2222222222222222,0.7996820152480553,7,0.5
MATLAB,202412,1.0,1.0,,0.0,22,0.0
OCaml,201901,1.0079343094578552,0.3333333333333333,0.0,0.6210401895222104,9,0.6666666666666666
Groovy,202406,0.0,1.0,,,10,
Svelte,202302,0.33764478764478767,0.7285714285714286,0.05714285714285714,0.41370374545107275,17,0.33333333333333337
C,201807,1.1474660463956248,0.6806972789115646,0.06428571428571428,0.5806895088150474,159,0.6388888888888887
Kotlin,202412,4.212581875134152,0.895238095238095,0.022222222222222227,0.49290372970573426,121,0.5
Rust,202108,0.36843225529907303,0.5645035666088299,0.09813072991546078,0.5624778579369258,95,0.48888888888888893
CSS,201911,0.06277106773288021,0.881578947368421,0.0,0.35558650978743866,162,0.10714285714285712
Kotlin,202310,23.96898280400411,0.840659834991819,0.07716049382716049,0.566354049505809,108,0.45161290322580644
Go,201907,0.956390579201528,0.6176547316457446,0.044501038237481944,0.6622502223861977,193,0.7531645569620248
Kotlin,201907,0.5565476190476192,0.7297979797979799,0.16666666666666669,0.7569755727862774,31,0.375
Visual Basic,202411,,,,,1,
Svelte,202103,0.7776048318433375,0.6411290322580645,0.2111111111111111,0.9061954446097579,11,0.5833333333333333
HCL,202411,0.1089772295912647,0.8873809523809524,0.06666666666666667,0.4775902058404728,43,0.6
Makefile,202204,0.8891666666666669,0.8571428571428572,0.0,0.3934692615398865,24,0.6
Swift,202306,0.5432507253374882,0.7499299719887956,0.07692307692307691,0.5015015203589192,57,0.2800000000000001
GDScript,202402,0.016666666666666663,1.0,,0.0,11,
Lua,202111,0.16880928306610815,0.8333333333333334,0.0,0.5962494597778122,56,1.0
Common Lisp,202505,1.0,1.0,0.0,0.0,5,
Pascal,202305,,,,,6,
Elixir,202112,0.332703488372093,0.42792792792792794,0.1,0.23366200667515657,20,0.75
HCL,202403,0.256480570951785,0.8133503401360545,0.047619047619047616,0.45274027088037033,46,0.38461538461538464
Emacs Lisp,201906,3.148148148148148,1.0,0.0,0.8821201237637906,14,0.6
Nim,202312,0.65,0.20689655172413793,0.0,0.304555788154695,7,1.0
Objective-C,202102,1.425,0.5,0.0,0.9649580875068995,25,0.75
Dart,202007,0.5207203759442566,0.691025641025641,0.04500000000000001,0.6666788608636236,41,0.5238095238095238
C#,201905,0.8232535741578713,0.808725810585672,0.04675879114706213,0.5589933891013258,206,0.6200000000000002
Rust,201909,0.4522205769546213,0.6299019607843136,0.02072336265884653,0.5559715127878044,57,0.7567567567567567
Emacs Lisp,202003,0.8641567661728952,0.3,0.027777777777777776,0.8407074196168445,18,0.8947368421052632
HCL,202212,0.26372892338129805,0.8396464646464648,0.0,0.4533922035974496,40,0.4
OCaml,201811,0.7999999999999999,1.0,0.0,0.306873278571435,12,0.5
MATLAB,202506,0.33333333333333337,,0.0,0.0,19,
Vim Script,201811,1.269230769230769,0.6666666666666666,0.0,0.593990983953697,17,0.33333333333333337
Swift,202210,0.7274665568143829,0.8007936507936508,0.11051693404634579,0.5883494505959019,71,0.6363636363636366
GLSL,202109,0.5,1.0,,0.0,4,
Blade,202201,0.0,1.0,,0.0,8,0.0
Nix,202407,0.8568392638474311,0.5059523809523809,0.13,0.7557210062657963,18,0.8571428571428572
Scheme,202501,,,,,3,
Dart,202401,0.6218226812327315,0.8773690078037903,0.0,0.4525440637974796,71,0.6666666666666669
C,202109,0.9649941820717255,0.6455831608005522,0.02653061224489796,0.5024969081501152,188,0.5555555555555556
TeX,202209,0.026094276094276093,0.5,0.0,0.0,17,1.0
Perl,202210,0.22424242424242422,0.8,0.0,0.2028195311147832,21,0.0
Common Lisp,202105,0.0,1.0,,,4,
MATLAB,201909,0.875,,0.0,0.5765246528378741,20,0.33333333333333337
C++,202412,0.7500898403688598,0.767396357926645,0.046716570320109986,0.5068449204548385,379,0.6010928961748635
Ruby,202411,0.14188135277730765,0.8682795698924731,0.0,0.48620930606065554,108,0.1818181818181818
CoffeeScript,202112,,,,,2,
MATLAB,202001,0.1111111111111111,0.6666666666666666,0.0,0.49261406801712576,19,0.25
Nix,202503,0.09753086419753086,1.0,0.0,0.4026602230462953,25,
Logos,202309,1.0,,0.0,0.0,5,0.5
Swift,201905,0.6410656370076085,0.6649122807017543,0.09523809523809523,0.6800017415396237,51,0.391304347826087
Clojure,201811,0.4444444444444444,1.0,0.0,0.8112781244591328,5,0.0
Makefile,202503,0.09643323996265174,1.0,0.0,0.19642820656697504,26,
Dockerfile,202303,0.3448979591836735,0.7638888888888888,0.0,0.6088219207651875,50,0.5714285714285714
OpenSCAD,201807,,,,,2,
MATLAB,202002,0.41666666666666674,1.0,0.0,0.4717148767857287,25,0.25
Vim Script,202008,0.8854166666666669,0.5,0.0,0.6951505285642985,22,0.7499999999999999
TeX,202506,0.08148148148148147,0.9166666666666666,1.0,0.5,16,
Go,202005,0.7975275701347344,0.6341232924943333,0.09915343915343916,0.637407163855677,196,0.6327683615819206
Makefile,202309,0.5985936285936285,0.8571428571428572,0.0,0.5730767788268429,22,0.5
Dart,201908,0.5013157894736843,0.6,0.028571428571428577,0.20980205012989223,28,0.5454545454545454
ASL,201912,3.0,,0.0,0.9182958340544894,1,1.0
Perl,202410,0.1388636363636364,1.0,0.0,0.25,22,0.0
Vim Script,201905,0.44155844155844154,0.5,0.0,0.7440529719910235,17,0.6
Pascal,201911,0.0,1.0,,,9,
Vue,202111,0.19133141536786882,0.8151260504201682,0.12535612535612536,0.5300544601547426,96,0.47368421052631576
D,202111,,,,,1,
CMake,202502,0.26666666666666666,0.0,0.0,0.0,7,
Monkey C,202212,4.0,0.0,0.0,0.8112781244591328,1,
CSS,202503,0.07301341217210251,0.9606060606060606,0.0,0.30015917979738993,86,
C,201808,0.5827056316208353,0.793159332221832,0.07078373015873016,0.5478277360849343,155,0.6065573770491802
Elixir,202301,0.27857951329937747,0.7410714285714286,0.0,0.1892789260714372,28,0.33333333333333337
Scala,202011,0.9035471668389841,0.8013157894736842,0.02666666666666667,0.7228801511380653,33,0.4
MoonScript,202102,7.0,,0.0,0.9852281360342515,1,
GAP,201905,,,,,1,0.0
SCSS,202303,0.06443548387096774,1.0,0.0,0.25,58,0.0
Solidity,202402,0.5782312925170069,0.9444444444444445,0.0,0.8341613626222741,14,0.375
Objective-C,201911,0.859577922077922,0.7,0.006289308176100629,0.4203538352323591,34,0.75
Jinja,202401,0.5582070707070707,0.86,0.0,0.9398219130582695,14,1.0
Smalltalk,202302,1.5,,0.0,0.32501121082417705,3,0.0
Common Lisp,201808,0.25,,,1.0,3,0.0
PHP,202406,0.43301334600348534,0.8022366522366524,0.06405895691609977,0.5061058468296471,199,0.3870967741935484
Julia,202503,0.271104620061189,0.5793650793650793,0.09895833333333336,0.7379274729121241,26,
MATLAB,202501,0.0,1.0,,,26,
Edge,202506,,,,,1,
XSLT,202102,0.05128205128205129,,0.0,0.954434002924965,7,
Blade,202008,0.0,,,,7,
MATLAB,202305,0.06369309838472834,0.9777777777777777,0.25,0.7630456827695495,28,0.0
Rust,202312,0.6266195908102482,0.6955353648228183,0.07147748314292701,0.609657972905716,196,0.6219512195121951
GDScript,202401,0.0,,,,9,
Emacs Lisp,202107,1.4653968253968255,0.0,0.10096153846153846,0.8503978533244043,18,0.75
EJS,202104,0.0,,,,8,0.0
Verilog,201912,0.125,1.0,0.0,1.0,6,
R,202009,0.4219619520529195,0.8200000000000001,0.08333333333333334,0.4686564023570783,51,0.7142857142857143
PostScript,201912,,,,,2,
Lua,202112,0.06613005050505051,0.8,0.0,0.4423074369639932,51,0.1111111111111111
Perl,201803,0.3097408871321915,0.6071428571428572,0.2,0.3210438978347231,18,0.5
MDX,202006,2.108080808080808,0.3225806451612903,0.004694835680751174,0.5116176570332067,3,0.8709677419354838
Verilog,202301,0.5,,0.0,1.0,9,1.0
Edge,202301,,,,,1,
Dockerfile,202009,0.23672111312764674,0.6111111111111112,0.047619047619047616,0.3824080692480505,26,0.7
Julia,201804,1.2976190476190477,0.1,0.33333333333333337,0.8929389201890613,7,1.0
Perl,202303,0.800184407096172,0.7083333333333333,0.0,0.3992245744636178,20,0.4285714285714286
Scala,202002,0.3630871522036124,0.6961111111111111,0.031746031746031744,0.43540092986333406,30,0.75
Objective-C,201806,2.7880291005291005,0.8333333333333334,0.0,0.7378587055989024,28,0.5000000000000001
Jupyter Notebook,201807,0.3160343966378449,0.7755102040816327,0.1142857142857143,0.4616796237575614,52,0.4444444444444444
Vim Script,202412,0.25,0.75,0.0,0.7896900821428474,12,1.0
Nim,201906,0.5833333333333334,0.0,0.0,0.0,3,1.0
Clojure,202201,1.2166666666666668,0.25,0.2,0.8491327779295419,11,0.5
Perl,202408,0.17413324979114458,0.75,0.0,0.14841527336991522,18,1.0
Logos,202304,2.033333333333333,0.8333333333333334,0.0,0.0,3,0.4285714285714286
CoffeeScript,202111,0.0,1.0,,,4,0.0
Dockerfile,202011,0.44439190964013675,0.8541666666666665,0.0,0.38978764797893345,33,0.4285714285714286
Perl,202012,0.5801190476190478,0.95,0.0,0.6143886605164004,18,0.20000000000000004
Jupyter Notebook,201907,0.5048721808708542,0.842540494458653,0.0030562347188264056,0.4449738773937357,99,0.7416666666666661
PHP,202501,0.41807201864425053,0.8370275689223058,0.006756756756756756,0.44721895124502714,214,
Objective-C,201907,1.582222222222222,0.6666666666666666,0.007142857142857142,0.4193289053090635,30,0.6666666666666667
PostScript,201802,0.0,1.0,,,2,0.0
HCL,202203,0.6235155711556003,0.6571841851494696,0.16666666666666666,0.5575628696960507,34,0.625
EJS,201903,0.05555555555555555,,,0.0,3,
Makefile,202412,0.27364952172819595,0.7523809523809523,0.15,0.5047709499739444,22,1.0
CMake,202109,0.0,1.0,,,7,0.0
C#,201801,0.5690977353051724,0.8211944444444447,0.02815731277269739,0.5041357932269228,166,0.5958549222797932
Lua,202007,0.22839133796708688,0.6604938271604938,0.20000000000000004,0.30625587391216813,33,0.33333333333333337
PHP,201801,0.8260937333045034,0.7143465914147726,0.045907038126717765,0.5922239876875831,217,0.5319148936170213
Ruby,202501,0.4417887154042297,0.7677777777777777,0.11764705882352941,0.3964189040989564,106,
Objective-C,201807,1.9154761904761903,0.25,0.0,0.6773003003458473,28,0.4583333333333335
Kotlin,201908,0.5336174772939478,0.9666666666666666,0.0,0.6078552291577112,35,0.8333333333333334
Verilog,202408,5.0,0.0,0.0,0.9709505944546688,6,
Perl,202101,0.538386421762381,0.8333333333333334,0.0,0.30540445292966417,28,0.6666666666666666
Solidity,202212,0.11522633744855969,0.575,0.0,0.5020704397010536,16,0.5833333333333333
Emacs Lisp,202111,1.1091710758377427,0.4,0.0,0.9413373402230769,24,0.42857142857142855
Objective-C,201808,1.2702380952380952,0.8333333333333334,0.0,0.7060688752380329,27,0.5555555555555556
Dart,202011,0.4829202769550659,0.7698412698412698,0.11666666666666668,0.5420792579131205,49,0.5909090909090909
Swift,202208,2.4665809890969816,0.8304453262786597,0.04901960784313725,0.5975417306896865,71,0.5312499999999999
CMake,201905,8.0,0.7142857142857143,0.4,0.8387106419146823,4,1.0
Vue,201807,0.1333333333333333,0.0,0.0,0.5940762396379339,23,1.0
Less,202302,0.037037037037037035,,0.0,0.0,5,
Swift,201908,1.6625546218487395,1.0,0.0,0.6731380107305273,47,0.49999999999999994
Haskell,201812,0.21132897603485837,0.75,0.0,0.5739760316291208,12,0.0
CSS,201908,0.06962591961638637,0.9404761904761905,0.0,0.0909090909090909,121,0.2222222222222222
Lua,201801,0.5882352941176471,1.0,0.25,0.8262056065206542,17,0.5714285714285715
Swift,201902,1.6204888167388167,0.8116883116883118,0.08181818181818185,0.7675378101213733,37,0.5416666666666666
Objective-C,202201,1.2954545454545454,,0.0,0.7093352288935867,21,0.5714285714285714
Less,202308,1.0,,0.0,0.0,2,
Less,202303,2.2222222222222223,1.0,0.0,0.5,3,0.0
Less,201808,5.0,,0.0,1.0000000000000002,1,0.0
Solidity,202506,0.08333333333333334,1.0,,0.0,7,
Shell,202308,0.16898108993372585,0.7428229665071768,0.022825659189295553,0.4254178198747894,217,0.44999999999999996
Swift,202504,0.4694853207673719,0.9374999999999999,0.0,0.5561819002442069,53,
Common Lisp,202306,0.21212121212121213,0.0,0.0,0.8631205685666311,4,0.0
EJS,202206,0.002403846153846154,1.0,,1.0,9,0.0
Scala,202210,0.9589025644254181,0.6680911680911681,0.05714285714285714,0.4480910821822599,45,0.5
C,202007,0.7673774375551365,0.7397306397306398,0.04690821256038647,0.5794489689768723,196,0.5333333333333333
TeX,202011,0.07434492510273519,0.5833333333333333,0.0,0.8035572568751483,22,0.0
Go,201812,0.6744911568645855,0.6454195741635357,0.03310228550018733,0.5444354972658969,145,0.652173913043478
Jupyter Notebook,201809,0.5550229968530623,0.7749999999999999,0.1037037037037037,0.38309359149556893,51,0.5
OCaml,202303,0.5952380952380952,0.3333333333333333,0.0,0.9727652780181631,9,0.6666666666666667
Jinja,202502,0.23424230090896753,0.8,0.0,0.6514697520751989,10,
Batchfile,202006,1.0,0.0,0.0,1.0,3,
HCL,202007,0.0850697922927937,0.6951951951951951,0.023809523809523808,0.6765573682269763,20,0.46153846153846156
Jinja,201904,0.5908408408408408,0.9166666666666666,0.0,0.6100827009292922,7,
R,201803,0.951367491441021,0.5833333333333334,0.0,0.7734895096774691,22,0.7333333333333333
Jinja,202209,0.02599854756717502,0.8,0.0,0.0,14,0.33333333333333337
Emacs Lisp,202412,1.3093220338983051,1.0,0.0,0.6585762744032515,17,0.5
Haskell,202408,0.6043956043956044,1.0,0.0,0.5,14,
Tcl,202209,0.0,,,,3,
Vim Script,202104,0.28952991452991456,0.8333333333333333,0.0,0.7345384046516932,20,0.5
Objective-C,202007,0.7130766836649188,0.6666666666666666,0.0,0.44544807780623125,43,0.6153846153846153
Dockerfile,201805,0.05454545454545454,0.6666666666666667,0.0,0.9182958340544894,14,0.5
AutoHotkey,202111,0.0,,,,4,
ASP.NET,202010,0.0,1.0,,,1,
Lean,202411,0.0,1.0,,,1,
Shell,201907,0.7015518766010892,0.4257246376811594,0.0,0.4524382477823036,143,0.6875000000000001
Jupyter Notebook,202111,0.25579922118078136,0.7825670498084292,0.017112299465240642,0.36425707863903084,176,0.6444444444444445
Rust,202002,0.679493546045351,0.6399465549617217,0.06249371543489191,0.6081645943172093,62,0.7741935483870969
CartoCSS,202205,0.0,,,,1,
Scheme,202307,0.0,,,,3,
Shell,201806,0.4999118287925407,0.5306776556776557,0.056122448979591844,0.4638865460838389,113,0.6153846153846154
Shell,201803,0.8029201169049645,0.5774515339732731,0.06956521739130435,0.5596555843274199,101,0.7272727272727271
Makefile,202305,0.21568627450980393,1.0,0.0,0.25,24,0.0
Lua,202407,0.3731733802920244,0.8577777777777779,0.018518518518518517,0.3747445252337981,82,0.65
Perl,202506,0.47655677655677664,0.9,0.0,0.2470819940733746,14,
Pug,202203,0.0,,,,2,
MATLAB,202404,0.0,,,,23,0.0
HCL,202101,0.16985619469026553,0.9236842105263157,0.03508771929824561,0.15132151637575433,20,0.33333333333333337
Shell,202108,0.4394913963504574,0.6843358395989975,0.08333333333333333,0.516534913942647,184,0.611111111111111
R,202504,0.4198395249123382,0.7427083333333334,0.04186795491143317,0.5452739615849671,64,
Lua,202310,0.5350310180569404,0.5818181818181819,0.025641025641025644,0.4304153303863875,68,0.6
Ruby,202402,0.16649313715889805,0.8629172044993547,0.05555555555555555,0.38933161096566843,113,0.35294117647058826
Ruby,201903,0.42242090401317617,0.6825672321289431,0.020728291316526613,0.5614211661619368,156,0.2234042553191489
Dart,201807,0.0,1.0,,,7,1.0
OCaml,202404,0.049999999999999996,0.75,0.0,0.47957395851362233,10,0.0
Dart,202303,0.43422173923376817,0.907142857142857,0.053981106612685556,0.6635388646619432,64,0.5111111111111111
Forth,202305,0.0,,,,1,
Lua,202411,0.260146779304388,0.9688888888888888,0.0,0.5030917056893128,74,0.3846153846153846
HCL,202405,0.1179084461554756,0.8779566022213081,0.07142857142857144,0.5852256049744441,48,0.2727272727272727
Scala,202208,0.5864362580048856,0.8628048780487805,0.16666666666666669,0.6751184534073731,35,0.4
Jupyter Notebook,201810,0.4777196869222733,0.8421052631578947,0.04166666666666667,0.4640668750395867,60,0.4
CSS,202502,0.061738397718434014,0.9918864097363083,0.0,0.46795795775066207,79,
Dart,201901,1.2914801248134582,0.375,0.0,0.7915264906353455,11,0.8333333333333334
Nim,201812,1.5,,0.0,0.9182958340544894,2,0.5
OCaml,202201,0.9027777777777777,0.6666666666666667,0.0,0.6982847506235863,14,0.2857142857142857
Gnuplot,201901,0.3333333333333333,,0.0,0.0,1,
Makefile,201908,0.32268518518518513,0.6333333333333333,0.0,0.5673183336217957,15,0.33333333333333337
Component Pascal,202212,0.0,,,,1,
Dockerfile,201909,0.5531968031968032,0.55,0.0,0.49106577172619775,18,0.625
R,202012,0.5257988757573658,0.6,0.033333333333333326,0.5360962589367068,68,0.7727272727272728
C,201804,0.9358676817766206,0.7054247339961625,0.012912482065997133,0.39365248546183174,160,0.49019607843137264
MATLAB,201804,1.0909090909090908,0.75,0.0,0.6617427120114172,15,0.25
Scala,202501,0.2679963937725528,0.7830578512396694,0.0,0.2802204083934057,25,
MATLAB,202112,2.0113295113295115,1.0,0.0,0.3253402160788717,22,0.5
GDScript,202001,0.041666666666666664,1.0,0.0,0.9999999999999998,3,
Nextflow,202506,0.2320406865861412,0.6,0.0,0.689302875955821,11,
Stata,202008,0.75,,0.0,0.9182958340544894,1,
Vim Script,202006,0.6360843216692408,0.25,0.0,0.37733717093255825,19,0.8571428571428571
Dockerfile,202102,0.1787861975831901,0.9365079365079365,0.041666666666666664,0.5465985808392702,39,0.375
Erlang,202009,0.55,0.0,0.5,0.4591479170272447,4,
Haskell,202210,0.25202254641909816,0.125,0.35555555555555557,0.8618099149472814,13,0.0
PowerShell,202505,0.1005648879271291,0.9523809523809523,0.0,0.40246468019649706,36,
Dart,201910,1.0174242424242423,0.5714285714285714,0.0,0.5012805493422554,21,0.7692307692307692
Objective-C,202001,2.236842105263158,0.25,0.0,0.43778153949147064,41,0.75
Swift,202408,0.5264613834135053,0.8620208879971191,0.06666666666666668,0.3955911642485519,67,0.5625
Pascal,202409,0.0,1.0,,,7,0.0
Scala,202107,0.6252702835520173,0.8525362318840579,0.2,0.5383978206830372,38,0.75
Rust,202009,0.5253361339650264,0.375135916714864,0.11765482473120473,0.6245968471628673,74,0.7575757575757578
Lua,201908,0.3201754385964912,,0.0,0.7162433801794817,28,0.3333333333333333
Batchfile,202112,0.2829775588396277,0.0,0.09523809523809523,0.2720389349161313,9,
Markdown,202202,0.020664128277366155,,,0.0,7,0.0
SCSS,202309,0.20029239766081866,0.9666666666666667,0.0,0.5944231182574722,33,0.0
PHP,202312,0.5667957125127613,0.794592413236481,0.006001500375093773,0.5236660532635373,210,0.5762711864406781
R,202001,0.6522045855379188,0.8333333333333334,0.0,0.564585374675414,37,0.6666666666666666
SCSS,202405,0.5609030197444831,0.8749999999999999,0.08333333333333334,0.5985361428536518,45,0.35714285714285715
OCaml,201908,0.18840579710144928,0.5,0.0,0.675674086452821,10,1.0
Dockerfile,202304,0.25934514132511904,0.6960227272727273,0.0,0.6157353720268743,41,0.8333333333333334
Vim Script,202310,0.5,1.0,0.0,0.23271510442896837,11,0.6666666666666666
Scala,202004,0.8676505912786402,0.7883597883597884,0.1111111111111111,0.7271404221091753,31,0.875
Scala,201910,0.7221116012387359,0.7114325068870524,0.0,0.39240511840173886,27,0.7142857142857143
Kotlin,202308,40.40162433537353,0.8100446428571427,0.007017543859649123,0.41356514725309323,106,0.17142857142857149
R,202103,0.7738287911583365,0.7444444444444446,0.12418300653594769,0.6647491449717515,60,0.761904761904762
ASP.NET,202008,0.0,,,,1,
MATLAB,202504,0.08333333333333333,1.0,0.0,0.0,31,
Dockerfile,202005,0.4999829497016198,0.5833333333333334,0.0,0.6169200062367785,32,0.7777777777777778
TeX,202312,0.11479289940828402,0.8333333333333333,0.0,0.42639624424502015,20,0.5
Objective-C,202111,1.4533333333333334,0.9166666666666667,0.0,0.38496786431803637,26,0.625
Perl,202002,0.5362412242211497,0.7333333333333333,0.0,0.49999999999999994,23,0.4
Tcl,202407,0.0,,,,1,
Vue,202112,0.4439031728505412,0.9085925039872409,0.05128205128205129,0.6178185599002646,88,0.31250000000000006
C#,201902,0.8522825176059454,0.7047931321631276,0.027190593893810268,0.5820440715051954,181,0.6900000000000002
Jinja,201906,0.33543417366946776,0.6296296296296297,0.0,0.5739760316291208,7,1.0
R,202003,0.35543149928438145,0.9064171122994652,0.017094017094017092,0.616059910837545,53,0.4285714285714286
Objective-C,202304,0.1851851851851852,1.0,0.0,0.0,22,0.2
Astro,201907,0.25,,0.0,0.0,5,
XSLT,202112,0.12414965986394558,0.5,0.0,0.0,10,
Shell,202002,0.6482908400143615,0.7973938223938224,0.00974025974025974,0.5393349979612343,150,0.5744680851063827
Jinja,202002,0.12678571428571428,0.6666666666666666,0.0,0.0,10,0.5
Dockerfile,202410,0.01926338102808691,1.0,0.0,0.25,49,0.375
Astro,201906,0.7305555555555555,0.3333333333333333,0.0,0.45951844305463624,6,
Julia,202407,0.5808726150392816,0.6880341880341881,0.0,0.6916936254136143,23,0.75
MATLAB,201903,0.7450980392156862,0.0,0.0,0.33184600997303704,17,0.6666666666666666
MDX,202311,0.5267006635938675,0.6621568627450981,0.0972222222222222,0.8802198760154544,21,0.6111111111111112
Swift,202111,0.8359129219437774,0.7385416666666668,0.044444444444444446,0.7129210689237246,70,0.6521739130434783
Jinja,202008,0.1908831908831909,0.2962962962962963,0.0,0.24064269829578744,10,
Elixir,201901,0.5648855577047066,0.41532258064516125,0.1111111111111111,0.34570665853013544,14,0.6
Ruby,201904,0.43576308088407717,0.7757554945054945,0.01098901098901099,0.5536093470597472,146,0.06837606837606834
GLSL,202211,0.18452380952380953,0.5,0.0,0.4801148589303806,4,1.0
Batchfile,202412,0.8645833333333333,0.08333333333333333,0.0,0.49298505399275705,10,1.0
Fortran,201804,0.125,0.8333333333333333,0.0,0.9182958340544894,4,0.0
SCSS,202406,0.1964048481711525,0.9666666666666666,0.0,0.36832527480986266,32,0.6
Makefile,202411,0.38398794300328826,0.6499999999999999,0.0,0.6350833473727079,19,0.5
Luau,202505,0.0,,,,4,
Haskell,202411,1.153030303030303,0.75,0.0,0.17262411371332623,9,0.25
R,202008,1.3025638056641096,0.9285714285714286,0.044444444444444446,0.6171838174943952,46,0.6666666666666667
Fortran,202502,5.281531531531532,0.8250000000000001,0.07142857142857142,0.7541723156473803,8,
Clojure,202106,0.9588435374149659,0.16666666666666669,0.0,0.7599077367471173,9,0.33333333333333337
Ruby,202502,0.6336636713972555,0.9106122448979591,0.07894736842105264,0.47571450231538226,116,
AL,202309,0.0,1.0,,,2,
ABAP,202404,1.3333333333333333,1.0,0.0,0.946394630357186,1,
Emacs Lisp,202502,0.9967096774193548,0.18421052631578946,0.0,0.6266586675987752,17,
Nim,202410,1.9705882352941178,0.0,0.4,0.8390729739719132,3,1.0
Rust,202201,0.2910148355876415,0.5896579575783114,0.07146109909678104,0.45282388835231985,122,0.6333333333333335
ShaderLab,202404,0.38888888888888895,0.5,0.0,0.9852281360342515,3,
PowerShell,202506,0.03855550611220104,0.8666666666666667,0.0,0.4134129657868276,35,
SCSS,202408,0.3939516129032258,0.8125000000000001,0.0,0.4772982505845004,37,0.4285714285714286
R,202305,0.43748776275658,0.9249999999999999,0.011904761904761904,0.4173360015869035,73,0.7142857142857143
LLVM,202001,2.2,1.0,0.0,0.8689789107251074,2,0.625
Solidity,202405,0.041666666666666664,0.5833333333333334,0.0,0.7128021738009122,10,0.30000000000000004
DM,202312,0.0,1.0,,,5,
DM,202005,0.0,,,,6,
CSS,201804,0.19548313321898228,0.9333333333333333,0.14,0.404077004872589,65,0.25
mcfunction,202010,0.0,,,,2,
TeX,202103,0.027676244627204114,0.92,0.0,0.22957395851362236,24,0.0
PHP,202410,0.3936542853726028,0.8033226079131786,0.030118030118030117,0.42262504570932324,185,0.5238095238095238
Jinja,201901,0.1851851851851852,0.5,0.0,0.5,6,1.0
Open Policy Agent,202111,0.0,1.0,,,1,
Astro,201805,0.1288888888888889,0.5185185185185185,0.10526315789473684,0.6417419608466997,5,0.6000000000000002
QML,201804,0.0,,,,1,
HCL,202408,0.23863936019424542,0.8380430976738522,0.0,0.552321346845009,51,0.25
Yacc,202404,0.0,,,,1,
Scala,201908,0.24995242852385707,0.8583333333333333,0.0,0.7198149703745427,22,1.0
PowerShell,202112,0.0,1.0,,,24,0.0
Logos,202302,0.0,,,,2,0.0
Julia,202305,0.8618463813137442,0.6736363636363636,0.04444444444444444,0.8070596409517449,24,0.45454545454545453
Dockerfile,202106,0.936492673992674,0.6240601503759399,0.051948051948051945,0.4986178345100502,37,0.8
Dart,202005,1.1692476008854407,0.731060606060606,0.05347985347985348,0.6544532466705397,42,0.6666666666666666
Zig,202504,0.0,,,,6,
Objective-C,201905,0.9727891156462584,0.7555555555555555,0.004901960784313725,0.28968398091650077,32,0.5909090909090908
Perl,202203,0.5984962406015039,0.6190476190476191,0.1111111111111111,0.31759042456407177,24,0.6666666666666667
Dart,202008,0.5178894057623049,0.8021943573667711,0.0808080808080808,0.5560770731265218,43,0.6428571428571429
OCaml,202005,0.41861861861861865,0.19047619047619047,0.07751937984496124,0.6540716021613343,11,0.8571428571428572
R,202306,0.5828299756845579,0.6342857142857143,0.0,0.49429308061862887,68,0.7142857142857143
Rust,202012,0.40036198986535204,0.6191651969429748,0.0636863711001642,0.610585791462749,87,0.5555555555555556
Vim Script,202312,0.7291666666666666,1.0,0.0,0.7883928339187418,13,0.75
F#,202008,0.0,1.0,,,6,0.0
Rust,202506,0.340912455682352,0.7771810062510666,0.09993994028634101,0.45058143473257556,175,
C,201812,0.7678422086045378,0.734848484848485,0.0,0.4225476500855675,156,0.4285714285714284
Move,202402,1.7857142857142858,0.5,0.0,0.0,1,
Dart,202311,0.4857066129940965,0.8046597633136096,0.08241758241758243,0.49583046070541753,65,0.5694444444444444
Swift,201803,1.5479858702126914,0.8384353741496599,0.05555555555555556,0.6655433301592093,37,0.3720930232558139
Forth,202407,0.0,1.0,,,2,
Nix,202111,0.1919642857142857,0.2857142857142857,0.6666666666666666,0.7024354396713933,5,0.33333333333333337
POV-Ray SDL,201904,0.0,1.0,,,1,0.0
Markdown,202504,0.024925031848509447,,,0.0,17,
Batchfile,202201,0.25,0.0,0.0,0.7219280948873623,5,
MDX,202108,0.552991452991453,0.51010101010101,0.010101010101010102,0.5033201223573212,6,0.9285714285714285
Makefile,202311,0.058008658008658,0.85,0.0,0.45281953111478324,22,0.2
Fortran,201909,0.25,0.6666666666666666,0.0,0.0,2,0.5
R,201902,1.5033822619957078,0.9642857142857142,0.06666666666666667,0.6456205756800761,36,0.6153846153846153
Markdown,202104,0.0,,,,2,
Liquid,202303,1.5,1.0,0.0,0.8592975083332072,4,0.75
CSS,202501,0.1236959442243995,0.9301587301587302,0.0,0.5383214987378884,84,
Clojure,201901,0.07692307692307693,0.875,0.0,0.8112781244591328,6,0.0
LLVM,201904,0.0,,,,1,
Jsonnet,202410,0.0,1.0,,,2,
PowerShell,202104,0.08333333333333333,1.0,0.0,0.0,18,0.0
LLVM,202310,0.6666666666666667,0.0,0.0,0.0,3,
Visual Basic .NET,202009,0.0,1.0,,,4,0.0
Forth,202201,0.0,,,,2,
EJS,202402,0.10294117647058824,1.0,,0.0,12,0.0
Kotlin,202007,1.151744256317957,0.7614035087719299,0.07142857142857144,0.5403528889683226,60,0.6296296296296297
Astro,202408,0.19482093663911845,0.8749999999999999,0.0,0.38365916681089784,24,0.4
Beef,202412,0.0,,,,1,
R,202111,1.0444612229404162,0.6705882352941178,0.0,0.5423137067868601,65,0.5925925925925926
SCSS,201902,0.8454545454545453,0.4,0.0,0.8234783251232969,20,0.5
Emacs Lisp,202501,1.0738916256157636,0.0,0.0,0.9350977774141559,17,
Scala,202505,0.5765421039960729,0.8541930436751795,0.14545454545454545,0.7710361912217099,32,
Common Workflow Language,201901,0.0,,,,1,
EJS,202211,0.0625,1.0,0.0,0.0,17,1.0
Elixir,202306,0.13666666666666666,0.5625,0.0,0.47957395851362233,13,1.0
eC,201810,0.0,,,,1,
Bikeshed,202103,6.9,0.6666666666666666,0.2857142857142857,0.7458729887324911,1,1.0
WDL,201811,0.0,,,,2,
Kotlin,202108,1.9718366863317476,0.7419916684622566,0.1270086982161286,0.5613845107280296,87,0.5172413793103449
Scala,201809,1.5205357142857143,0.511904761904762,0.08333333333333333,0.576233777624781,19,0.5714285714285714
TSQL,201909,0.0,,,,6,
Solidity,202112,0.4045698924731183,0.8,0.0,0.8471379275149069,8,1.0
Pascal,201906,0.0,,,,8,1.0
Monkey C,202001,0.0,,,,1,
Vue,202102,0.29073209983097786,0.8461538461538463,0.030303030303030304,0.7503361485317118,79,0.4375
Kotlin,201903,0.21834874123762044,0.8669303509729042,0.07142857142857144,0.4565079514135211,29,0.5
TypeScript,201805,0.5831363852039133,0.6404790839854951,0.07615511741685985,0.5923845286966635,203,0.7292531120331952
Haskell,202211,0.0,,,,10,
HCL,202505,0.13700114091552157,0.843253968253968,0.0,0.4683255511362188,43,
MDX,202404,0.41090980551764866,0.7642045454545454,0.08095238095238094,0.8308243264795059,17,0.45454545454545453
Swift,202406,0.37192560411165054,0.8374999999999999,0.03333333333333333,0.5582455224847542,68,0.3333333333333333
Kotlin,202106,1.4294786863107585,0.8721882762046695,0.08980785296574773,0.5541101571445983,82,0.6585365853658536
AngelScript,202002,0.0,,,,1,
Dockerfile,202312,0.06327985739750444,1.0,0.0,0.8647869792568111,51,1.0
Vue,202502,0.12543698034769463,0.9642857142857143,0.08333333333333333,0.49113101792414476,71,
Groovy,201801,0.35,1.0,0.0,0.8631205685666311,4,0.5
GDScript,202304,0.17424242424242423,1.0,,0.0,9,0.0
Dockerfile,201906,0.15267441860465117,0.5,0.0,0.6617427120114172,21,1.0
F#,202409,0.42000000000000004,1.0,0.0,0.42008746929192137,6,1.0
Kotlin,202010,0.4420578755388087,0.8067844784972813,0.075,0.39769643341262756,70,0.3888888888888889
PHP,202403,0.5285390822356991,0.8591549295774649,0.03787878787878789,0.4118374436612179,235,0.3818181818181818
Mustache,202007,0.5384615384615384,0.5714285714285714,0.0,0.9211854965885543,1,0.0
Kotlin,202211,26.597396680106076,0.8928672918442739,0.06072351421188632,0.2768057165431508,102,0.35294117647058826
TSQL,202501,0.0,1.0,,,5,
Dockerfile,201902,0.0248015873015873,0.9,0.0,0.5,17,0.5
Visual Basic 6.0,202306,0.0,,,,2,
Jai,202311,0.0,,,,1,
Perl,202102,0.3773274015488548,1.0,0.0,0.7223116071272896,21,0.3333333333333333
ABAP,202412,0.0,1.0,,,4,
Vue,202310,0.19382821314454518,0.9438368055555556,0.05291005291005291,0.4368143120205135,96,0.4347826086956522
R,202004,0.3045051417570311,0.7796474358974359,0.008547008547008546,0.5364380940662032,56,0.8
Nextflow,202410,0.32744036816178373,0.7333333333333333,0.0,0.6209746137636107,8,0.33333333333333337
Smali,202302,0.5,,0.0,0.9709505944546688,1,
PHP,202208,0.35358297028385527,0.80194705973144,0.028142589118198873,0.48024476364848667,229,0.5
Vim Script,202001,2.7884615384615383,1.0,0.0,0.7265167553328373,18,0.875
GAP,202208,0.5,1.0,,0.0,3,
Groovy,201912,0.1111111111111111,0.0,0.0,0.0,6,
Kotlin,202209,23.07743576065944,0.8058950853068501,0.022222222222222223,0.5008113229466471,100,0.5365853658536585
MATLAB,201806,0.2823529411764706,0.25,0.0,0.4538104688842299,15,0.6666666666666666
Blade,202404,0.0,1.0,,,5,0.0
Smarty,202307,0.1284965034965035,0.975,0.0,0.5,4,0.3333333333333333
Lua,202406,0.715028854351105,0.7516483516483516,0.023715415019762848,0.4938457249477766,67,0.6190476190476191
Makefile,201808,0.5229166666666667,0.5666666666666667,0.0,0.7293363062029637,13,0.33333333333333337
R,201912,0.5677001411574916,0.9583333333333334,0.1,0.42743282859882803,37,1.0
Kotlin,202111,5.638119184071364,0.8866186052024156,0.01964912280701754,0.41912266539468224,85,0.2553191489361702
HCL,202503,0.08501198790245441,0.8607655502392345,0.05714285714285714,0.6633330613020554,45,
Dockerfile,202205,0.1543441514536849,0.8412698412698413,0.0,0.30316930469029557,43,0.2857142857142857
Julia,201904,1.1187249666221628,0.15555555555555556,0.13333333333333333,0.8608951173429173,7,1.0
Groovy,202203,0.0,1.0,,,10,
ABAP,202205,0.0,,,,1,
Coq,201912,0.09090909090909091,1.0,,0.0,1,
Clojure,201802,0.03508771929824561,1.0,,0.0,5,1.0
Nix,202306,0.14233385661957093,0.7727272727272727,0.25,0.9029218842411784,11,0.0
Elixir,201909,0.23891296341271018,0.3220677361853833,0.08888888888888888,0.39644839135836163,18,0.7142857142857143
Batchfile,202310,0.7175324675324676,0.7333333333333333,0.0,0.9118981801491542,8,0.75
Vue,202305,0.24673311964436417,0.9012820512820512,0.0,0.5842998366282205,79,0.4444444444444444
Nunjucks,202008,0.0,,,,4,
Kotlin,202105,1.5236541373415693,0.7143685300207039,0.07037037037037037,0.4487624440757772,81,0.5666666666666667
Lua,202305,0.14942168790851418,0.7777777777777778,0.0,0.4630646250773161,77,0.5714285714285715
C#,201903,0.7653417586024367,0.7195998299609063,0.050365781233128175,0.5937229780890626,202,0.6614173228346455
MATLAB,201808,0.3892045454545454,1.0,0.0,0.9065111031754007,16,0.33333333333333337
Makefile,202409,0.059469696969696985,0.8437500000000001,0.0,0.2397869792568112,27,0.75
Lua,201807,0.5909090909090909,1.0,0.0,0.5704383404469636,26,0.5
Zig,202501,0.1,1.0,0.0,0.0,8,
C,201803,0.5860143653675026,0.5850565205403914,0.011404697380307137,0.4447205415104594,159,0.6029411764705882
Groovy,202311,0.0,1.0,,,10,0.0
F#,202406,0.28205128205128205,0.3333333333333333,0.5,0.8085947862963576,3,
Elixir,202302,0.683127572016461,1.0,0.0,0.8659489800867188,21,1.0
Rust,201912,0.3094397049675642,0.5046176046176047,0.06213556654918571,0.5618177549037093,58,0.7804878048780488
PHP,201810,0.8763303058124463,0.7270149163006308,0.03834244080145719,0.5151183981858889,240,0.635593220338983
Nunjucks,202210,0.01111111111111111,1.0,,0.0,7,
Swift,202108,0.6651919447241085,0.8771929824561402,0.02564102564102564,0.43666457534153125,71,0.2777777777777778
DM,202504,0.0,,,,11,
Vim Script,202210,0.2666666666666667,1.0,0.0,0.14972633578997965,18,1.0
Elm,201902,0.018518518518518517,0.0,,0.0,2,0.5
OCaml,202101,0.6737609329446065,0.26666666666666666,0.10526315789473684,0.7907843949414786,7,1.0
Nix,202312,0.8212301587301588,0.4682539682539682,0.23333333333333334,0.6682927818128644,13,0.75
Scheme,202005,0.11764705882352941,0.0,0.0,0.0,3,1.0
Elm,202201,0.39215686274509803,0.0,0.0,0.4591479170272447,3,1.0
Haskell,202505,0.33101851851851855,0.2,0.0,0.5018036546186293,8,
Emacs Lisp,202506,1.7166666666666666,0.5,0.0,0.5312702098883444,13,
Kotlin,202001,2.0553769841269833,0.856043956043956,0.0,0.7558399888447287,37,0.28571428571428575
Lua,202307,0.4561699523638365,0.8333333333333334,0.0,0.42757330364302526,77,0.6111111111111112
Stylus,202006,1.2,,0.0,0.9182958340544894,5,1.0
Rebol,202104,0.0,1.0,,,1,0.0
Stylus,202310,0.0,,,,4,
Dart,202207,0.3246081412655709,0.786750637755102,0.023391812865497075,0.5830815472191094,54,0.6724137931034483
ZAP,202403,5.705882352941177,0.09090909090909091,0.125,0.7806665497726099,1,
Crystal,202504,0.5,,0.0,0.0,2,
Emacs Lisp,201907,1.704954954954955,0.2857142857142857,0.0,0.7970144892947192,17,0.8999999999999999
eC,202002,0.0,,,,1,
Astro,202506,0.028225806451612913,0.9555555555555555,0.0,0.0,33,
Nix,201807,0.0,,,,2,
Julia,201808,0.45410951621477935,0.18461538461538463,0.0,0.7754201425054861,11,0.75
Dockerfile,202002,0.5331807780320366,0.5714285714285714,0.0,0.9591479170272448,26,0.4285714285714286
Nix,202310,0.1991045321637427,0.9,0.25,0.37688820335322953,13,0.5
Elixir,202209,0.49034831323833883,0.7466666666666666,0.0,0.49481022743892067,25,0.2
Kotlin,201811,0.2827685661315544,0.8015625,0.021052631578947368,0.3669341129510122,26,0.6666666666666666
Swift,202103,1.143098914973915,0.8616442816442815,0.06790123456790123,0.6881624906971433,63,0.5333333333333333
Fortran,202308,2.5290423861852434,0.738095238095238,0.25,0.8655290925149695,7,1.0
HCL,202109,0.07449118485869846,0.8592592592592593,0.02222222222222222,0.5811211006138575,23,0.5384615384615384
Dart,202002,0.9329632815505904,0.6945382882882883,0.057142857142857155,0.8815766186580459,28,0.6666666666666667
Handlebars,202212,0.0,1.0,,,4,0.0
SCSS,201909,0.17344199424736337,0.8333333333333333,0.1,0.6569603835367767,32,0.5
MDX,202310,0.4295826168313358,0.8107371794871795,0.0,0.5860239150609332,15,0.23076923076923078
Dart,202009,1.0151538340386483,0.729761904761905,0.11659451659451661,0.6024371455360614,42,0.6000000000000001
C#,201811,0.810683646923385,0.7477787060243202,0.05611055611055613,0.630512737088492,185,0.6521739130434785
R,201804,1.104449472096531,1.0,0.0,0.5569022816225758,20,0.6
CoffeeScript,202001,0.39351851851851855,0.6666666666666667,0.0,0.25,12,0.5
Kotlin,201911,0.3012430038638536,0.7902116402116403,0.1111111111111111,0.5142988815279299,39,0.13333333333333333
SCSS,202104,0.12073141911851588,0.8888888888888888,0.1,0.3700030230582126,47,0.3333333333333333
Ruby,202311,0.40403129601208926,0.8693121693121694,0.02941176470588236,0.44240217118188485,107,0.38461538461538464
Shell,201905,0.6782392124641586,0.6155462184873949,0.0,0.5309232132197031,130,0.5227272727272728
C++,201808,1.0327400696502331,0.7047383000246343,0.0298182575025722,0.5652733277318358,217,0.5877862595419845
Scala,202307,0.8127480158730158,0.8601398601398602,0.0,0.3272703822101239,36,1.0
Fennel,201811,1.0,0.5,0.15384615384615385,0.6854420252602933,1,0.8
M4,202307,0.0,,,,1,
SCSS,201810,0.11100000000000002,0.7484848484848485,0.16666666666666669,0.560201360919437,16,0.5
ZenScript,202505,0.0,,,,3,
Svelte,202210,0.2061377145528618,0.56,0.0,0.5236763457991497,9,0.5714285714285714
Swift,202205,0.9090955617271407,0.8834498834498835,0.05555555555555556,0.5397484566733257,69,0.4736842105263158
Crystal,202401,0.0,,,,1,
CSS,202401,0.2619142226426995,0.9833333333333333,0.07142857142857144,0.4305555555555556,98,0.07692307692307691
R,202203,0.664175412801939,0.75,0.025974025974025972,0.44671425501432394,64,0.8275862068965517
Astro,202109,0.011904761904761904,1.0,,0.0,7,
VHDL,202206,0.0,1.0,,,4,
Kotlin,202505,3.4654764702102914,0.87602495543672,0.06086956521739133,0.3132382379663057,118,
Astro,202405,0.048564593301435414,0.8888888888888888,0.0,0.22957395851362233,23,0.5
Vim Script,202211,0.13779761904761903,0.5555555555555556,0.0,0.6526307141103478,17,0.7777777777777778
TSQL,202205,0.0,1.0,,,10,
Lua,202504,0.8473131478450628,0.9583333333333333,0.0,0.4950088772863307,66,
Standard ML,202304,0.0,,,,1,
Groovy,201807,0.4375,1.0,0.0,0.4591479170272447,8,
WebAssembly,202009,0.5,,,0.0,2,
EJS,202208,0.09999999999999999,1.0,0.0,0.0,10,0.0
Jupyter Notebook,201902,0.3827583807716636,0.9363636363636363,0.02777777777777778,0.5105273007037352,74,0.38461538461538464
Perl,202007,0.7436060298102982,0.48484848484848486,0.0,0.7664316711026604,21,0.4
Rust,202203,0.39640618738586636,0.664116275880982,0.04078126433617764,0.4826599865268936,127,0.5576923076923077
Svelte,202305,0.09649999999999999,0.8690476190476191,0.09523809523809523,0.9179943223756137,15,0.25
MDX,201905,4.4935235284472865,0.8166666666666667,0.0064516129032258064,0.4469092199276353,2,0.7
Scala,202205,0.21357012750455376,0.6861904761904762,0.0,0.30500441036114184,37,0.5
Fortran,202002,0.3764705882352941,0.875,0.3333333333333333,0.8205055729465732,3,0.5
Swift,202503,0.5975992111406261,0.8958333333333334,0.0625,0.4961567611816445,66,
Lua,202208,0.2508788124087459,0.9055555555555556,0.0,0.7186210397640719,66,0.6470588235294118
Go,201806,0.5893481746531072,0.5799593861313626,0.05898989898989898,0.5318418864134913,136,0.7058823529411761
Vim Script,202201,0.6064814814814814,0.0,0.0,0.6693170933847435,22,1.0
R,202106,0.9606243535413138,0.739795918367347,0.0909090909090909,0.3920203975945095,64,0.5294117647058824
Groovy,202301,0.1517347739266866,0.5714285714285714,0.0,0.3060986113514964,17,1.0
Crystal,202405,0.0,,,,1,
Kotlin,202408,7.913243615136103,0.8452794672014916,0.18114059853190284,0.5146469264906753,115,0.45238095238095233
Objective-C,202103,0.5103913630229419,1.0,0.0,0.3357566127810831,33,0.7272727272727272
Swift,202410,0.6402835919034557,0.8201017249004865,0.07843137254901962,0.4937022976808978,64,0.4375000000000001
Standard ML,202302,0.006711409395973154,1.0,,0.0,1,
Emacs Lisp,202211,0.29286787237877787,0.6,0.0,0.7000256435858696,21,0.5
Markdown,202306,0.0033376502423116427,,,0.0,10,
Lua,202206,0.27092472773401916,0.6944444444444444,0.11111111111111113,0.28940225121413726,69,0.6
CoffeeScript,201812,1.1038461538461537,0.8823529411764706,0.13333333333333336,0.948593475996745,8,
Kotlin,202107,1.8819454313331163,0.7839743589743591,0.09808612440191387,0.5320290132321145,89,0.39583333333333337
PureScript,202107,0.0,1.0,,,3,0.0
OCaml,202406,0.1295561777839322,0.3151515151515152,0.0,0.7032196962973153,8,0.33333333333333337
EJS,202405,0.0,,,,9,
DM,202106,0.10357995061180322,0.9545454545454546,0.0,0.5,4,
Blade,202204,0.0035714285714285718,0.9827586206896552,0.0,1.0,9,0.0
Dart,201906,1.5555555555555556,0.33333333333333337,0.0,0.7232866931313074,16,0.7142857142857143
JSON,202504,0.022130013831258642,0.26666666666666666,0.0,0.8112781244591328,3,
Markdown,202401,0.0055131959855031,0.9090909090909091,0.0,0.0,13,
Solidity,202207,0.03725694444444445,0.8939393939393939,0.0,0.36552965844919505,12,0.5
CSS,201807,0.39668327623793215,0.9199999999999999,0.0,0.5607178200483398,65,0.30000000000000004
Pascal,202008,1.1775956284153004,,0.0,0.9658113831957187,6,1.0
Markdown,202101,0.002861230329041488,,,0.0,3,0.0
Svelte,202406,0.3748782742681048,0.7962962962962963,0.16666666666666666,0.7316669253496048,28,0.16666666666666669
Dart,202201,0.8231865244233413,0.6706349206349207,0.02222222222222222,0.4838945858322223,46,0.84
Nim,202302,0.9545454545454544,0.3939393939393939,0.1,0.24793346530238833,7,1.0
SCSS,202308,0.06280788177339902,0.9615384615384615,0.2,0.45791049634336906,36,0.25
R,202501,0.588901267577738,0.6857142857142857,0.06666666666666668,0.5750449839616957,73,
MDX,201803,1.7606557377049181,0.723404255319149,0.012121212121212121,0.8672245497822493,1,0.5901639344262296
Svelte,202005,0.2389060164424514,0.6825396825396826,0.3103448275862069,0.5938029799153343,8,0.5
DM,202410,0.0,1.0,,,7,
Open Policy Agent,202309,0.0,1.0,,,1,
Mathematica,202402,0.0,,,,2,
CSS,202003,0.0444220900512291,0.6796296296296297,0.024691358024691357,0.3190551212069545,174,0.4782608695652174
SCSS,202207,0.13098802579370378,0.5714285714285714,0.14285714285714285,0.5830406765804584,58,0.3333333333333333
Svelte,202203,0.33980716253443527,0.45833333333333337,0.07575757575757576,0.559053713384088,23,0.5
Vue,202302,0.33615147077803353,0.9323970328872291,0.12000000000000002,0.2900075348801001,106,0.08333333333333333
Rust,202209,0.3074971413525429,0.7326707745312395,0.029523809523809525,0.6097264715890494,155,0.6607142857142857
LiveScript,202202,0.0,,,,1,
PowerShell,202212,0.09205882352941176,1.0,0.0,0.0,24,0.5
Rust,202010,0.4267250128672837,0.569465015321757,0.12685583005131876,0.6022686345248647,79,0.6981132075471699
SCSS,202105,0.21752036199095018,0.6857142857142858,0.0,0.6646261117037682,68,0.5714285714285714
Dockerfile,202012,0.7421974505936973,0.9841269841269841,0.0,0.7901300742877976,34,0.7333333333333333
Scala,202403,0.25787588477867296,0.8068181818181819,0.0,0.24693796987576355,28,0.33333333333333337
SCSS,202106,0.0953296703296703,0.8333333333333334,0.0,0.34496681830115195,53,0.2142857142857143
Makefile,202202,0.9897899159663865,0.75,0.0,0.4921909726016734,29,0.6666666666666666
Vim Script,201911,0.9318181818181818,,0.0,0.4407291006730184,18,1.0
F#,202211,0.4,,0.0,1.0,7,
Haskell,202206,0.5184108527131783,0.0625,0.21794871794871795,0.6118823061850165,12,1.0
Handlebars,202204,0.0,1.0,,,3,0.0
Pug,202103,0.0,,,,3,
Sass,202212,0.0,,,,2,
Jinja,202212,0.3004911754911755,0.7166666666666667,0.0,0.491533386826157,13,0.6666666666666666
Svelte,202301,0.23273266329592635,0.7833333333333333,0.11428571428571428,0.297475582816333,20,0.5714285714285714
EJS,202103,0.1111111111111111,1.0,0.0,0.0,9,0.0
Julia,202411,0.14890391866198316,0.7168831168831168,0.21296296296296294,0.7908013838563098,30,0.33333333333333337
CoffeeScript,201908,0.24775641025641026,0.8461538461538461,0.0,0.7276947967289444,6,0.0
TSQL,202001,0.0015015015015015015,1.0,,0.43949698692151334,6,
Dockerfile,201905,0.07456896551724139,0.6666666666666666,0.0,0.19722425952744244,21,0.5
Astro,202301,0.44909502262443446,0.9791666666666666,0.16666666666666666,0.7781497338579701,16,0.5
Stylus,202305,0.0,,,,3,
TeX,202001,0.04931086098336877,0.7888888888888889,0.4,0.29735095390672217,14,0.25
Common Lisp,201903,0.4444444444444444,,0.0,0.0,5,0.0
Clojure,202011,0.27080103359173124,0.795,0.0,0.8834585947033116,10,0.0
Emacs Lisp,202101,1.0785714285714285,0.3125,0.0,0.5413527978563656,16,0.5384615384615384
Scala,202308,0.593485370051635,0.6851851851851852,0.1111111111111111,0.3990797579104687,33,0.6
HCL,202504,0.18478770656856428,0.843421052631579,0.031746031746031744,0.6865650609270646,48,
GDScript,202502,0.013888888888888888,0.8333333333333333,0.0,0.0,8,
AngelScript,202111,0.0,,,,2,
MATLAB,202210,1.3085858585858585,0.78,0.0,0.3654167273731541,29,0.75
Makefile,202402,0.5657968105274896,0.8214285714285714,0.0,0.2753183811647609,20,0.25
Racket,202410,1.875,0.0,0.0,0.9182958340544894,2,
SAS,202211,,,,,1,
Solidity,202503,0.1503267973856209,1.0,0.0,0.0,8,
Kotlin,202208,20.44767027966929,0.8664496837871449,0.042105263157894736,0.6036689178373001,94,0.41666666666666663
Vim Script,202106,0.42142857142857143,,0.0,0.16499428877891215,18,1.0
Swift,202004,1.3703887510339126,0.6607142857142857,0.07962962962962963,0.7457584433011838,57,0.41666666666666663
NSIS,202412,1.0,,,0.0,1,0.0
Lua,201904,0.4425170068027211,0.8333333333333334,0.0,0.384123967142861,25,0.2
GLSL,202303,0.12048192771084337,,0.0,0.8173454221465101,4,
C,201809,0.4002729177231902,0.6453240740740738,0.02162944582299421,0.5920134674883571,162,0.5740740740740741
Solidity,202302,0.32811759127548595,0.6590909090909091,0.13333333333333336,0.8531525448715573,15,0.4285714285714286
Objective-C,202210,0.02777777777777778,1.0,0.0,0.0,26,0.5
PLpgSQL,202309,0.0,1.0,,,4,0.0
SCSS,201912,0.6284199134199134,0.8857142857142858,0.0,0.5384561723589973,32,0.33333333333333337
SAS,202308,,,,,1,
Dockerfile,202103,0.38961038961038963,0.859375,0.16666666666666669,0.34797900072341065,32,0.8
Rust,202111,0.5489253202422505,0.5752938858414096,0.056361171209550434,0.5421869031678033,118,0.5507246376811595
Visual Basic .NET,202207,0.0,,,,2,0.0
MoonScript,202109,,,,,1,
Jupyter Notebook,202003,0.6977470485752092,0.7493606393606393,0.057218144174665926,0.4859184941341845,160,0.5084745762711863
Kotlin,202011,0.5951457462182168,0.8785142393838047,0.07692307692307691,0.5027113803495142,68,0.5
Papyrus,202302,,,,,1,
Objective-C,201811,2.2152777777777777,0.6666666666666666,0.0,0.16433224962127402,29,0.14285714285714285
Haskell,202002,0.5948827292110874,0.9,0.0,0.8792548201865659,10,0.5
Verilog,202308,0.0,1.0,,,8,0.0
Dockerfile,201908,0.29866666666666675,0.5,0.0,0.9679023587789678,23,1.0
PowerShell,202201,0.2569444444444444,0.5,0.0,0.33333333333333337,21,0.0
Liquid,202306,0.0,,,0.0,5,0.0
1C Enterprise,202005,0.0,,,,2,
Vim Script,201907,0.75,0.25,0.0,0.5624768515764285,20,0.923076923076923
Perl,202412,0.5197649572649572,0.6666666666666667,0.0,0.7673183336217957,18,0.33333333333333337
C,202405,0.5474069660696794,0.69593837535014,0.021052631578947368,0.5531155955449744,251,0.5306122448979592
Processing,202203,5.0,,0.0,0.9602297178607612,4,
Erlang,202501,0.0,,,,3,
Apex,202410,0.0,,,,2,
Metal,202503,,,,,1,
Makefile,201911,0.0,1.0,,,20,0.0
MATLAB,201908,1.7,1.0,0.0,0.5,20,0.6666666666666666
Julia,202211,0.21401438068104733,0.6375,0.0,0.5390250849724045,22,0.4285714285714286
Lua,202506,0.5737340361585054,0.8888888888888888,0.04040404040404041,0.4962531200735865,66,
OCaml,201803,0.30336907749638753,0.3684210526315789,0.0,0.9323296692161184,11,0.6666666666666667
Haskell,202010,0.2606837606837607,0.7,0.0,0.7039850249203536,12,0.5
Perl,201904,0.36249502699630576,0.5,0.4166666666666667,0.6979363917449057,22,0.25
Blade,202209,0.003125,1.0,,0.0,6,0.0
SCSS,202206,0.2972847653554175,0.7645833333333333,0.0,0.7971947618024262,54,0.5714285714285714
PowerShell,202009,0.23076923076923075,1.0,0.0,0.4056390622295664,19,
Kotlin,202306,31.5268296233149,0.8531329198346006,0.03703703703703704,0.5801424844331072,101,0.3333333333333333
Elixir,202308,0.1851851851851852,0.7,0.3333333333333333,0.3111829864372247,18,0.0
PowerShell,202409,0.08260408854617363,0.9602272727272727,0.0,0.3363053426873565,40,0.380952380952381
Lua,201902,0.4391160828901522,1.0,0.0,0.3236119209086054,27,0.0
MATLAB,202111,0.008333333333333333,1.0,0.0,0.0,26,0.0
Swift,202206,0.49293727142791405,0.8193277310924368,0.08571428571428573,0.5381554995006892,72,0.44000000000000006
Clojure,202403,0.0,1.0,,,4,
Makefile,202502,0.1448876162417829,0.8388888888888889,0.13333333333333333,0.7938366223204562,25,
CSS,202506,0.03032879818594104,0.9333333333333332,0.0,0.41710114432205064,61,
Pascal,201905,0.125,1.0,0.0,0.0,9,1.0
Elixir,202309,0.4471361971361972,0.7023809523809524,0.0,0.3101352264431681,19,0.5
MATLAB,202505,0.12500000000000003,1.0,,0.0,20,
GDScript,202501,0.29166666666666663,0.0,0.0,0.0,5,
Starlark,202506,0.0,1.0,,,2,
Verilog,202405,0.2,1.0,0.0,0.0,12,
NSIS,201810,,,,,1,
Limbo,202308,,,,,1,
CSS,202311,0.6058528428093646,0.9317073170731709,0.0,0.35144409267975296,94,0.3166666666666667
VBScript,202502,7.0,,0.0,0.0,2,
Swift,202311,0.4659788860890873,0.8576190476190475,0.09049773755656108,0.6149912103656957,67,0.6562499999999999
Jinja,202407,0.4011904761904762,0.625,0.0,0.18606566186221857,9,1.0
SCSS,202502,0.14097222222222217,0.9821428571428572,0.0,0.11583860502244582,30,
AMPL,202502,,,,,1,
q,202206,,,,,1,
Vim Script,201803,0.6031522656909655,0.0,0.0,0.3667724841086063,13,0.7857142857142858
Assembly,202403,0.028665028665028666,1.0,0.0,0.9591479170272448,10,0.5
Groovy,201908,0.0,1.0,,,6,
Kotlin,202312,33.67004043920551,0.8742183742183741,0.05000000000000001,0.30944145260552364,108,0.6363636363636365
Objective-C,202503,3.0,1.0,0.0,0.5772993200578125,11,
TeX,202311,0.0,1.0,,,17,0.5
Visual Basic,202001,,,,,1,
Pawn,202201,1.0,,,0.0,2,0.0
TeX,202007,0.01,1.0,,0.0,12,
Typst,201909,,,,,1,
CMake,201812,0.5681341719077568,0.5,0.0,0.33333333333333337,4,0.0
Verilog,202102,0.6666666666666667,,0.0,0.0,8,1.0
YARA,202302,,,,,1,
PowerShell,202301,0.1484375,1.0,0.0,0.0,29,0.5
Fortran,202008,0.9868421052631579,0.6153846153846154,0.125,0.7306909151565512,5,0.5
Swift,202305,0.8325881862245498,0.8051948051948051,0.0,0.4692634119115141,65,0.4666666666666667
R,201908,0.6222353077585636,0.553030303030303,0.09615384615384615,0.6464548994954468,37,0.8
SystemVerilog,202503,1.0,,0.0,1.0,5,
Processing,202307,0.0,,,,3,
eC,201907,2.0,,0.0,1.0,1,0.0
D,202205,0.7028985507246377,0.5,0.13333333333333336,0.5462689061365193,4,1.0
F#,202209,0.5,,0.0,1.0,3,
CoffeeScript,202202,0.0,,,,6,
MATLAB,202304,0.004166666666666667,0.0,0.0,0.0,21,0.0
Roff,202305,0.0,1.0,,,4,0.0
HCL,202305,0.19019173441734422,0.78867373036171,0.08333333333333333,0.487820162640015,42,0.5384615384615384
Makefile,202304,1.2637741046831958,0.9814814814814815,0.0,0.5952911281787113,21,0.0
Puppet,202301,0.0,,,,2,
Scheme,202303,,,,,2,1.0
PostScript,202207,0.275,0.5,0.0,0.0,5,
SystemVerilog,201910,,,,,1,
Makefile,202210,0.38730084919343233,0.7777777777777778,0.06666666666666668,0.4905047854990738,28,0.41666666666666663
TeX,202211,0.01132404181184669,0.9615384615384616,0.0,0.9190368861092725,20,0.33333333333333337
Pascal,201801,0.608695652173913,0.5,0.0,0.2165243176004168,7,1.0
Nim,202212,0.4781065088757396,0.21052631578947367,0.16666666666666666,0.8870164504812954,8,1.0
Emacs Lisp,201806,2.0076923076923077,0.0,0.0,0.47986719755841994,12,1.0
Perl,201902,1.375,0.2222222222222222,0.10000000000000002,0.9541792063515986,18,0.625
CSS,202112,0.39895485067514475,0.8165280665280665,0.07407407407407407,0.5269425734991403,90,0.4
R,202503,0.3845424496384247,0.6833333333333333,0.075,0.4732000306048336,65,
Common Lisp,202402,0.0,,,,4,0.0
AutoHotkey,202108,,,,,3,
Batchfile,202207,1.4,0.0,0.0,0.18606566186221857,5,0.6666666666666666
Shell,202101,0.41700618783313387,0.6229386892177591,0.005000000000000002,0.45796150291684706,185,0.5897435897435896
OpenSCAD,201810,0.5,,0.0,0.0,2,1.0
Dockerfile,202003,0.04166666666666667,0.6,0.0,0.8889516976000676,28,0.7142857142857143
MATLAB,201907,0.6011904761904763,,0.0,0.5396446609780983,21,0.0
Vim Script,202005,0.7005074388975318,0.75,0.016666666666666666,0.18747164807704364,15,0.8999999999999999
Less,202406,,,,,2,
Perl,201811,0.9437500000000001,0.75,0.0,0.7376453230450494,17,0.6666666666666667
Makefile,201810,0.0,1.0,,,14,0.0
Dart,202105,0.7557713749517029,0.7649051490514905,0.014814814814814814,0.47080590665818345,51,0.5789473684210527
R,202204,0.6704550341696092,0.8666666666666667,0.11764705882352944,0.5826429943285675,70,0.75
CMake,202303,0.0,1.0,,,10,0.0
Objective-C,202407,1.3944444444444444,1.0,0.0,0.8683248191836176,14,0.75
Clojure,202108,0.6941176470588235,0.6666666666666667,0.0,0.9316272376432921,8,0.0
CUE,202405,,,,,1,
Solidity,202403,0.1938405797101449,0.8333333333333333,0.2222222222222222,0.5983326418376256,10,0.41666666666666663
Vue,202308,0.305626597877495,0.8179063360881542,0.2087912087912088,0.49122086731504033,68,0.5
Cuda,202310,2.0,,0.0,1.0,1,1.0
Less,202506,1.0,,0.0,0.0,2,
Lua,202001,0.19526627218934917,0.0,0.33333333333333337,0.9455305560363263,37,1.0
Common Lisp,201804,0.25,0.0,0.0,0.0,5,1.0
Objective-C,202403,0.6000000000000001,0.9,0.0,0.30542319628330306,19,0.14285714285714285
Makefile,202301,1.1846861422587611,1.0,0.0,0.25000000000000006,30,0.2
OCaml,202305,0.5407407407407407,0.8333333333333334,0.0,0.6494391202450227,13,0.4
PowerShell,202408,0.15051854236908246,0.9387755102040817,0.0,0.5494334394613867,38,0.5
Julia,202112,0.22719386956682006,0.47697368421052627,0.1875,0.5106718935149246,20,0.25
Pascal,202403,0.0,1.0,,,8,0.0
Scheme,202207,0.0,,,,3,
Pascal,201808,0.0,,,,6,1.0
Objective-C,202006,2.40625,0.7777777777777778,0.0,0.46231822220257357,32,0.38461538461538464
C#,201904,0.5810308237124792,0.7372527934333167,0.044523525188549816,0.606450503303597,199,0.5918367346938775
Dockerfile,202401,0.1421130952380953,0.9666666666666666,0.0,0.4405990561262608,43,0.375
Rust,201906,0.6323434506023011,0.4575163398692811,0.1288235294117647,0.6059674843263402,45,0.9285714285714284
Dart,202108,0.5138424550318179,0.8015873015873016,0.016666666666666666,0.6162628375907141,46,0.6666666666666666
Smalltalk,201902,0.05555555555555555,1.0,0.0,1.0,4,
VBScript,201809,21.0,,0.0,0.7865834126456138,1,1.0
Astro,202311,0.4909600203717851,0.6964285714285714,0.0,0.45281953111478324,17,1.0
Smali,202405,1.0,,0.0,0.0,1,1.0
Haskell,202404,0.75,0.6666666666666666,0.0,0.7427376486136672,16,0.4
Logos,202308,1.6666666666666667,,0.0,0.8437755356876533,4,0.8333333333333334
EJS,202003,0.18253968253968253,,,0.0,6,
Swift,201911,1.821159232923939,0.7798701298701298,0.08000000000000002,0.5501973658352424,50,0.5945945945945946
Lua,201907,0.7673160173160173,1.0,0.0,0.7309812780595489,26,0.0
Objective-C,202402,0.8571428571428572,1.0,0.0,0.6666666666666666,14,0.0
Haxe,202209,2.5,1.0,0.0,0.7219280948873623,2,1.0
SCSS,202202,0.0886343216531896,0.5333333333333333,0.0,0.4488949881119511,75,0.33333333333333337
Vim Script,202405,0.5714285714285715,1.0,0.0,0.5,10,1.0
Go,202003,0.54411539014226,0.7467145320803859,0.08478756178985011,0.45817529584906047,194,0.7191011235955058
Nim,202303,0.43349753694581283,0.5581395348837209,1.0,0.954434002924965,3,
Objective-C,202406,1.0,0.75,0.0,0.973197315178593,12,0.5
CMake,202102,0.0,,,,5,
CMake,201903,0.33333333333333337,1.0,0.0,0.0,5,1.0
PostScript,202104,0.0,,,,3,
BitBake,201911,3.0,,0.0,0.9182958340544894,1,1.0
PostScript,202401,1.5,1.0,0.0,0.0,3,
SCSS,201801,1.725,0.75,0.0,0.24179351939203364,11,0.2
Swift,201909,1.1388973422600932,0.8606060606060606,0.0,0.6625194659310686,49,0.5333333333333333
Jupyter Notebook,202505,0.265497442758198,0.8671171171171169,0.047619047619047616,0.6734777459770984,199,
ShaderLab,202302,0.0,,,,3,
Dockerfile,202207,0.25316804407713495,0.9375,0.0,0.5559521330232672,44,0.5
Rust,201911,0.7021969170341019,0.619258946182023,0.09333333333333334,0.6450689031121826,53,0.7894736842105262
Dart,202409,0.7246240661506445,0.7261904761904763,0.0261437908496732,0.5500508957735891,69,0.7234042553191485
SystemVerilog,202504,0.5,1.0,0.0,0.0,4,
Rich Text Format,202212,0.0,,,,3,
Batchfile,202502,0.8621794871794872,0.25,0.0,0.38223270657861813,8,
Objective-C,202310,1.2000000000000002,0.0,0.0,0.9768396694502168,20,0.75
EJS,202504,0.0,,,,7,
DM,201906,0.0,,,,5,
Emacs Lisp,202210,0.5455724225173941,0.44444444444444453,0.0,0.4671529834748268,24,0.6
Vim Script,202203,0.5666666666666667,0.5,0.0,0.9042575901029645,17,0.875
TSQL,201902,0.0,,,,4,
Fortran,202209,2.175102375102375,0.7777777777777778,0.0,0.5663393508252996,5,
Lua,202203,0.3195791136967608,0.8333333333333334,0.0,0.4747167197306934,54,0.5555555555555556
PowerShell,202411,0.29410699803035567,0.9320987654320987,0.0,0.5894420153601172,36,0.46153846153846156
Component Pascal,202506,0.0,,,,1,
Ruby,201807,0.31641173950524565,0.7523529411764706,0.061624649859943974,0.5311563853328096,140,0.069672131147541
Fortran,202203,1.1244897959183673,0.7023809523809523,0.0,0.5677644663963618,8,
Nunjucks,202204,0.0023894862604540027,1.0,,0.0,9,
Tcl,202009,0.0,,,,4,
Swift,201910,0.6056802058784875,0.7333333333333333,0.03333333333333334,0.7066774755157267,54,0.5357142857142858
CSS,201810,0.23603040234619174,0.8749999999999999,0.06060606060606061,0.5190445942457182,87,0.28571428571428575
CSS,202001,0.06097510432744528,0.8647058823529411,0.11111111111111113,0.4593506843372934,121,0.05405405405405405
Dockerfile,201802,0.03571428571428571,1.0,0.0,0.0,8,0.0
CSS,201909,0.07237843855490916,0.9285714285714285,0.1,0.3966013665149261,100,0.23809523809523808
Jinja,202202,0.7075,1.0,0.0,0.473851389610045,12,0.0
Batchfile,202402,1.5357142857142856,1.0,0.0,0.4848619499341236,6,0.0
C,202107,1.0530744136901051,0.578735632183908,0.013431013431013434,0.6527374927489886,185,0.7619047619047619
Perl,202309,0.04843304843304843,1.0,0.0,0.946394630357186,16,1.0
Dockerfile,202107,0.22300395256916997,0.7,0.0,0.5264487932997355,33,0.33333333333333337
Smarty,202306,0.0,1.0,,,8,
G-code,202103,0.0,,,,2,
Svelte,202402,0.3245836265540699,0.8446969696969697,0.0,0.7619987802224765,21,0.5
R,202208,0.5149835438122778,0.6188888888888889,0.1886904761904762,0.6326243197952206,65,0.8749999999999999
MATLAB,202407,0.2,,0.0,0.0,20,
Batchfile,202409,0.1369047619047619,1.0,0.0,0.6394319446848298,9,0.0
R,202210,1.3477109620434051,0.6757575757575758,0.06666666666666668,0.5858340852925998,55,0.5625
SCSS,201903,0.14801026957638,0.9166666666666666,0.031746031746031744,0.6176760193766054,22,0.5
Assembly,202412,0.07407407407407407,1.0,0.0,1.0,9,
Dockerfile,202204,0.10339506172839505,1.0,0.0,0.3515371513609452,43,0.28571428571428575
Handlebars,202008,0.0,,,,3,
CSS,201811,0.29951748116264293,0.9702564102564103,0.10769230769230771,0.34838412425272974,90,0.25
R,202412,0.6946651387827857,0.715686274509804,0.05263157894736842,0.43324408818022075,67,0.4285714285714286
MATLAB,202108,1.2727272727272727,1.0,0.0,0.4172950842166827,22,0.5
EJS,202411,0.0,,,,10,
Jinja,201804,0.5591216216216216,0.8333333333333333,0.0,0.8364073319881886,4,0.5
Makefile,202206,0.9390210555099807,0.6666666666666666,0.1111111111111111,0.36151226978428364,29,0.25
PLpgSQL,202502,0.5,0.5,0.0,0.0,5,
Verilog,202410,0.0,1.0,,,9,
PowerShell,202102,0.5555555555555557,1.0,0.0,0.5,17,1.0
Pascal,202212,0.16666666666666669,,0.0,0.0,5,1.0
Makefile,202211,0.5968198468198469,0.6666666666666666,0.09523809523809523,0.6547918310155983,34,0.2
mcfunction,202103,0.0,,,,1,
R,202105,0.423705376231876,0.7724867724867726,0.0487012987012987,0.49063122258509534,67,0.35294117647058826
Shell,202310,0.3792376532535311,0.7858988556662977,0.03603603603603604,0.5070763536493215,226,0.4363636363636363
TSQL,201808,0.00392156862745098,0.5,0.0,0.0,3,
VBScript,202104,0.0,,,,2,
Scala,202504,1.074238391008577,0.8888888888888888,0.0,0.3133334889254923,29,
VBScript,202402,0.0,1.0,,,2,0.0
Scilab,202010,0.0,,,,1,
ASL,202008,0.0,,,,5,
CUE,202310,0.0,,,,1,
Jupyter Notebook,201909,0.39750454423627,0.7926767676767676,0.06719457013574662,0.38754416438397593,110,0.6153846153846154
GLSL,202402,2.117647058823529,0.3333333333333333,0.0,0.9685141824614769,6,0.6666666666666666
Objective-C,201805,3.248655913978495,0.5,0.0,0.19662597493674763,28,0.45833333333333326
Lua,202204,0.3075002931141038,0.7,0.0,0.3908953403322459,57,0.6666666666666666
Scala,202310,0.8947203732149966,0.7527083333333332,0.0,0.2834740536471282,34,0.6666666666666666
Common Lisp,202410,0.6666666666666667,,,0.0,6,1.0
Kotlin,201807,0.17459213011717903,0.8081632653061225,0.045454545454545456,0.8089386143240102,21,0.375
M4,202406,0.0,,,,1,
Swift,202203,0.8679088345796747,0.5677777777777778,0.09682539682539683,0.5907264839950969,71,0.5555555555555556
Perl,202106,0.4732142857142858,0.5,0.13333333333333333,0.7382739660405022,21,0.16666666666666666
OCaml,202001,0.3955555555555556,0.0,0.0,0.6261751839717502,14,0.5
Vim Script,202406,1.1666666666666665,1.0,0.0,0.6498173384626496,11,0.3333333333333333
Batchfile,202302,0.6029411764705883,1.0,0.0,0.4821467064721136,5,
UnrealScript,202404,0.0,,,,2,
TeX,202112,0.1111111111111111,1.0,0.0,0.0,17,
Jinja,202311,0.06725146198830409,0.9411764705882353,0.0,0.40972418593640175,11,
Vim Script,202007,0.45833333333333337,0.5,0.0,0.7695175935815685,23,0.7692307692307693
Nunjucks,202304,0.2,1.0,,0.0,2,
OCaml,202112,0.5264227642276422,0.75,0.0,0.5794295601200585,12,0.6666666666666666
R,201905,1.1547896242951186,0.8415178571428572,0.04545454545454546,0.5808354856664449,34,0.8
Dockerfile,201804,0.4111111111111111,0.9375,0.0,0.33333333333333337,15,0.3333333333333333
MDX,202010,2.160178970917226,0.8432835820895522,0.031746031746031744,0.8451869738394102,5,0.7777777777777777
F#,201907,0.05185185185185185,,,0.0,5,0.0
D,201801,0.0,,,,1,
Crystal,202303,0.0,1.0,,,2,0.0
XSLT,202503,0.19642857142857145,0.8333333333333334,0.6666666666666666,0.4999999999999999,9,
Perl,202302,0.1114066193853428,0.9166666666666667,0.0,0.6557078959105975,16,0.5555555555555557
Pug,201911,0.0,,,,2,
Lua,202201,0.21142930856553155,0.4166666666666667,0.0,0.6481654086883125,52,0.4285714285714286
DM,202211,0.013888888888888888,1.0,0.0,0.0,6,
Go Template,202410,0.0,1.0,,,8,0.0
Dart,201803,0.64,0.6190476190476191,0.0,0.9084596721592326,5,0.6666666666666666
Dart,202102,0.901146937353834,0.6845238095238096,0.02543859649122807,0.5920661631512184,44,0.6333333333333332
HCL,202506,0.258531746031746,0.9101731601731601,0.0,0.5842571889659788,42,
Makefile,202201,1.2592592592592593,0.7,0.0,0.64459668782429,19,0.6
HCL,202201,0.0995586113233172,0.8095238095238095,0.0,0.18916274496776705,32,0.5714285714285714
Move,202312,0.0,1.0,,,1,
Objective-C,202005,0.8989860774818402,1.0,0.0,0.5335388617931074,30,0.6923076923076923
Lua,201806,0.42857142857142855,1.0,0.0,0.4804820237218406,19,0.0
Common Lisp,202312,0.35,,0.0,0.0,5,0.0
Swift,202002,0.8846897040201702,0.7946428571428572,0.034188034188034185,0.6806406049704101,50,0.4666666666666667
Kotlin,202009,0.6274337962135208,0.8666666666666666,0.07692307692307693,0.5284500640666697,58,0.6
Batchfile,202011,0.6866666666666665,0.0,0.0,0.4907367539066519,6,1.0
Svelte,202411,2.2964006259780905,0.9803921568627451,0.0,0.28405116135313907,19,0.5
XSLT,201811,0.2666666666666667,0.75,0.0,0.33333333333333337,6,
Vue,202412,0.5024860742602678,0.9484126984126983,0.03076923076923077,0.3269414249816588,77,0.3
Julia,202505,0.2107009985295342,0.7708333333333334,0.0,0.7772740670958115,23,
Vim Script,202011,0.7888888888888888,0.6666666666666667,0.0,0.8532119812324673,21,0.625
Vim Script,201906,0.42248677248677247,0.5,0.0,0.4572686423505508,17,0.8461538461538461
Swift,202403,0.5556953636893013,0.8107503607503609,0.09166666666666666,0.5422815794669599,72,0.6562500000000002
EJS,202311,0.017045454545454544,0.9,0.0,0.9798687566511527,12,0.6666666666666666
Svelte,202209,0.5530303030303031,0.9375,0.16666666666666666,0.5847472589759699,12,0.6
Scala,202204,0.4471989237614238,0.9553030303030304,0.1285714285714286,0.3283131043099237,39,1.0
Go Template,202312,0.0,,,,3,
CSS,201902,0.26242069477363605,0.8823529411764705,0.0,0.5440202398589052,80,0.4285714285714286
Nix,202409,0.4288838612368024,0.6266666666666667,0.14285714285714288,0.6645799926951653,21,0.8
Elixir,202211,0.5056201967966674,0.83,0.0,0.41214726874173585,31,0.25
MATLAB,202006,0.27380952380952384,0.75,0.0,0.47957395851362233,26,0.6666666666666666
Haxe,202403,0.0,,,,3,
Julia,201909,0.27308673469387756,0.47500000000000003,0.3224489795918367,0.7412650703762346,15,0.28571428571428575
Cuda,201809,0.0,,,,2,
Lua,201905,1.3984312788660611,0.75,0.0,0.4644687468721487,33,0.4615384615384615
CMake,202210,0.125,0.8333333333333333,0.0,0.0,10,0.0
MDX,202504,0.21842267727490106,0.7462670180061485,0.2082051282051282,0.831146808427474,18,
HCL,202103,0.09939973390265788,0.724,0.022988505747126436,0.5946412728796412,19,0.6666666666666666
HCL,202308,0.1795052377216036,0.7872600590623847,0.07407407407407407,0.5080086355449153,43,0.6111111111111112
R,202309,0.8955713936215514,0.8647727272727272,0.03703703703703704,0.6918975566224216,71,0.6296296296296297
R,202201,0.5288060224932105,0.7208333333333333,0.14102564102564102,0.6557920697774116,57,0.5
Lua,201903,0.5098039215686275,0.75,0.0,0.7295739585136223,27,0.5
Haskell,201807,0.5935064935064934,0.5,0.08000000000000002,0.29241021532029576,13,0.5714285714285714
Roff,201807,0.5714285714285714,0.0,0.0,0.0,2,0.5
Elixir,202305,0.20370370370370372,1.0,0.0,0.36096404744368116,15,0.0
Clojure,202001,0.20541871921182264,0.7777777777777778,0.0,0.5817705253159421,8,0.0
Makefile,202205,1.2943838168751665,0.625,0.0,0.4244215134935241,24,0.5
Racket,201906,0.0,,,,2,
Elixir,202405,0.46861471861471865,0.7142857142857143,0.0,0.48659865758929643,24,0.0
Processing,201902,0.5,0.0,0.0,0.0,3,
R,202101,0.7974447669730689,0.6190476190476191,0.03636363636363636,0.6032836363672229,65,1.0
PowerShell,201905,0.4875,0.6666666666666667,0.0,0.8283132086974279,15,0.33333333333333337
Svelte,202409,0.3920634920634921,0.84,0.0,0.7253274180642134,18,0.6666666666666666
Fennel,202207,0.875,,0.0,0.5916727785823274,2,1.0
Less,202103,0.08333333333333333,0.0,0.0,0.0,5,
Vue,202312,0.24497879942335826,0.9590909090909092,0.0,0.35094979715987407,76,0.5555555555555556
Kotlin,201810,0.670516431493875,0.7304029304029305,0.09740259740259741,0.618724137921162,22,0.6666666666666666
Swift,202105,0.6253884471067074,0.7936507936507935,0.05882352941176472,0.4428821345379217,70,0.4090909090909091
MATLAB,201812,0.0,,,,13,
Nix,202505,1.3628787878787878,0.9142857142857143,0.0,0.4620610769554716,17,
Prolog,201804,0.0,1.0,,,1,
SystemVerilog,202408,0.5,1.0,0.0,0.0,4,0.0
Perl,202104,0.3117052881758764,0.5317460317460319,0.13333333333333333,0.6373905343402714,23,0.75
Solidity,201809,0.6610169491525424,0.5217391304347826,0.2222222222222222,0.7534702952648099,3,1.0
Makefile,202203,0.9961279461279459,0.9366666666666666,0.0,0.2502504999667058,26,0.14285714285714288
Dart,202204,0.3690652046152719,0.65,0.12338461538461537,0.4702607096295799,50,0.7777777777777777
AMPL,201906,0.0,,,,1,
Objective-C,201908,1.7431781701444624,0.6,0.0,0.5828447614461287,30,0.7142857142857143
WGSL,202411,0.0,1.0,,,1,
POV-Ray SDL,202405,0.25,,0.0,1.0,1,0.0
Reason,202008,0.3238095238095238,0.5,0.0,1.0,4,1.0
Swift,202106,0.7480582779336447,0.775438596491228,0.09473684210526316,0.7063201423982952,70,0.47619047619047616
Less,202109,0.33333333333333337,1.0,0.0,1.0000000000000002,3,0.0
PowerShell,202405,0.08826072239039455,0.8854166666666667,0.0,0.3287572322234453,39,0.4444444444444444
MATLAB,202106,0.25,1.0,0.0,0.5,30,1.0
Emacs Lisp,202505,1.353370786516854,1.0,0.0,0.5708481063000711,16,
SCSS,202407,0.21278369674520436,0.9745454545454545,0.0625,0.6305624919207231,39,0.6
Astro,202401,0.26670390101391994,0.7476190476190476,0.03333333333333333,0.4198821846732749,25,0.5
Makefile,202008,3.3875,0.25,0.25,0.4323934896284056,13,1.0
Rust,202006,0.6563823593575003,0.47903803086352587,0.05748668656045242,0.6774408256703717,74,0.7972972972972976
Assembly,202504,0.025,1.0,,0.0,7,
Rust,201807,0.45151734738691257,0.6757575757575758,0.011111111111111112,0.4017137101840841,28,0.6470588235294118
Rust,202310,0.5171569913103692,0.686281794505435,0.060942760942760944,0.47220025413979316,171,0.6578947368421051
Less,202111,0.0,1.0,,,2,
Mustache,201810,0.0,,,,1,
MDX,202211,1.070998348152378,0.7553688141923436,0.06666666666666667,0.4621045455921419,13,0.39999999999999997
Smarty,202404,0.0,1.0,,,4,
EmberScript,202007,0.8571428571428571,0.0,0.0,1.0,1,
F#,202001,0.0,1.0,,,4,
GDScript,202410,0.047619047619047616,1.0,,0.0,8,0.0
Assembly,202102,0.03571428571428571,,0.0,0.0,9,1.0
EmberScript,202304,2.2,,0.0,0.8429078545765152,1,
POV-Ray SDL,202204,0.5,,0.0,0.9999999999999998,1,
SCSS,202212,0.13085827216262003,0.925,0.06666666666666667,0.31154198041824366,75,0.875
ReScript,202402,0.0,,,,1,
PowerShell,202403,0.34995641408792827,0.9726027397260274,0.0,0.35478126536947274,38,0.5185185185185185
HCL,202412,0.07405619664133595,0.8568181818181818,0.13333333333333333,0.7322372158361474,49,0.2222222222222222
BitBake,202108,0.0,,,,3,
LookML,202102,0.0,,,,2,
Kotlin,202101,0.6233949520366534,0.8230392156862745,0.05392156862745098,0.6207372895629537,74,0.8333333333333333
Perl,202411,0.4271008403361345,1.0,0.0,0.5136636511405686,18,0.25
PostScript,202407,0.0,,,,4,
Visual Basic 6.0,202012,0.0,1.0,,,1,
Haskell,202212,0.09640522875816993,0.5,0.0,0.43156028428331555,9,
Jinja,202504,0.02068519715578539,1.0,0.0,0.9854752972273344,8,
Haskell,202503,0.33333333333333337,1.0,0.0,0.0,8,
RAML,201910,0.0,,,,1,
LLVM,202301,0.0,,,,3,
DM,202501,0.0,1.0,,,8,
HCL,201911,0.1473076923076923,1.0,0.0,0.4795739585136224,12,0.0
PLpgSQL,201907,2.074074074074074,,0.0,0.4848619499341236,3,
Haskell,202007,1.1835687564499484,0.5555555555555556,0.07142857142857142,0.49425831733479614,12,1.0
Scheme,201907,0.0,1.0,,,3,
POV-Ray SDL,202403,0.2,,0.0,1.0,1,
Tree-sitter Query,202103,1.0,0.5714285714285714,0.0,0.7705953999995983,1,0.5
PureScript,202205,0.0,,,,2,
Vim Script,202012,0.5518707482993197,1.0,0.0,0.37378593149428313,20,0.6
Sass,202210,0.0,,,,1,
Julia,201812,1.3891025641025643,0.39,0.16666666666666669,0.8838127902631983,9,0.75
Makefile,202011,2.7199999999999998,0.0,0.0,0.5,16,
Julia,201811,0.7213756613756613,0.5357142857142858,0.0,0.8438916339595841,10,0.5
HCL,202005,0.20153349475383375,0.8976190476190476,0.06896551724137931,0.7658799102812518,19,0.36363636363636365
TeX,202306,0.04545454545454546,1.0,0.0,0.0,16,
Nunjucks,202211,0.012820512820512822,1.0,,0.0,9,0.0
Inform 7,202112,0.0,,,,1,
Swift,201907,0.9063729603729604,0.8865248226950354,0.0,0.5413691865746623,42,0.7272727272727272
R,202102,0.8666736343366778,0.6666666666666666,0.09523809523809527,0.7924777029465876,62,0.7777777777777778
XSLT,202104,0.3785714285714286,0.8095238095238095,0.3333333333333333,0.7133357177301528,10,0.0
Vue,201903,1.0828469872587518,0.867550505050505,0.012500000000000002,0.5633962805612546,49,0.6153846153846154
PowerShell,202207,0.15584415584415584,1.0,0.0,0.850884882339312,20,
OCaml,201904,0.16666666666666666,0.0,0.0,0.9182958340544894,13,1.0
CoffeeScript,201801,1.5577772404900063,0.26666666666666666,0.0,0.43374474764080906,10,0.5
SQF,202103,0.38461538461538464,0.6666666666666666,0.0,0.7219280948873623,1,
Makefile,202504,0.3144197072768501,0.9629629629629629,0.0,0.531467017576811,31,
EJS,202012,0.12500000000000003,,0.0,0.0,8,
Haskell,202409,0.11414141414141414,0.8333333333333334,0.0,0.33333333333333337,15,0.5
Julia,202409,0.3214113157224611,0.657061457061457,0.13333333333333336,0.7044847566717335,27,0.5
Astro,202412,0.15135372879938094,0.7976190476190477,0.0,0.4366454851259151,28,0.3157894736842105
HCL,202306,0.1072641582958725,0.864957264957265,0.0,0.6851392571288376,42,0.5
Pascal,202406,0.0,1.0,,,9,
GLSL,202502,0.0,1.0,,,3,
EmberScript,202004,1.9285714285714286,0.7142857142857143,0.4,0.8388927286937449,1,0.0
Rust,201806,1.129307989916072,0.5066666666666667,0.11666666666666665,0.7375076144473557,26,0.625
Vim Script,202002,2.126851851851852,1.0,0.0,0.8166306819982124,17,0.7777777777777778
Fortran,202504,3.257142857142857,0.7407407407407408,0.18181818181818182,0.6286678454530945,5,
Tcl,202112,0.0,1.0,,,2,
Groovy,202305,0.012345679012345678,1.0,,0.0,10,
Elixir,201911,0.26330661894387386,0.5166666666666666,0.0,0.3302051741682316,17,0.25
HCL,202002,0.2399659863945578,0.6970588235294117,0.5555555555555556,0.2717750777540019,11,0.18181818181818182
HCL,202401,0.16236164092002392,0.8085227272727273,0.07142857142857144,0.5437900367145491,44,0.6250000000000001
Julia,202406,0.440446683582413,0.8648148148148149,0.10000000000000002,0.7842225726357287,27,0.16666666666666669
Scala,202301,0.32934448289119567,0.848888888888889,0.0,0.3223650788696891,39,0.5
Astro,202502,0.22350649350649357,1.0,0.0,0.28571428571428575,32,
Julia,202101,0.24422487488180916,0.6693041346973571,0.16666666666666666,0.49548023838625077,18,0.5
Nix,202304,0.09999999999999999,1.0,0.0,0.6223659728744494,9,0.0
SCSS,202111,0.2906336088154271,0.9714285714285714,0.0,0.4553163266955729,39,0.19999999999999998
Blade,202503,0.0,,,,4,
reStructuredText,202301,0.0,,,,1,
Nunjucks,202405,0.19047619047619047,1.0,,0.0,3,
Mathematica,202503,0.0,,,,2,
TeX,202410,0.14327409210097863,0.6979166666666667,0.0,0.23588324080718873,27,0.5
D,202109,0.02,0.6666666666666666,0.0,0.0,2,0.0
Vim Script,201808,0.5217391304347825,0.5,0.0,0.715189238204485,11,1.0
GDScript,202204,0.0,,,,5,
Kotlin,202002,0.1750178341087432,0.9666666666666666,0.0,0.47085555629169384,44,0.6666666666666666
Svelte,202205,0.534988860511873,0.6,0.29166666666666663,0.620956961952704,10,0.30769230769230765
Swift,202310,0.9875202187992888,0.8526714513556619,0.0,0.6549784596866519,73,0.26086956521739135
Jinja,201809,0.24501287001287003,0.33333333333333337,0.0,0.7119030823488864,4,1.0
PowerShell,202305,0.30000000000000004,1.0,0.0,0.5,17,0.33333333333333337
Visual Basic,201912,0.041666666666666664,1.0,,0.0,2,0.0
Stylus,202008,0.0,,,,6,
DM,202402,0.0,1.0,,,7,
Dart,202211,0.8012942183211613,0.697415329768271,0.049999999999999996,0.6087975198659061,64,0.6499999999999997
Dart,201907,1.0272727272727273,0.8,0.0,0.5920796525610204,23,0.6
Blade,202303,0.0,1.0,,,8,0.0
Lua,202009,0.5938974358974359,0.8125,0.0,0.675571772441419,39,0.625
Solidity,202404,1.295977011494253,0.6022727272727273,0.0,0.31865855373232876,12,0.6363636363636364
PowerShell,202306,0.05208333333333333,1.0,0.0,0.0,24,0.0
R,201904,0.9696597006526382,0.8559523809523809,0.04545454545454545,0.39124859801681866,37,0.7222222222222223
ActionScript,201901,0.5714285714285714,1.0,0.0,0.7559752426306122,2,0.6666666666666666
Lua,201909,0.5267361111111111,0.33333333333333337,0.0,0.5933159637688662,26,0.6666666666666666
Smalltalk,201803,0.0,,,,2,
Raku,201901,0.0,,,,1,
Solidity,202410,0.19444444444444445,0.7333333333333333,0.0,0.7598703854493287,7,0.625
Elixir,202002,0.3153828828828829,0.41666666666666663,0.0,0.3280447857883704,14,0.33333333333333337
Astro,202302,0.031183631183631183,0.7957446808510639,0.09523809523809523,0.8624269097923346,11,0.8
Stata,201905,0.0,,,,1,
OCaml,202506,0.9943181818181817,0.5833333333333333,0.0,0.8501465298610934,11,
Common Lisp,202208,0.09523809523809523,0.0,0.0,1.0,5,
Liquid,202104,0.26851851851851855,0.5555555555555556,0.0,0.8402867673372009,2,1.0
SCSS,201904,0.15159363054099897,0.8800000000000001,0.08333333333333333,0.18083898244068175,24,0.0
Lua,202501,0.5584138333254152,0.9266666666666666,0.04264132553606239,0.4463340672349723,83,
HCL,201803,0.6666666666666666,0.9,0.0,0.973197315178593,4,0.4
Luau,202502,0.3333333333333333,0.5,0.0,0.0,3,
Vim Script,202311,0.2415458937198068,0.5,0.0,0.31143459985895156,13,1.0
Mathematica,202405,0.0,,,,2,
Swift,201901,0.8813865147198481,0.9583333333333334,0.0,0.5591618974799603,42,0.4444444444444444
PowerShell,202401,0.09585781224099582,0.7222222222222222,0.0,0.20930611170831787,33,0.5454545454545455
Perl,201802,0.17078645560788416,0.16666666666666666,0.0,0.32596876711300116,17,0.8
Fennel,201803,0.8714285714285714,0.35714285714285715,0.3333333333333333,0.5713910280420819,1,1.0
Scala,202405,0.3919561071770564,0.7461538461538463,0.0,0.40158866487655065,33,0.8333333333333334
Rich Text Format,201803,0.0,,,,1,
Visual Basic .NET,202209,0.0,1.0,,,2,0.0
Markdown,202411,0.0039632510844433665,,,0.0,14,
Markdown,202310,0.011167244202878384,,,0.0,12,
Gherkin,202501,0.3435114503816794,0.0,0.0,0.5692769347011883,1,
Markdown,202404,0.00855753053119516,,,0.0,10,
JSON,202403,0.018571861734384475,0.18181818181818182,0.0,0.0,4,
ZenScript,202012,0.25,1.0,0.0,0.7591180589541203,1,0.8571428571428572
Kotlin,201809,0.5101914869721473,0.8425925925925926,0.1111111111111111,0.7032923953783944,20,0.8888888888888888
JSON,202411,0.001004016064257028,1.0,,0.0,4,
Gherkin,201902,0.5989010989010989,0.5862068965517242,0.18181818181818182,0.5909904112894686,2,0.5
Svelte,202501,0.32381082817732154,0.9365079365079366,0.1111111111111111,0.39783743146046485,21,
Assembly,202305,0.0005154639175257732,1.0,0.0,0.0,7,
Nim,202112,0.30941052075072695,0.44047619047619047,0.2361111111111111,0.7591021415527632,5,1.0
JSON,202409,0.00125250501002004,0.2857142857142857,0.0,0.0,4,
Astro,202403,0.31944444444444453,0.7777777777777778,0.0,0.739859571676374,22,0.5
Open Policy Agent,202310,0.0,,,,1,
SCSS,202302,0.11621866505587437,0.9142857142857143,0.0,0.32840937867808384,50,0.25000000000000006
TSQL,202012,0.0,,,,6,
SCSS,202204,0.0496509436937749,0.6930555555555555,0.05714285714285715,0.5651175103943483,65,0.30000000000000004
Blade,202101,0.0009174311926605505,1.0,,0.0,11,0.0
Makefile,202007,1.4444444444444444,0.5,0.0,0.32738034427829166,18,0.5
Nunjucks,202106,0.0,,,,5,
Dockerfile,202211,0.05020535020535019,0.875,0.0,0.27973163745391993,59,0.5
SCSS,202210,0.06597696089221512,0.7777777777777778,0.0,0.4,67,0.3636363636363636
Dockerfile,202202,0.20112670068027208,0.6814814814814816,0.05714285714285714,0.4784364742885417,35,0.7
Vim Script,202108,1.8333333333333335,1.0,0.0,0.6987049715735316,17,1.0
FreeMarker,202106,0.0,,,,2,
Raku,202303,0.0,,,,1,
Stylus,202301,0.0,,,,5,
SCSS,202304,0.13622095001405343,0.8515151515151514,0.16666666666666666,0.44711141385242675,45,0.33333333333333337
Verilog,202206,0.0,,,,4,
Elixir,202012,0.032679738562091505,0.5925925925925926,0.3333333333333333,0.7298466991620975,29,0.5
Smarty,201806,0.0,,,,3,
Emacs Lisp,202103,3.0034722222222223,0.5,0.0,0.6468430550837382,13,0.75
CoffeeScript,202204,0.16666666666666669,1.0,0.0,0.0,8,
Pascal,202108,0.4274509803921568,1.0,0.0,0.4772170014624825,10,
VHDL,202006,,,,,4,
q,201910,,,,,1,
Perl,201808,0.20629281537176275,0.6666666666666667,0.0,0.38365916681089784,16,0.33333333333333337
Perl 6,202011,,,,,1,
TSQL,201905,0.026785714285714284,1.0,,0.0,10,0.0
Smarty,201811,0.0,,,,3,
Fortran,201801,1.0769230769230769,0.2857142857142857,0.0,1.0,2,0.5
Elixir,202401,0.20984405458089667,0.7291666666666667,0.0,0.711931270542468,19,0.6
Modula-2,202008,,,,,1,
Smarty,202502,0.0,1.0,,,3,
AngelScript,202501,0.0,,,,2,
Nim,202004,0.375,0.0,0.0,0.9182958340544894,8,1.0
PowerShell,202008,0.2761904761904762,1.0,0.0,0.3902050952733573,17,1.0
Scala,202105,1.0524607502005634,0.8180272108843536,0.0,0.2549566133568715,42,0.8
Perl,201901,0.18498217468805703,0.375,0.0,0.8932958417295936,18,0.25
GLSL,202202,0.0,,,,2,
Solidity,202209,0.9183333333333333,0.6000000000000001,0.0,0.683072531256196,15,0.42105263157894735
Haskell,202502,0.6875000000000001,0.5,0.0,0.32840937867808384,14,
Elixir,202101,0.4230769230769232,0.6,0.0,0.5561075750815161,20,0.6666666666666666
Scala,202006,0.28108253771270975,0.8844444444444445,0.08522727272727272,0.6212354944930699,38,0.2
Processing,202204,2.0,,0.0,1.0,4,
Dart,202112,0.8215977509080958,0.8018181818181819,0.0,0.6205672043640194,50,0.75
AGS Script,201802,,,,,1,
Batchfile,202104,0.4880952380952381,0.0,0.0,0.2295739585136224,8,1.0
Crystal,202310,,,,,1,
Starlark,202307,,,,,1,
CoffeeScript,201912,1.357142857142857,1.0,0.0,0.0,10,0.0
Assembly,202312,0.17857142857142858,,0.0,0.8609640474436813,10,
Makefile,201805,0.41256029684601114,0.8125,0.0,0.5673183336217958,15,0.5
MATLAB,202205,0.3611111111111111,1.0,0.0,0.47957395851362233,26,0.3333333333333333
Pascal,202102,0.09375,1.0,0.0,0.946394630357186,12,0.0
CoffeeScript,201803,2.7525252525252526,0.84375,0.0,0.5777231401544014,8,0.6
Dart,202003,0.5972125696342361,0.8037895292797254,0.225,0.7304619941259402,34,0.4166666666666667
Scala,202005,0.32230314918493436,0.7762842316413745,0.016666666666666666,0.5168391811117379,33,0.3571428571428571
Dart,202309,0.5377340666084289,0.85831501022981,0.08125,0.5495373212868753,62,0.6521739130434782
Roff,202201,0.0,,,,3,
Svelte,202407,0.12196866420338692,0.9645877378435518,0.16000000000000003,0.3089256653573175,23,0.039999999999999994
SQL,202311,,,,,1,
Nim,201803,0.25,0.0,0.0,0.0,2,1.0
Haskell,201904,0.3734234234234234,1.0,0.0,0.5,12,0.4
CSS,201801,0.16928595990939344,0.8484848484848487,0.11851851851851852,0.5864192902309138,62,0.2352941176470589
EJS,202501,0.0,1.0,,,5,
AutoIt,201811,,,,,1,
Objective-C,202208,0.75,1.0,0.0,0.5,16,0.25
Twig,202109,0.0,,,,3,0.0
R,201809,3.875213675213675,0.7777777777777778,0.1,0.5470472327566234,23,1.0
Haskell,202106,0.519903381642512,0.8066666666666666,0.05555555555555555,0.9491861985829073,14,0.4
MATLAB,202401,0.625,,0.0,0.9709505944546688,27,0.0
Vala,202106,,,,,1,
CoffeeScript,202504,0.0,,,,3,
Roff,201804,,,,,1,
PowerShell,202208,0.0909090909090909,1.0,0.0,0.0,22,
Erlang,202505,0.6230769230769231,0.16666666666666669,0.33333333333333337,0.546741309647284,4,
Smalltalk,202112,,,,,1,
Clojure,201912,0.24138471177944865,0.5555555555555556,0.125,0.654193380895288,8,0.5
Dockerfile,202411,0.06701254826254824,0.9375,0.0,0.25054305579594094,48,0.24999999999999997
Haskell,202402,0.2564814814814815,0.5,0.0,0.5364264802806643,21,1.0
Emacs Lisp,202411,1.6492424242424242,0.4444444444444444,0.0,0.6950893446355455,17,0.75
Objective-C,202209,1.8854166666666665,0.5,0.0,0.4276180758261123,22,0.4444444444444444
Scheme,202304,2.0,,0.0,1.0,3,
PowerShell,201806,0.34285714285714286,0.8,0.0,0.7295739585136223,14,0.6666666666666666
Emacs Lisp,202307,1.3499999999999999,0.6666666666666666,0.13333333333333333,0.8920804431730944,19,1.0
AutoHotkey,202107,,,,,4,
Smarty,202411,0.0,1.0,,,3,
1C Enterprise,202311,,,,,1,
Elixir,201804,0.029166666666666667,1.0,,0.0,8,0.0
MDX,202506,0.3555240286450991,0.8890909090909092,0.06349206349206349,0.5773327304914049,21,
AutoIt,202201,,,,,1,
Standard ML,202210,1.0,,0.0,0.0,1,
Dockerfile,202301,0.6552800734618914,0.865079365079365,0.06250000000000001,0.5820758010141847,48,0.28571428571428575
Solidity,202411,1.1590909090909092,0.8666666666666667,0.0,0.3789967217024858,4,0.6666666666666666
Makefile,202212,0.643827160493827,0.8095238095238094,0.2,0.2,28,0.05263157894736842
OpenSCAD,202101,0.0,,,,3,
Svelte,201910,0.6068548387096774,0.34375,0.5,0.7454158194595495,5,0.8
QML,202311,0.0,1.0,,,2,0.0
Clojure,202301,0.0,,,,6,
R,201810,0.9969859943977591,0.625,0.0,0.6549216082109294,34,0.8571428571428571
Assembly,202005,0.0,,,,5,
1C Enterprise,202007,,,,,2,
TeX,201908,0.3333333333333333,0.5,0.0,0.9182958340544894,15,0.6666666666666666
Perl,202108,0.1360012857602057,0.6060606060606062,0.0,0.459679530109323,23,0.4
Haskell,202506,1.2369791666666665,0.6666666666666666,0.3333333333333333,0.9092069727155996,10,
MATLAB,202010,0.43973037740080984,1.0,0.0,0.38507691947592676,23,0.0
Modelica,201902,0.0,1.0,,,1,0.0
MATLAB,202409,0.9078144023028829,1.0,0.0,0.15773243839286433,23,1.0
PowerShell,202203,0.15364583333333331,1.0,0.0,0.25,26,1.0
Objective-C,202401,0.625,1.0,0.0,0.33333333333333326,17,0.28571428571428575
TeX,201910,1.6024175824175824,1.0,0.0,0.34727900155901975,18,0.6
PowerShell,202504,0.03779623019389101,0.8634920634920635,0.10000000000000002,0.3068870678806303,41,
PowerShell,202304,0.06666666666666667,1.0,0.0,0.0,19,
Fortran,201902,0.0,,,,2,
Objective-C,202107,0.8346153846153844,0.375,0.0,0.3472561950887557,35,0.7272727272727272
GLSL,202309,1.0,1.0,0.0,1.0,2,1.0
Assembly,202302,0.0,1.0,,,9,1.0
OCaml,202007,0.26556084976755273,0.3262626262626262,0.25217391304347825,0.35445483107904924,13,0.875
Dockerfile,201810,0.13888888888888892,0.8333333333333334,0.0,0.0,18,0.33333333333333337
MATLAB,202101,0.4001131221719456,1.0,0.0,0.8976899046017061,25,0.5714285714285714
Bicep,202312,0.0,1.0,,,2,
Nim,201905,0.0,,,,4,0.0
Rust,201905,0.619449950818447,0.5756655092592592,0.1650958994708995,0.6847165036981187,44,0.7037037037037036
TeX,201903,0.49990224828934504,0.44999999999999996,0.0,0.2427376486136672,17,0.75
Processing,202402,1.0,,0.0,0.0,2,
GLSL,202001,,,,,2,
Blade,201903,,,,,1,
CoffeeScript,202102,0.33333333333333337,1.0,0.0,0.0,4,0.0
SystemVerilog,202211,,,,,1,
Scheme,202002,0.0,,,,2,
MATLAB,202104,0.625,1.0,0.0,0.46059274829427715,24,0.4
Vim Script,201903,0.6354166666666667,0.5,0.0,0.5973468285706603,22,0.8333333333333334
Groovy,202001,1.0,1.0,0.0,1.0,6,
Dart,202004,0.5509927243524619,0.720211161387632,0.1851851851851852,0.7085067960869355,35,0.6190476190476191
Objective-C,202109,1.2285714285714286,0.5,0.0,0.35665387095448337,35,0.2222222222222222
Haskell,202008,0.3308708385631463,0.4285714285714286,0.13333333333333333,0.68794938303721,12,1.0
Jupyter Notebook,201812,0.4405691634702129,0.5993506493506494,0.07936507936507936,0.39791096820414157,61,0.5
OpenSCAD,201812,0.0,,,,2,
Astro,202108,0.21523809523809526,0.6666666666666666,0.0,0.4565613146006523,9,1.0
Clojure,201810,1.022727272727273,0.6666666666666666,0.0,0.5,5,
Dockerfile,202101,0.47708862019206855,0.6666666666666666,0.047619047619047616,0.714514955669446,36,0.8461538461538461
MATLAB,201805,0.027777777777777783,1.0,,0.0,15,0.0
Twig,202201,0.5,,0.0,0.0,3,
EJS,201909,0.0,,,,3,
Ruby,202406,0.26678485528633145,0.8185483870967741,0.04395604395604395,0.3477812654254752,100,0.3846153846153846
Reason,202102,,,,,2,
GDScript,202309,0.0,,,,8,1.0
PLpgSQL,202208,0.0,,,,2,
Dockerfile,202310,0.0621384820410308,0.8983516483516484,0.0,0.6317305795386092,48,0.7142857142857143
Elixir,201812,0.5534883720930233,0.47619047619047616,0.0,0.3973979926453911,10,1.0
Verilog,202407,0.25,1.0,,0.0,12,
Objective-C,201904,1.089251107419712,0.8,0.0,0.2044312910321187,31,0.47058823529411764
Cuda,202411,2.0454545454545454,1.0,0.0,0.4056390622295664,2,0.0
Nix,202011,0.45138888888888895,0.6428571428571428,0.0,0.8336772948977453,5,1.0
Common Lisp,202501,1.0,1.0,,0.0,3,
Emacs Lisp,201801,0.9583333333333333,1.0,0.0,0.9322737953232467,13,0.16666666666666669
Scala,202003,0.5185651276489786,0.6428571428571428,0.21874999999999997,0.6609450424175822,29,0.7142857142857143
CMake,202305,0.0,0.975,,,12,
Nix,202105,0.2,0.6666666666666666,0.5,1.0,3,
Haskell,202201,0.2714285714285714,0.2,0.3333333333333333,0.2844002215198174,11,0.5
BitBake,201908,3.0,,0.0,0.9182958340544894,1,0.5
MATLAB,202209,0.29119168889966857,1.0,0.0,0.32193313285140013,26,0.5
Kotlin,202305,35.50283654623949,0.8402816039179676,0.15428571428571428,0.5116571321616645,102,0.30000000000000004
PowerShell,202410,0.21895265612451859,0.7236024844720496,0.0,0.384731852771414,38,0.4736842105263159
Scala,202211,1.443289579040255,0.8200680272108843,0.14285714285714285,0.4286708449454017,44,0.4285714285714286
CSS,202102,1.0023515003061854,0.9807692307692307,0.0,0.6213978025203772,93,0.1
Scala,202001,0.28489774951076324,0.7222222222222223,0.16666666666666669,0.4347976617999688,27,0.4
Logos,202408,2.0,,0.0,1.0,3,0.0
MDX,202101,4.912482793595595,0.40909090909090906,0.1414141414141414,0.9101065486121592,4,0.4375000000000001
Haxe,202105,2.0,,0.0,0.9182958340544894,1,0.0
Lua,201811,1.0,0.5,0.0,0.9532024628143052,23,0.0
Swift,202009,0.8366127164511149,0.7583333333333333,0.10599415204678364,0.43209392089712495,52,0.48
Objective-C,202204,1.0,1.0,0.0,0.32652465283787413,26,0.33333333333333337
Swift,201811,2.0897081040134897,0.7621015348288075,0.04000000000000001,0.7437521242520908,45,0.380952380952381
ShaderLab,202401,3.5,,0.0,0.4603099178571525,5,0.6666666666666666
Less,201802,5.0,,0.0,1.0000000000000002,1,1.0
HCL,202406,0.15776987284100272,0.9344222273889792,0.0,0.6952982770827991,48,0.3
Scala,202206,0.1799471885678782,0.7627551020408164,0.0,0.653532294217407,37,0.5
EJS,202202,0.10000000000000002,,0.0,0.0,10,
Elixir,202307,0.23776223776223776,1.0,0.0,0.3333333333333333,17,0.0
HCL,201809,0.025974025974025972,0.8,0.0,0.0,10,0.0
Haskell,201804,0.9333333333333332,,0.0,0.4801549589285762,10,1.0
Vim Script,202304,0.6041666666666667,1.0,0.0,0.8563103977097584,16,0.5
SCSS,202006,0.10038010769718088,0.8666666666666667,0.0,0.39642820656697497,43,0.33333333333333337
Swift,202411,0.38839651164449013,0.8685714285714287,0.04444444444444444,0.5255055134282706,74,0.5238095238095238
Dockerfile,202210,0.05584281973170863,0.6293517406962785,0.13333333333333333,0.7085032447312355,42,0.5
Elixir,202206,0.16773504273504272,0.5333333333333333,0.25,0.9227006799421874,22,0.6666666666666667
Batchfile,202304,0.15000000000000002,1.0,0.0,0.0,6,
TSQL,201910,0.0,,,,6,
PLpgSQL,202308,0.0,1.0,,,2,
TSQL,202002,0.1315359477124183,0.5333333333333334,0.0,0.193284340243128,6,0.6666666666666666
PLpgSQL,202011,0.0,,,,3,
Less,201907,1.0,,0.0,0.9999999999999998,3,1.0
Kotlin,202005,1.2244592534104428,0.6342592592592592,0.03333333333333334,0.45749048186803026,44,0.5862068965517243
M4,202504,0.0,,,,1,
SCSS,202002,0.14616811759668902,0.9375,0.0,0.15596576412702623,40,0.28571428571428575
EJS,202502,0.0,,,,11,
CMake,202211,0.0,0.9333333333333333,,,8,
Fortran,202407,2.373076923076923,0.5555555555555556,0.037037037037037035,0.581939636910365,5,1.0
Astro,202309,0.11643026004728133,0.873469387755102,0.0,0.21874999999999997,16,0.5
Emacs Lisp,201902,0.6511011011011012,0.5,0.0,0.4352928385451509,14,0.7599999999999999
GLSL,201810,0.0,,,,2,
Perl,202504,0.4497243107769424,0.6428571428571429,0.0,0.40250624987980727,24,
Nunjucks,202112,0.0,1.0,,,6,
Verilog,202212,0.4,,0.0,0.9999999999999998,11,0.0
Emacs Lisp,202503,0.6958128078817734,0.96875,0.0,0.7826309231879591,18,
Perl,202311,0.3492723882068145,0.6666666666666667,0.0,0.8061590844965596,23,0.5
Forth,202304,0.0,,,,1,
Astro,202208,0.0,1.0,,,8,
R,202307,0.25267052154259206,0.8547008547008547,0.07575757575757576,0.4941913207080114,67,0.6875
EJS,202106,0.09090909090909091,1.0,0.0,0.0,11,
Scheme,201810,0.0,,,,3,
SCSS,202401,0.10511363636363635,0.875,0.0,0.24064269829578744,32,0.3333333333333333
OCaml,202403,0.05714285714285715,0.9375,0.2222222222222222,0.865595184985954,8,0.0
AutoIt,201804,0.0,1.0,,,1,0.0
Jsonnet,202501,0.16666666666666669,0.5,0.0,0.0,3,
Objective-C,201801,1.572420634920635,0.5,0.0,0.48135218133657776,30,0.5405405405405406
Scala,202406,0.6989603390935516,0.9447368421052632,0.0,0.302890903691085,29,0.6666666666666666
Batchfile,201902,0.25,0.0,0.0,0.0,1,
Vala,202009,1.0,0.5,0.0,0.9182958340544894,2,1.0
PureScript,202101,0.0,1.0,,,2,0.0
Makefile,201907,0.08333333333333334,0.5,0.0,0.0,15,1.0
Rust,202407,0.394917625157283,0.7341020630288667,0.12117794486215538,0.5330874581828761,197,0.5675675675675674
Astro,201808,1.1805555555555556,0.0,0.047619047619047616,0.7402625139934321,4,1.0
PostScript,201902,0.0,1.0,,,2,0.0
Emacs Lisp,202310,1.4724462365591395,0.5,0.0,0.663021171542234,18,0.75
LLVM,202405,1.0,1.0,0.0,0.9591479170272448,3,
PostScript,202102,0.375,1.0,0.0,0.9999999999999998,3,0.5
ASL,202004,5.87037037037037,,0.0,0.638033630672855,4,1.0
Emacs Lisp,202408,0.7542857142857142,1.0,0.0,0.9530220791880504,18,0.25
BitBake,201803,22.5,0.0,0.0,0.7971233208834679,1,0.5714285714285714
Batchfile,202411,0.1507936507936508,0.0,0.0,0.0,12,1.0
Groovy,201806,0.10586872586872587,0.65,0.0,0.5,7,0.5
XSLT,202307,0.12205882352941178,0.875,0.6,0.7304204838345754,9,0.0
GLSL,202008,0.0,1.0,,,2,
Astro,202501,0.043051201671891325,0.9166666666666666,0.0,0.3333333333333333,33,
Dockerfile,201811,0.3821428571428573,0.0,0.0,0.48860850073124124,15,0.0
Blade,201910,0.0,1.0,,,2,0.0
Game Maker Language,202406,0.0,,,,1,
F#,202204,0.047619047619047616,0.0,0.0,0.0,7,1.0
Vue,202407,0.08396927644825039,0.9521739130434783,0.10000000000000002,0.24902688259025224,74,0.38461538461538464
SCSS,202501,0.13060897435897437,0.709090909090909,0.0,0.48749622686767924,36,
Perl,202306,0.16726709822685054,0.25,0.0,0.18365916681089786,20,0.5
Rust,201811,0.44304217288088255,0.6212121212121212,0.08333333333333334,0.4182445444690406,38,0.41666666666666663
Liquid,202411,0.12962962962962965,0.8888888888888888,0.0,0.9211854965885543,9,0.5
Batchfile,201908,0.0,,,0.0,3,
Liquid,202506,0.0,,,,5,
HCL,202311,0.11283160714958237,0.7783758073936646,0.06666666666666667,0.6962899268150803,43,0.33333333333333337
Blade,202307,0.0,1.0,,0.0,7,0.0
Swift,202212,0.7228359222476869,0.9441964285714286,0.0,0.3483519990190884,61,0.3846153846153846
SCSS,202409,0.0230952380952381,0.9285714285714285,0.09523809523809523,0.5848150040049809,40,0.25
SCSS,202211,0.08212560386473432,0.7777777777777778,0.0,0.6569835314848895,76,0.20000000000000004
Vala,202004,0.2857142857142857,0.8333333333333333,0.0,0.8112781244591328,2,0.33333333333333337
Kotlin,201806,0.26671899529042387,0.8,0.0,0.49005742946519026,17,0.5
Scala,202402,0.4893371546149324,0.8561538461538462,0.0,0.3,33,1.0
Svelte,202105,0.3897814027571813,0.29166666666666663,0.08620689655172414,0.642088851476639,14,0.5555555555555556
Clojure,201809,0.0,1.0,,,7,0.0
Batchfile,202009,0.419047619047619,0.0,0.0,0.778225726339347,5,1.0
MDX,202205,4.0942105263157895,0.42976190476190473,0.0625,0.7869040023542846,6,0.6666666666666667
Tree-sitter Query,202102,5.0,0.5,0.0,0.8586727110732549,1,1.0
Blade,202212,0.0,1.0,,,13,0.0
Swift,202209,0.4402167814330454,0.8585470085470085,0.11309523809523811,0.5354787664718665,73,0.6111111111111112
Vim Script,201908,1.787878787878788,1.0,0.0,0.7944833493628775,18,0.8
Kotlin,201801,0.05702624617098301,0.9166666666666666,0.5,0.24064269829578744,11,0.14285714285714285
Haxe,202404,0.0,,,,4,
Starlark,202211,0.5,1.0,,0.0,1,
Vim Script,201901,0.396875,0.0,0.0,0.3194774700848825,19,1.0
AngelScript,202204,0.0,1.0,,,2,0.0
Blade,202310,0.00625,1.0,,0.0,9,0.0
Svelte,202312,0.25208380649557127,0.6666666666666667,0.07407407407407407,0.5320453975146535,21,0.3333333333333333
TeX,202106,0.0923076923076923,0.75,0.0,0.49261406801712576,22,0.28571428571428575
MDX,202502,0.8792481837336202,0.8608058608058607,0.04678362573099414,0.5695036487114713,19,
RAML,202004,0.6666666666666666,0.0,0.0,0.8112781244591328,1,
QML,202210,0.0,,,,2,1.0
Julia,202202,0.26234335839599,0.5839285714285715,0.15873015873015872,0.7647812880722218,22,0.8
XSLT,202303,0.14102564102564102,0.6666666666666666,0.0,0.3060986113514965,7,
Rust,202005,0.5863794995325091,0.467277546077152,0.05248407023687921,0.5350005271893502,77,0.8928571428571428
MATLAB,202007,0.9115815691158156,1.0,0.0,0.4293363555366275,23,1.0
XSLT,202004,0.9111111111111114,0.5,0.0,0.49060491889692487,9,1.0
LLVM,202006,3.362700921380053e-05,,0.0,0.0,1,
Elixir,201905,0.31644917582417587,0.24285714285714285,0.1333333333333333,0.43302396732684745,11,1.0
PowerShell,202312,0.06246333336769487,0.6428571428571429,0.0,0.227630349270836,29,0.4893617021276594
TeX,201904,0.16527777777777775,0.5,0.0,0.0,17,0.5
Perl,202505,0.4105072463768117,0.9333333333333333,0.2,0.384123967142861,18,
TeX,202503,0.04375000000000001,1.0,0.0,0.0,25,
EJS,202007,0.12500000000000003,,0.0,1.0,8,1.0
Perl,202009,0.36693861693861696,0.5,0.0,0.5170097326907988,13,1.0
TSQL,202007,0.0,,,,10,
Nix,202506,0.1641361858753163,0.9285714285714286,0.0,0.37118571701973624,27,
Groovy,201811,0.07407407407407407,1.0,0.0,0.0,5,0.0
Objective-C,201810,3.930952380952381,0.5,0.0,0.6276492115902317,27,0.49999999999999994
Vue,201902,0.26583213352530266,0.5291666666666667,0.031746031746031744,0.4761345186179876,36,0.7142857142857143
POV-Ray SDL,202104,3.6,,0.0,0.9043615562511675,1,0.5
HCL,201910,0.05,0.9285714285714286,0.0,0.28770685618887704,12,0.0
DM,202308,0.0,1.0,,,5,
Crystal,201812,0.0,,,,1,
SystemVerilog,202501,0.33333333333333337,,0.0,0.0,4,
Visual Basic 6.0,202302,0.0,,,,1,
Elixir,202502,0.46428571428571425,0.6714285714285715,0.25,0.9376361809136801,15,
Scala,202109,0.5714390371533229,0.8398825654923217,0.0,0.4734131202098435,41,0.5555555555555556
PLpgSQL,201909,0.6,,0.0,0.9999999999999998,5,0.0
Common Workflow Language,202101,0.0,,,,1,
Lua,201808,0.6428571428571428,1.0,0.0,1.0,23,
LookML,202111,0.0,1.0,,,1,0.0
MDX,202102,0.8399470899470899,0.33974358974358976,0.012345679012345678,0.9030334183928554,4,0.35294117647058826
HCL,202404,0.15782258984699532,0.9071542492595125,0.0,0.4617130345376586,45,0.5
GLSL,202403,1.4166666666666667,0.9285714285714286,0.0,0.6954932379652727,5,0.25
Odin,202309,0.14285714285714285,1.0,0.0,0.0,1,0.0
PowerShell,202503,0.12818450487488206,0.7818181818181817,0.0,0.41797645789241633,45,
Stylus,202009,0.0,,,,5,
Liquid,202309,0.26666666666666666,1.0,0.0,0.9886994082884974,3,
GDScript,202409,0.07051282051282051,0.75,0.0,0.0,7,0.6666666666666666
Go Template,202503,0.17949633699633702,0.7906060606060605,0.25,0.6174623643385051,8,
Svelte,202111,0.1484399300155521,0.7262731481481481,0.3464052287581699,0.7094120558000603,13,0.2857142857142857
HCL,202107,0.23507785617160615,0.7189898989898988,0.02222222222222222,0.34086276035771407,25,0.7272727272727272
R,202107,1.1241036080476063,0.7728174603174603,0.014814814814814814,0.5883961700299373,54,0.8823529411764705
Haskell,202405,0.32222222222222224,0.8333333333333333,0.0,0.6666666666666667,11,0.5
SCSS,202504,0.6248920596946913,0.9242424242424243,0.0,0.7573506688062258,35,
HLSL,202108,0.0,1.0,,,1,
ASP.NET,202410,0.0,1.0,,,2,0.0
Elixir,202006,0.46111111111111114,0.8571428571428572,0.0,0.37084810630007103,14,0.2
Perl,201801,1.0830532212885153,0.33333333333333337,0.0,0.3564885722653465,16,0.5
Astro,202402,0.21358024691358024,0.8333333333333334,0.0,0.7182687894459686,19,0.6
Makefile,201912,0.9888357256778308,0.33333333333333337,0.0,0.9592056508867707,16,0.3333333333333333
Stylus,202402,0.0,,,,2,
Erlang,201912,0.0,1.0,,,4,0.0
R,201903,0.463248109772607,0.7199074074074073,0.031746031746031744,0.4650790661387712,36,0.9166666666666666
Vue,202405,0.2928704831860588,0.8306878306878306,0.0427807486631016,0.41693580097294414,77,0.5
EmberScript,201909,2.5555555555555554,0.6666666666666666,0.0,0.9589510435997693,1,1.0
Markdown,202503,0.029559805497063326,,0.0,0.11478697925681121,17,
Nix,201812,0.35,0.0,1.0,0.5916727785823274,2,1.0
GSC,202505,0.0,,,,2,
Makefile,202404,0.2558537758537759,0.819047619047619,0.0,0.5344290816951419,25,0.2222222222222222
Lua,202011,0.43426916221033857,0.5885093167701864,0.03125000000000001,0.4837184604072567,45,0.4666666666666668
PowerShell,202010,0.33999999999999997,,0.0,0.3333333333333333,16,0.6666666666666667
Blade,202405,0.2,1.0,,0.0,7,0.0
Emacs Lisp,202303,0.5660416666666669,0.0,0.0,0.6208056819176266,22,0.5555555555555557
Apex,202405,0.0,,,,1,
Scheme,202006,0.0,,,,3,
HCL,202409,0.07476562038622808,0.8572575250836122,0.0,0.2565245607710572,48,0.4444444444444444
Jinja,202310,0.07292707292707293,0.5748299319727891,0.0,0.603759374819711,13,1.0
XSLT,202011,0.18012987012987014,0.719047619047619,0.0,0.5443729391081098,11,0.0
Liquid,202205,0.2692307692307692,0.0,0.0,0.9211854965885543,2,1.0
Vue,201803,0.6696428571428571,1.0,0.0,0.917962057586298,12,0.8333333333333334
SCSS,202101,0.38061294089443287,0.7857142857142857,0.0,0.34039565271806943,37,0.4285714285714286
PowerShell,202107,0.955204216073781,0.6666666666666667,0.0,0.557623337054408,19,0.9230769230769229
Lua,201803,1.2420512820512821,1.0,0.0,0.6977228585645417,23,0.4444444444444444
Emacs Lisp,202504,0.5961538461538463,1.0,0.0,0.9293363555366274,16,
Fennel,202403,0.06666666666666667,,0.0,0.0,2,
Dart,201909,0.5671296296296298,0.6666666666666667,0.0,0.39384834700853893,25,0.5714285714285714
Haxe,202207,0.7857142857142857,0.0,0.0,0.8085947862963575,1,1.0
Svelte,202202,0.5332497911445281,0.8500000000000001,0.0,0.4039089042501286,16,0.28571428571428575
Nextflow,202411,0.26960784313725494,0.5555555555555556,0.0,0.6666666666666666,7,0.33333333333333337
MDX,202202,0.993729026649592,0.8179487179487179,0.05555555555555555,0.6670656980928811,7,0.5333333333333333
EJS,202204,0.16666666666666669,,0.0,0.0,6,
Common Lisp,202401,0.0,1.0,,,4,0.0
SCSS,202003,0.13526272577996717,0.7916666666666666,0.0,0.7921834132428961,31,0.33333333333333337
MATLAB,202212,0.35716845878136205,0.5833333333333334,0.0,0.37293809288233504,25,0.0
Vim Script,201810,0.736111111111111,0.25,0.0,0.6790157128907071,16,1.0
Nunjucks,202403,0.18333333333333335,1.0,0.0,0.5,2,0.0
reStructuredText,202302,0.0,,,,1,
Assembly,202209,0.3382741327635835,1.0,0.0,0.6487982101190619,9,1.0
Perl,201810,0.3611111111111111,0.3,0.0,0.4052273811584255,22,1.0
GLSL,201912,0.0,1.0,,,3,0.0
Groovy,202011,0.0,1.0,,,7,
Swift,201906,1.4598431117452857,0.7272727272727272,0.0,0.6331129428517378,42,0.6666666666666669
SCSS,202307,0.19272727272727272,0.8818181818181818,0.0,0.4177867859164956,40,0.8
Clojure,202012,0.8857142857142858,1.0,0.0,0.6297488095030528,8,1.0
Nix,202006,0.7666666666666666,0.5714285714285714,0.18181818181818182,0.7576894364016934,6,1.0
PowerShell,202004,0.07744107744107745,0.8333333333333334,0.0,0.4179944983623582,16,0.0
Julia,202206,0.3007326007326007,0.8333333333333334,0.08333333333333333,0.41426291978079444,19,0.25
Dart,202208,0.5242198599341458,0.8640046296296295,0.011730205278592375,0.5879144011317308,60,0.7399999999999999
TeX,202408,0.0893062161718878,0.7666666666666666,0.0,0.15310511763523313,21,0.16666666666666669
Jsonnet,202004,0.0,1.0,,,1,0.0
PLSQL,201906,0.0,,,,1,
Scala,202303,0.6621497213922313,0.7681034482758621,0.0,0.40278177889967554,40,0.6666666666666666
Elixir,201807,0.15,0.75,0.0,0.6889451659416074,8,1.0
WebAssembly,201808,0.0,,,,1,
Svelte,202309,0.07706766917293233,0.9285714285714286,0.0,0.5725886697359892,18,0.4
Liquid,202308,0.4444444444444444,0.3333333333333333,0.0,0.7644323449015866,3,0.5
SCSS,201808,0.1526984126984127,0.7857142857142857,0.0,0.6345079900295802,14,0.33333333333333337
Dart,202101,0.4678925349980841,0.7858974358974359,0.11237373737373733,0.47711017905138414,42,0.5416666666666666
OCaml,202310,0.11371444051489063,0.8511904761904762,0.0,0.45755576186145813,11,0.7142857142857143
MATLAB,202402,0.20697167755991286,1.0,0.0,0.30609861135149646,25,1.0
Solidity,202308,0.24053030303030304,0.8333333333333333,0.0,0.4304820237218405,10,0.6666666666666666
Nextflow,202204,0.0,,,,2,
PowerShell,202006,0.5,0.6666666666666667,0.6666666666666666,0.8699155297736259,13,0.0
Blade,202003,0.0,,,,4,
Typst,201912,0.21875,0.5,0.0,0.0,1,1.0
Astro,201902,0.140058090877763,0.38095238095238093,0.1111111111111111,0.8287386868392743,3,0.7142857142857143
Rust,202011,0.4471809208498673,0.4805738362439393,0.10325729202133696,0.5353368590868218,82,0.5476190476190474
R,201812,1.396501405049199,1.0,0.0,0.6750486041201657,26,1.0
Elixir,202303,0.5648148148148148,0.7777777777777777,0.0,0.5622556248918265,23,0.6666666666666666
ABAP,202010,0.6428571428571429,0.3076923076923077,1.0,0.964078764808229,1,0.0
OCaml,202411,1.9645051917779188,0.7207792207792207,0.05128205128205128,0.5735138205761305,13,0.6666666666666666
Nextflow,202307,0.12121212121212122,0.5,0.0,0.6695919455357792,3,0.2
HCL,202012,0.3341947907165298,0.9335748792270532,0.0,0.3100035172955089,21,0.3
Tree-sitter Query,202404,3.4615384615384617,0.1111111111111111,0.14285714285714285,0.7432343276833624,1,0.5
Nix,202303,0.17708333333333334,1.0,0.0,0.8479478236453453,12,
Lua,202006,0.6225296442687748,0.8,0.25,0.6923268417180215,38,0.625
Processing,202311,0.0,,,,5,
TSQL,201903,0.0,1.0,,,5,0.0
Dockerfile,201912,0.030296273774534636,1.0,0.0,0.6666666666666666,22,0.5
Fortran,202010,0.7976641414141414,0.4772727272727273,0.5333333333333333,0.6934160138345711,7,0.6666666666666666
Fennel,202008,0.8936170212765957,0.25,0.0,0.539916577818216,1,0.6666666666666667
Nextflow,202105,0.0,,,,1,
SWIG,202003,0.0,,,,1,
Solidity,202303,0.04878048780487805,0.7936507936507936,0.0,0.692722097506469,15,0.5333333333333333
EJS,202002,0.024193548387096774,1.0,0.0,0.0,3,0.0
DM,202407,0.0,,,,6,
Roff,202012,0.0,1.0,,,1,
GDScript,201802,0.009508716323296355,0.0,0.0,0.7743974703476993,1,1.0
ShaderLab,202011,0.1728395061728395,1.0,0.0,0.4591479170272447,4,0.0
Scala,202502,0.14207261444299157,0.8168249660786974,0.0,0.35644574378276034,27,
DM,202405,0.0,1.0,,,7,
Vue,202504,0.19787490670249294,0.9091666666666666,0.13333333333333333,0.4540506091489056,60,
Markdown,202405,0.0038240436746040728,,,0.0,13,
Markdown,202409,0.012560524131242975,,,0.0,14,0.0
Liquid,202410,0.0625,0.8888888888888888,0.0,0.0,8,
JSON,202304,0.012596089919388348,0.3333333333333333,0.0,0.0,4,
IDL,201809,0.0,1.0,,,1,0.0
Blade,202001,0.005509641873278237,,,0.0,4,0.0
MDX,202107,0.4939293598233995,0.7936507936507936,0.3333333333333333,0.6185848452898657,5,0.5833333333333333
Scheme,202404,0.0,,,,2,
Julia,201910,0.38189929405238493,0.1915204678362573,0.16003787878787878,0.5292309038760606,16,0.6666666666666666
Gherkin,201805,0.8018433179723502,0.47619047619047616,0.4117647058823529,0.7810637309741041,1,1.0
Svelte,202108,0.07172163825438536,0.46782081377151796,0.3111111111111111,0.600120008633096,18,0.41666666666666663
Markdown,202210,0.01391493592600402,,,0.0,10,
Open Policy Agent,202207,0.0,,,,1,
TSQL,202004,0.02525252525252525,0.85,0.0,0.8586727110732549,9,0.0
Nunjucks,202301,0.047619047619047616,1.0,,0.0,8,
Stylus,202105,0.0,,,,2,
Elixir,202210,0.3760703570438083,0.7242424242424242,0.0,0.7328684813138289,25,0.4
TSQL,202101,0.0,,,,5,
Markdown,202502,0.019406071080674638,,,0.0,16,
Scala,202412,0.3431029754559166,0.8666666666666667,0.0,0.19999999999999996,30,0.33333333333333337
Less,202301,0.6400000000000001,0.5,0.0,0.0,6,0.0
Blade,202206,0.0,1.0,,,9,
Cypher,202207,0.0,,,,1,
Svelte,202408,0.6069775132275133,0.9829424307036247,0.2222222222222222,0.36252437208457117,20,0.25
Hack,202205,0.0,,,,1,
Reason,202109,0.6666666666666666,,0.0,1.0,3,
Less,202211,0.2,,0.0,0.0,5,0.5
GDScript,202102,,,,,2,
HCL,202310,0.337318187178109,0.8399553571428571,0.06613756613756613,0.5065219506553351,49,0.5555555555555556
Elixir,202407,0.25461538461538463,0.4375,0.0,0.5932163167337585,17,0.5
Makefile,202001,1.9691358024691357,0.8888888888888888,0.5,0.3333333333333333,16,0.6666666666666666
Perl,202006,0.06954022988505747,0.8571428571428571,0.0,0.4324867603589636,18,0.0
Smarty,201809,0.0,,,,3,
OCaml,202204,1.2936507936507937,0.7720588235294117,0.25,0.34571366174028817,10,0.8
Blade,202506,0.6,1.0,0.0,0.9182958340544894,6,
ShaderLab,202405,0.0,1.0,,,3,
Nushell,202504,0.0,,,,3,
Elm,202210,,,,,1,
Rust,201805,0.431547619047619,0.8,0.0,0.7070422319630558,21,0.5384615384615384
AutoHotkey,202411,0.0,,,,4,
PowerShell,202005,0.5555555555555556,1.0,0.0,0.3060986113514965,17,0.5
Stylus,202501,,,,,1,
Haskell,202501,0.37230144583085767,1.0,0.0,0.1836591668108979,18,
Vim Script,202505,0.5714285714285715,0.5,0.0,0.9591479170272448,11,
Gnuplot,202503,,,,,1,
TSQL,202105,0.0,,,,12,
Pascal,202411,,,,,7,
Lua,202107,0.048040049353074564,0.5833333333333334,0.0,0.43691631841314127,48,0.7777777777777778
TeX,202504,0.09335038363171358,0.9090909090909092,0.0,0.0,25,
PLpgSQL,202008,0.0,,,,2,
ShaderLab,202409,1.0,,0.0,0.9182958340544894,4,
OpenSCAD,202203,,,,,3,
Vim Script,202205,0.6705128205128205,0.0,0.0,0.566460742120291,19,1.0
Emacs Lisp,202201,2.1642156862745097,0.2,0.0,0.6002804853419268,21,0.9333333333333332
Verilog,202310,0.0,1.0,,0.0,9,
AutoIt,202304,,,,,1,
Common Lisp,202206,0.33333333333333337,,0.0,0.0,6,0.0
ShaderLab,202309,1.0,,0.0,0.0,2,1.0
Twig,202404,0.0,1.0,,,2,0.0
R,202104,0.39054279831390065,0.8863636363636362,0.03333333333333333,0.47554405884935347,64,0.5384615384615384
Erlang,202112,0.5,1.0,,0.0,3,
PowerShell,202007,0.5555555555555556,0.6666666666666666,0.0,0.1836591668108979,15,1.0
MATLAB,202306,0.4129032258064516,1.0,0.0,0.473197315178593,28,1.0
Reason,202208,,,,,1,
Erlang,202008,0.9,0.5,0.0,0.9455305560363264,2,1.0
R,202312,1.0537774833393398,0.9285714285714285,0.05777777777777778,0.6013525346450237,75,0.8124999999999999
Nim,201809,,,,,1,
Dart,202103,0.644782370685985,0.7105263157894737,0.022727272727272724,0.5867927191325011,53,0.7407407407407408
TeX,201811,2.8769762845849804,1.0,0.0,0.6046710776317141,15,0.0
Pascal,202210,0.7738095238095238,1.0,0.0,0.9658113831957187,8,0.5
OCaml,202409,0.1915507398457732,0.7611111111111111,0.0,0.3161842970736298,14,0.5
Svelte,202204,0.4350141009433045,0.4777777777777778,0.18666666666666668,0.7001822788221469,15,0.4285714285714286
EJS,202111,0.013468013468013467,1.0,0.0,0.0,10,0.0
Swift,202211,0.6954926378446115,0.9354395604395604,0.07692307692307693,0.5410111509559112,60,0.380952380952381
ASP,201912,,,,,1,
PureScript,202506,0.0,,,,2,
Visual Basic .NET,202303,0.0,,,,3,
Solidity,202505,0.14285714285714285,1.0,0.0,0.8112781244591328,8,
Erlang,202005,0.10714285714285714,0.8333333333333334,0.0,0.9182958340544894,4,0.5
Dart,202202,0.5403431289281467,0.5949074074074074,0.0202020202020202,0.5421256463601485,46,0.782608695652174
Sass,202312,,,,,1,
BitBake,202209,0.0,,,,4,0.0
PowerShell,201902,2.42,0.8333333333333334,0.0,0.4316169009718268,13,0.33333333333333337
Apex,201810,,,,,1,
QML,202109,0.0,,,,2,
Haxe,202411,0.0,1.0,,,4,
Gnuplot,202102,,,,,1,
IDL,202407,0.0,1.0,,,2,
Groovy,202308,0.004418262150220914,1.0,0.0,0.9182958340544894,8,1.0
Roff,202206,0.0,,,,4,
Rust,201910,0.501895891144917,0.48972505668934246,0.12371944856373922,0.6392040801010199,57,0.777777777777778
VBA,202308,,,,,1,
Pascal,202011,0.33333333333333337,1.0,0.0,0.0,7,
Clojure,202506,0.5,,0.0,0.0,3,
Perl,202107,1.2477777777777779,0.5,0.0,0.6336095444273837,19,0.75
CMake,202304,0.7249999999999999,0.9852941176470589,0.0,0.3060986113514965,12,0.0
Makefile,202303,0.25628507295173963,0.8333333333333334,0.0,0.23388942064615906,23,0.4285714285714286
AngelScript,202412,0.021505376344086023,1.0,,0.0,2,0.0
Smalltalk,202205,,,,,2,
XSLT,202305,0.14285714285714288,0.0,,0.0,9,0.0
HCL,202208,0.1411005680139213,0.9614035087719298,0.058823529411764705,0.3709787583473948,29,0.5294117647058824
CMake,202207,0.5714285714285714,1.0,0.0,0.3333333333333333,9,
Metal,202502,,,,,1,
Haskell,202301,0.28693528693528697,1.0,0.0,0.0,11,0.0
R,201806,0.6801425780632626,0.54,0.0,0.6579685424785644,25,0.8095238095238094
Clojure,202112,2.0,1.0,0.0,1.0,8,1.0
PowerShell,202206,0.0,0.8333333333333334,,,29,0.0
PostScript,202303,,,,,3,
Pascal,202201,0.16666666666666669,,,0.0,9,
AutoHotkey,202309,6.0,,0.0,0.466908472742803,4,0.6
Assembly,202407,0.0,1.0,,,7,
Scala,202306,1.2973363983274468,0.8935897435897435,0.09523809523809523,0.4311466172506347,34,0.5714285714285714
Apex,202005,0.8214285714285714,0.9,0.0,0.4391735523809267,2,0.0
Clojure,202409,0.0,1.0,,,5,
Jinja,202309,0.8745149911816578,0.66,0.0,0.4377484966681092,12,0.6
HCL,202304,0.31787813859339326,0.9063225290116047,0.0,0.5140187147539633,37,0.36363636363636365
Lua,202408,0.6861627971296217,0.8644688644688644,0.10598290598290598,0.580093838584203,85,0.5
Verilog,202209,1.0,,0.0,1.0,8,
OCaml,201903,0.4000000000000001,1.0,0.0,0.8741854163060886,15,0.5
Processing,201810,0.0,,,,2,
Batchfile,202210,0.8669871794871795,0.0,0.0,0.6,9,1.0
SCSS,202108,0.1139393939393939,0.7,0.0,0.28431083376602706,58,0.5
Verilog,202205,0.0,,,,8,
Vim Script,202307,0.5714285714285715,1.0,0.0,0.9591479170272448,11,0.5
Pascal,202003,0.0,,,,8,0.0
Perl,202004,0.35871511713299553,0.5384615384615384,0.0,0.512331829899115,18,0.8571428571428572
Clojure,202312,0.6666666666666666,1.0,0.0,1.0,7,0.5
Objective-C,201804,2.485606060606061,0.875,0.0,0.5377348392734195,31,0.6190476190476193
Makefile,202004,0.5897435897435899,0.3333333333333333,0.0,0.0,18,0.5
XSLT,202501,0.15510204081632656,1.0,0.0,0.0,9,
Elixir,202403,0.390460704607046,0.925,0.1,0.5399667179441482,20,0.33333333333333337
PostScript,202304,,,,,3,
HCL,202202,0.5113529622375266,0.8540229885057471,0.0303030303030303,0.5581837315091337,28,0.7272727272727272
Standard ML,202111,,,,,1,0.0
Emacs Lisp,201905,1.3693181818181819,0.125,0.0,0.45219294190622095,15,0.5555555555555556
GDScript,202012,0.0,1.0,,,3,0.0
POV-Ray SDL,202407,1.0,,0.0,0.0,1,0.0
HCL,202102,0.14351851851851852,0.7458333333333333,0.0,0.9546563941623714,18,0.5384615384615384
Verilog,201909,0.75,,0.0,0.0,5,
EmberScript,202104,7.0,,0.0,0.8322488896002306,1,
Clojure,202010,2.0595238095238093,0.5416666666666667,0.0,0.8690154643220686,10,0.6666666666666666
Emacs Lisp,202209,0.9980392156862744,0.5,0.0,0.6980975542859335,25,0.6363636363636364
Haskell,202112,0.25925925925925924,1.0,0.0,0.0,12,1.0
Bikeshed,202401,3.0,,0.0,0.9182958340544894,2,0.0
Haskell,201911,1.1027027027027028,0.6527777777777778,0.25,0.8652440075060466,16,1.0
CMake,201909,0.0,,,,6,
Objective-C,201809,2.7916666666666656,1.0,0.0,0.6478070068971492,28,0.42105263157894735
CMake,202003,0.0,1.0,,,5,0.0
Logos,202307,0.1111111111111111,,0.0,0.0,6,
Verilog,202501,0.375,1.0,,0.0,9,
TeX,202208,0.016666666666666666,0.6666666666666666,0.0,0.0,16,
TeX,202009,0.19191919191919193,1.0,0.0,0.9591479170272448,19,0.0
Objective-C,201802,1.7847222222222225,0.6666666666666666,0.0,0.5293989368633739,30,0.4090909090909091
PowerShell,201911,1.1481481481481481,0.8,0.0,0.7301549589285762,16,0.375
EJS,202109,0.0,,,,7,
Objective-C,202405,1.7166666666666668,1.0,0.0,0.40093984370492775,11,0.33333333333333337
Verilog,202210,0.0,,,,7,
Dockerfile,201801,1.0729166666666667,0.0,0.0,0.8656343229602059,11,1.0
PostScript,202003,0.6666666666666666,,0.0,1.0,4,1.0
Batchfile,202209,0.8272727272727273,0.0,0.0,0.2969027337701867,6,1.0
ShaderLab,202209,0.4166666666666667,1.0,,0.0,5,
Batchfile,202501,1.75,0.3333333333333333,0.0,0.33333333333333337,6,
Less,201807,3.0,,0.0,0.9999999999999998,1,0.0
Markdown,202007,0.0,,,,1,
EJS,202503,0.014619883040935672,0.5,0.0,0.9709505944546688,10,
YARA,202209,0.0,,,,1,
R,202207,0.6419451252064138,0.625,0.10416666666666666,0.5529054782659607,55,0.7142857142857142
DM,201910,0.0,1.0,,,3,0.0
1C Enterprise,202109,0.0,,,,1,
MDX,202503,0.2265707479782972,0.7676968307984351,0.03571428571428571,0.7457575310940772,19,
TeX,201906,0.09722222222222221,0.5,0.0,0.0,17,1.0
Objective-C,202301,0.49999999999999994,1.0,0.0,0.4591479170272447,18,0.5
Lua,202205,0.40424456816854365,0.8730158730158729,0.1111111111111111,0.5967165636272099,55,0.6428571428571429
HCL,202402,0.13867924836316572,0.8559941520467835,0.047619047619047616,0.22558730532412447,41,0.5
PLpgSQL,202410,0.125,1.0,0.0,0.72483409150576,5,0.0
Jinja,202301,0.10196078431372552,0.6714285714285715,0.0,0.0,11,0.0
GLSL,201911,0.0,,,,2,
Emacs Lisp,202012,0.642619375573921,0.25,0.0,0.7825384910810573,19,0.923076923076923
PowerShell,202210,0.0,1.0,,,21,
TeX,202205,0.01,0.33333333333333337,0.0,0.0,19,0.33333333333333337
Pascal,202410,0.2,1.0,0.0,0.0,9,
Vim Script,201904,1.1717647058823528,0.5,0.0,0.5981875891489769,20,1.0
Pug,202204,0.0,,,,2,
XSLT,202107,1.3107692307692307,0.0,0.25,0.9886085007312413,5,1.0
MATLAB,202203,0.5170227920227919,0.9722222222222222,0.2222222222222222,0.5885707091280326,21,0.0
HCL,201908,0.014492753623188406,0.5,,0.0,8,
CMake,202307,0.02857142857142857,0.9642857142857143,0.0,0.0,7,
Twig,202102,0.0,,,,2,
Scala,202409,1.6414627039627039,0.8846153846153846,0.0,0.5135716500289716,29,0.5
TSQL,202412,0.0,,,,1,
TeX,202004,0.1285714285714286,1.0,0.0,0.5,12,0.0
Stata,201903,0.0,,,,1,
Batchfile,202506,1.0714285714285714,0.33333333333333337,0.0,0.47957395851362233,9,
Fortran,201911,0.234375,0.9166666666666667,0.0,0.7312088026202268,4,0.0
Fortran,201903,0.0,,,,3,
NSIS,201908,0.0,1.0,,,1,
Nix,202209,0.2833333333333333,0.7142857142857143,0.125,0.4132099802496952,8,1.0
Makefile,202406,0.3145927601809955,0.8911111111111112,0.10000000000000002,0.30024141470370747,34,0.2
PowerShell,201804,0.7916666666666669,1.0,0.0,0.4573168388452388,13,0.5
GDScript,202007,0.25,,0.0,0.0,5,
ASL,202106,1.1666666666666667,,0.0,0.4801148589303806,6,1.0
Groovy,202401,0.1875,1.0,0.0,0.9182958340544894,8,1.0
Logos,202306,0.5,,0.0,0.0,4,0.0
Elixir,202506,0.3229166666666667,0.9166666666666666,0.0,0.886121085951407,14,
Astro,201905,2.0404761904761908,0.5,0.13333333333333336,0.30450662648392424,5,1.0
YAML,202405,0.0,,,,2,
Rich Text Format,202308,0.0,,,,1,
Haskell,202005,0.29002976190476193,0.9714285714285714,0.16666666666666666,0.42270067994218735,15,0.6
Svelte,202212,0.60442733789508,0.6413043478260869,0.10884353741496598,0.3783478538235413,20,0.8749999999999999
mdsvex,202306,0.0,,,,1,
Groovy,202012,0.0027100271002710023,1.0,0.0,0.0,9,0.5
Kotlin,201812,0.16115372306529746,0.7777777777777778,0.041666666666666664,0.3171888478966842,25,0.5
OCaml,201808,0.18842490842490844,0.875,0.0,0.9179944983623582,7,0.0
Dockerfile,202010,0.3199770567027204,0.7,0.13333333333333333,0.5811208938230059,33,0.75
SCSS,202205,0.486874508482193,0.8727272727272728,0.0,0.8687056141658932,50,0.6
Erlang,202206,0.0,1.0,,,3,
Processing,202008,1.0,1.0,0.0,0.0,4,1.0
HCL,202301,0.08591191886953849,0.7113034188034187,0.135,0.5123649979684671,48,0.4761904761904762
Kotlin,201805,0.2837301587301587,0.75,0.0,0.9024702998931405,16,0.8333333333333334
Makefile,202112,0.9987244897959183,1.0,0.0,0.27629045441748146,23,0.33333333333333337
Dockerfile,202004,0.1999077311577311,0.6116071428571429,0.0,0.582499343042652,31,0.6666666666666666
Julia,201805,0.11327561327561328,0.41666666666666663,0.0,0.9370927081530442,7,0.0
EJS,202302,0.015873015873015872,1.0,0.0,0.8112781244591328,14,0.0
Kotlin,202003,0.5280628214975249,0.8787309368191721,0.125,0.5640520497230954,38,0.4499999999999999
Groovy,202404,0.0,1.0,,,10,0.0
Nasal,202406,0.0,,,,1,
Svelte,202506,0.36577822762033285,0.8500000000000001,0.16666666666666669,0.6829436043510624,14,
ABAP,202411,0.0,,,,1,
Makefile,202307,0.14293507910529188,0.9166666666666666,0.0,0.2575022952380867,21,0.33333333333333337
Perl,202211,0.3156498673740053,0.8333333333333334,0.0,0.3841239671428609,18,0.2
Perl,202111,0.2266899766899767,0.75,0.0,0.16225562489182657,18,0.6666666666666667
Visual Basic 6.0,202303,0.0,,,,2,
IDL,202406,0.0,1.0,,,1,
Dockerfile,202111,0.42327256077256087,0.7272727272727273,0.1,0.7335936656668477,31,0.5714285714285714
Nim,202202,0.8103535353535354,0.375,0.0,0.7772102658895399,5,0.8571428571428572
Tcl,201911,0.05555555555555555,1.0,,0.0,2,
Fortran,202105,1.7249999999999999,0.6428571428571428,0.26666666666666666,0.32917030900225186,4,
Verilog,202402,0.17083333333333334,1.0,0.0,0.0,11,0.5
Jinja,202204,1.3750000000000002,1.0,0.0,0.6514780009749883,9,0.0
Stylus,202010,0.0,,,,1,
Jinja,201903,0.17820512820512818,0.3333333333333333,0.0,0.9549911735726424,5,0.5
Smarty,202104,0.4166666666666667,,0.0,0.7219280948873623,3,
Smali,202401,1.0,,0.0,0.8112781244591328,1,1.0
Dart,202012,2.0318786335132577,0.7611904761904762,0.08690476190476192,0.655088579750372,41,0.5882352941176471
Emacs Lisp,201909,1.1666666666666667,1.0,0.2,0.6177511996471007,18,0.75
ABAP,202003,0.0,,,,1,
PureBasic,202409,0.4,1.0,,0.0,1,
Rust,201902,0.6674221848089787,0.6768707482993198,0.037037037037037035,0.5214283508864305,46,0.6451612903225807
Groovy,202204,0.005291005291005291,1.0,,0.0,8,0.0
Apex,202409,0.0,,,,1,
AngelScript,202012,0.0,,,,1,
Haskell,201803,0.06535947712418301,0.875,0.0,1.0,12,0.16666666666666669
Handlebars,202201,0.0,1.0,,,4,
GLSL,202007,0.0,1.0,,,3,
Jsonnet,202006,0.0,1.0,,,1,
Nix,202404,0.27613304093567254,0.6666666666666667,0.125,0.5551296431064303,14,1.0
TeX,202302,0.13122958830572096,1.0,0.5,0.32327702315986945,23,1.0
Batchfile,202106,0.5272727272727272,0.0,0.0,0.2704260414863776,7,
SCSS,202503,0.14979056437389773,0.8473389355742297,0.05714285714285714,0.8767916206652121,41,
XSLT,201812,0.5549999999999999,0.375,0.0,0.46874999999999994,6,0.5
TeX,201808,0.14583333333333331,0.6666666666666667,0.0,0.6394319446848298,12,0.625
Zig,202402,1.2,,0.0,0.9182958340544894,3,
R,201802,1.1764196587726,0.2,0.027777777777777776,0.5594512222649558,20,0.894736842105263
Mermaid,202311,0.19047619047619047,1.0,0.0,0.946394630357186,1,0.16666666666666669
R,202002,0.38322705156829096,0.8277777777777778,0.0,0.321273050568946,41,0.9090909090909091
Dockerfile,201808,0.25793650793650796,1.0,0.0,0.3060986113514965,16,0.33333333333333337
Clojure,202210,0.1388888888888889,,0.0,0.7219280948873623,8,
Mustache,202502,0.0,,,,1,
Dart,202302,0.9287866910453012,0.7811405985319029,0.009615384615384616,0.5579091259769307,65,0.6999999999999998
Dockerfile,202405,0.11300563236047104,0.875,0.0,0.47359228157852984,44,0.5
Lua,202503,0.3573094294230681,0.875,0.0,0.35406009700313656,82,
Haskell,202105,0.7929894179894179,0.6666666666666666,0.0,0.4167076516749941,10,0.5
Groovy,201810,0.325,0.3333333333333333,0.0,0.4854752972273344,5,0.5
R,202005,0.9300668478004119,0.7499999999999999,0.06837606837606837,0.660588427590571,39,0.7647058823529411
Clojure,201806,0.25555555555555554,0.6666666666666666,0.0,0.43156028428331555,5,0.33333333333333337
AutoIt,201806,9.142857142857142,1.0,0.0,0.6965386388350109,1,1.0
Fortran,202005,0.25,0.8,0.0,0.0,4,
Bikeshed,201901,0.0,,,,1,
Emacs Lisp,202001,1.6382604323780796,0.2777777777777778,0.0,0.7852533888427307,17,0.5833333333333333
R,202301,0.3738717985984913,0.7521929824561404,0.0,0.5656334616823857,73,0.5
LLVM,202506,0.0,,,,3,
Nim,202201,0.2887254901960784,0.20212765957446807,0.16666666666666666,0.3078634907369586,6,1.0
Rust,202001,0.8853478974741719,0.5319630801687765,0.07294209549848647,0.5496176282186777,61,0.688888888888889
Jinja,202103,0.011764705882352943,0.9444444444444445,0.0,0.8322488896002307,8,0.0
TeX,202303,0.16455561981877773,0.8666666666666667,0.0,0.5883802377818675,22,1.0
TeX,202305,0.09696969696969698,0.0,0.0,0.0,19,
OCaml,202408,0.13981871265616513,0.7,0.0,0.3060986113514965,11,0.33333333333333337
Vim Script,202410,0.0,,,,11,
Sage,202411,0.0,,,,1,
SCSS,201807,0.3703703703703704,0.15384615384615385,0.0,0.5787065408274414,10,1.0
CMake,202106,0.4166666666666667,1.0,0.0,0.5,6,
Dockerfile,202505,0.04477690288713911,0.8703703703703703,0.0,0.5459147917027244,47,
Logos,202006,0.21428571428571427,,0.0,0.0,1,1.0
EJS,202308,0.0,1.0,,,7,0.0
SCSS,202001,0.4324586977648202,0.8571428571428572,0.0,0.8086088903326292,31,0.6
Mustache,202203,0.1111111111111111,1.0,,0.0,2,
PLSQL,202202,0.0,,,,1,
Groovy,202402,0.2142857142857143,1.0,0.0,0.0,8,0.0
Haskell,202308,0.042838018741633205,0.775,1.0,0.9971803988942641,14,0.25
Assembly,202406,0.0,,,,6,
Dockerfile,201904,0.006172839506172839,1.0,0.0,0.0,21,0.0
Emacs Lisp,202406,1.989922480620155,0.375,0.0,0.7408916351970258,21,0.8888888888888888
PowerShell,202407,0.13668666524607562,0.7391304347826086,0.0,0.3732387678431983,37,0.3571428571428571
SCSS,201802,0.6018518518518519,0.5666666666666667,0.0,0.5570762406209819,9,0.75
Visual Basic,201802,0.0,1.0,,,1,0.0
YAML,202501,0.0,,,,3,
Modelica,201904,1.0,1.0,0.0,0.8605934330165173,1,
ReScript,202306,0.0,,,,1,
Julia,201810,2.305103573687539,0.2222222222222222,0.2698412698412698,0.8602441558599297,12,1.0
LLVM,202307,0.4,0.3333333333333333,0.0,0.9591479170272448,3,1.0
AngelScript,202108,0.0,,,,3,
Go Template,202406,0.326530612244898,0.9166666666666667,0.0,0.4056390622295664,7,1.0
Makefile,202505,0.3147058823529412,0.8333333333333334,0.0,0.7158643681200106,23,
Julia,202402,0.5058160927867558,0.6326821326821326,0.07777777777777778,0.650071738349029,28,0.7142857142857143
Haskell,202412,0.7088235294117647,0.5,0.0,0.6297488095030528,10,1.0
AGS Script,202105,0.5365853658536586,0.0,0.0,0.8072587741655224,1,
Solidity,202208,0.03719951923076923,0.8809523809523809,0.0,0.3671468867730501,14,0.5882352941176471
Solidity,201803,0.30158730158730157,0.6428571428571428,0.15384615384615385,0.8228818610091151,3,0.6666666666666666
Astro,202202,0.2727272727272727,0.5,0.5,0.965633607142825,11,
SQLPL,201801,0.0,1.0,,,1,0.0
HCL,202410,0.09226484728117593,0.9580176767676768,0.0,0.3833775253503386,49,0.2727272727272727
Julia,202204,0.3394736842105263,0.72,0.0,0.25899384169962764,20,0.3333333333333333
Kotlin,202008,0.6125969976954736,0.8444444444444444,0.0,0.41647368886871095,57,0.2727272727272727
Nix,202403,1.2883597883597884,1.0,0.2,0.588452746837316,18,0.5
TeX,202107,0.013278855975485188,0.5,0.0,0.8904916402194913,17,0.0
Kotlin,201803,0.02931116313915338,0.9,0.16666666666666669,0.1545823645125307,20,0.2857142857142857
Groovy,202009,0.0,1.0,,,7,
Nextflow,202402,0.3042328042328042,0.5,0.0,0.40972418593640175,3,
DM,202205,0.00273224043715847,1.0,,1.0,4,
LookML,201905,0.0,1.0,,,1,
Haskell,201903,0.37423687423687424,0.5,0.0,0.8891474204274623,13,1.0
Scala,202111,0.748606446022901,0.8174185463659148,0.0,0.4373998858885003,47,0.6
AGS Script,202009,2.727272727272727,0.0,0.5,0.9798687566511527,2,1.0
Scala,201807,1.5326501623376623,0.8452380952380952,0.0,0.5731248530097289,19,0.4
Assembly,202307,0.0005361930294906167,1.0,0.0,0.0,9,0.0
Just,202012,0.0,,,,1,
Jinja,202105,0.016810344827586202,0.9166666666666666,0.0,0.0,9,0.5
Raku,201903,0.0,,,,1,
Kotlin,201808,0.09919710626665536,0.7989583333333333,0.18333333333333335,0.7159449465544956,24,0.75
ShaderLab,202208,0.1111111111111111,1.0,0.0,0.0,3,0.0
ABAP,202102,0.06060606060606061,1.0,,0.0,2,0.0
Luau,202405,0.0,1.0,,,1,
Blade,201804,0.0,,,,2,
Solidity,202504,0.5,1.0,0.0,0.9182958340544894,9,
Nextflow,201802,0.0,,,,1,
DM,202503,0.0,1.0,,,9,
Typst,202306,0.06451612903225806,0.0,0.0,0.8112781244591328,2,1.0
Crystal,202404,0.0,1.0,,,3,
Fortran,202303,1.7299315068493153,0.6444444444444445,0.05263157894736842,0.5396337829075621,6,0.0
Groovy,202007,0.84375,1.0,0.0,0.36096404744368116,7,
DM,202506,0.0,,,,7,
XSLT,201909,0.26669758812615957,0.8333333333333334,0.2222222222222222,0.607067315197131,9,0.5
XSLT,202204,0.1299724517906336,0.5,0.0,0.6666666666666666,6,
Clojure,202103,0.8148148148148149,0.3,0.0,0.9394597956931463,7,
Fortran,202301,5.725155938123753,0.5457516339869282,0.26666666666666666,0.4217624098827041,5,0.5
EJS,202210,0.002325581395348837,1.0,,0.0,13,0.0
MDX,202011,1.973626616557975,0.5392156862745098,0.019801980198019802,0.9164211910784372,6,0.7
Julia,201809,0.8102893845285151,0.45000000000000007,0.2222222222222222,0.7582381921299984,11,0.25
TeX,202405,0.0650887573964497,0.8,0.0,0.6840384356390417,21,1.0
R,202006,0.24136367301150166,0.7708333333333334,0.0,0.601200181078465,56,0.6875000000000001
Kotlin,201910,0.9273511854927534,0.8636363636363636,0.0,0.4015301952820953,34,0.75
SCSS,202012,0.1768774703557313,0.7666666666666667,0.0,0.3066616471369785,47,0.7857142857142858
Inform 7,202308,0.0,,,,1,
Markdown,202403,0.010532054754790908,,,0.0,10,
Dart,202301,0.4247212138547432,0.8409090909090907,0.07905138339920949,0.7457605808159147,68,0.7659574468085105
MDX,202403,0.9537816597544672,0.6665847090504624,0.07362637362637363,0.4367815575004859,15,0.4
WebAssembly,201810,0.0,,,,1,
MDX,202009,0.8093525179856115,0.4096045197740113,0.040983606557377046,0.8352179779003788,4,0.7999999999999999
Markdown,202505,0.022702698584159065,,,0.0,16,
JSON,202206,0.06766880223079261,0.6521739130434783,0.0,0.12374410888029189,4,0.0
MDX,201802,1.9195804195804196,0.7049180327868853,0.011764705882352941,0.8639897640993174,1,0.7966101694915256
JSON,202208,0.018923101121185032,0.9470899470899471,0.0,0.0,4,
Pug,202104,0.0,,,,2,
CoffeeScript,201810,0.7414215686274509,0.775,0.0,0.5437996211975796,8,
SCSS,201911,0.3548809523809524,0.8148148148148148,0.0,0.3054824379333318,24,0.5
Markdown,202410,0.007160644497837375,,,0.0,15,0.0
SCSS,202005,0.5408009635651913,0.7619047619047619,0.0,0.4972449291898762,38,0.5
SCSS,202203,0.15429899890823068,0.5520833333333333,0.05714285714285714,0.21598952329661425,57,0.23076923076923078
TSQL,202301,0.004901960784313725,1.0,0.0,0.0,12,
EJS,202201,0.0,1.0,,,11,
Visual Basic .NET,202206,0.0,,,,2,
Gherkin,202209,0.10738255033557045,0.0,0.0,0.6118297655531735,3,
Dockerfile,202212,0.10694444444444445,0.6041666666666666,0.0,0.8199224149231426,47,0.6666666666666667
TSQL,202204,0.0,,,,10,
Vim Script,202207,1.541666666666667,0.0,0.0,0.9476413463346237,20,1.0
Common Lisp,202405,0.05701754385964912,,0.0,0.0,5,1.0
mcfunction,202506,0.5,,0.0,0.7896900821428474,2,
KiCad Layout,202409,,,,,1,
Pascal,202302,0.9464285714285714,0.5,0.0,0.4349577648868129,8,0.3333333333333333
Assembly,202007,0.0034965034965034965,,0.0,0.0,4,0.5
MATLAB,202208,0.06336238198983297,0.9333333333333333,0.0,0.4801148589303806,20,0.5
Batchfile,202305,0.3076923076923077,1.0,0.25,0.8317174644578654,4,1.0
ASL,202302,,,,,2,
Kotlin,201904,0.27506493506493507,0.7222222222222222,0.0,0.4361062503173239,28,0.5714285714285714
Modula-2,202104,,,,,1,
AutoHotkey,202301,0.5,,0.0,0.0,5,
Dart,201912,1.7763458763458764,0.6666666666666666,0.0,0.6056223616159138,27,0.8749999999999998
VHDL,202305,,,,,4,
Julia,202012,0.6494338351618739,0.595855614973262,0.2625,0.6349923131784724,19,0.25
Jinja,202112,0.375,0.8,0.0,0.4591479170272447,9,0.5
GDScript,202205,0.0,,,,3,
Pawn,202302,1.5,,0.0,0.9182958340544894,3,
Pascal,202404,0.0,,,,6,
PureScript,202111,0.0,1.0,,,3,
Pascal,201907,0.6,1.0,0.0,0.5,11,
Julia,202405,0.33379586045883153,0.5875939849624059,0.16666666666666666,0.7757688253324533,25,0.5
Bicep,202506,0.08333333333333333,1.0,0.0,0.0,3,
Scala,202407,0.5272199722448996,0.7687500000000002,0.0,0.21842164081869567,33,0.4
PowerShell,202211,0.15384615384615385,,,0.0,24,
Nasal,202309,,,,,1,
AutoHotkey,202401,1.0,,0.0,0.0,4,0.0
ASP,202006,,,,,1,
OCaml,201812,0.4,1.0,0.0,1.0,6,0.5
Vim Script,202112,1.0096153846153846,0.4444444444444444,0.0,0.8012108388632242,19,0.6153846153846153
Scala,202404,0.2200474075474076,0.8055555555555555,0.0,0.3148744047515264,29,0.33333333333333337
VHDL,202203,0.4,1.0,0.0,0.5,4,
Batchfile,202108,0.40398550724637683,0.2666666666666667,0.0,0.23820488277869578,8,0.0
Crystal,202101,0.0,,,,3,
Assembly,202401,1.0,0.5,0.0,0.6565746332894158,10,1.0
Crystal,202309,,,,,1,
Racket,202208,,,,,1,
Gnuplot,202010,2.0,,0.0,0.0,1,
Makefile,202104,1.9863636363636359,0.9166666666666666,0.0,0.43120852287643996,19,0.0
PowerShell,202311,0.23907257934270496,0.748447204968944,0.0,0.3192303372717064,29,0.39215686274509787
Batchfile,202105,0.4666666666666667,0.0,0.0,0.0,5,
Reason,202203,0.33333333333333337,,0.0,0.0,3,
OCaml,202210,1.037037037037037,0.96,0.0,0.7791738522786017,13,0.0
Julia,202307,0.19975887262185837,0.5433712121212121,0.16666666666666669,0.8859586602578755,24,0.5
Dart,202006,0.9555147294846487,0.7054398148148148,0.12962962962962962,0.5162967447530599,36,0.45454545454545453
HCL,202008,0.3207142857142857,0.9574468085106383,0.058823529411764705,0.9127342452543271,14,0.5
TeX,202005,0.10000000000000002,,0.0,0.0,16,1.0
Pascal,202109,0.8,1.0,0.0,0.0,10,
Assembly,202411,0.11764705882352941,,0.0,0.946394630357186,4,1.0
Crystal,202003,0.0,,,,3,0.0
Smalltalk,202204,0.0,,,,2,
Bikeshed,202311,1.0,,0.0,0.0,2,
TeX,202505,0.0,,,,16,
Assembly,202011,0.0,,,,7,
Cuda,202505,2.0,,0.0,1.0,3,
Clojure,201907,0.21568627450980393,0.2857142857142857,0.4,0.9195171617789997,7,
Verilog,202406,0.8,0.75,0.0,0.0,9,1.0
OCaml,201801,0.29069767441860467,0.5777777777777777,0.0,0.5851078964285574,9,0.8
Crystal,202201,0.75,0.0,0.0,0.9182958340544894,2,1.0
VHDL,201803,,,,,1,
Assembly,202112,0.012605042016806723,1.0,0.0,0.9182958340544894,7,1.0
Scheme,202410,0.0,,,,3,
VBScript,202208,0.5,1.0,0.0,1.0,2,
OpenSCAD,201907,0.0,,,,3,
TeX,201802,0.012500000000000002,1.0,0.0,0.6500224216483541,9,0.0
Smalltalk,202304,0.0,1.0,,,2,0.0
Erlang,201906,0.030000000000000006,0.5,0.0,0.0,5,1.0
Roff,202202,0.25,1.0,,0.0,5,
Processing,202112,0.16666666666666666,,0.0,0.0,2,1.0
HCL,202009,0.1765437788018433,0.976190476190476,0.10256410256410256,0.25130737185219776,16,0.25
PureScript,202105,0.0,,,,2,
Nextflow,202505,0.7464912280701754,0.7142857142857143,0.0,0.44051118309577086,8,
Makefile,201803,0.22685990338164252,0.33333333333333337,0.0,0.33333333333333337,15,0.07692307692307691
Scheme,202111,0.0,,,,3,
Perl,202112,0.09261031366294524,0.8,0.0,0.2427376486136672,19,0.2
HCL,202205,0.20344896331738438,0.9494949494949494,0.03225806451612903,0.5690921616835055,31,0.5
Objective-C,202002,0.7,0.5,0.0,0.4285714285714286,28,0.4
Nim,202206,1.2116666666666667,0.7321428571428572,0.23076923076923078,0.786995915850973,6,1.0
Perl,202307,0.2115151515151515,0.8125,0.13333333333333333,0.6143021471954202,22,0.0
Swift,202505,0.2806420431420431,0.9555555555555554,0.0,0.33166766422786165,60,
Scheme,201903,,,,,2,
Groovy,202502,0.5,1.0,0.0,0.8112781244591328,5,
GDScript,202307,0.0,1.0,,,9,0.0
Processing,202211,,,,,3,
PostScript,202106,1.0,,0.0,1.0,4,
Haskell,202111,0.8333333333333333,0.5,0.0,0.5,14,1.0
Swift,201807,0.8751391864599412,0.7017543859649122,0.08333333333333333,0.8950643815594367,44,0.3846153846153846
Dart,202308,1.058234042454129,0.6772042285200179,0.12402646548988012,0.644158044675056,63,0.7605633802816905
VHDL,202505,,,,,2,
Perl,202204,0.2757936507936507,1.0,0.0,0.25,15,0.0
YARA,202309,,,,,1,
Assembly,202207,0.0,1.0,,0.0,6,
Gnuplot,201906,,,,,1,
HCL,201901,0.3333333333333333,0.75,0.0,0.4056390622295664,8,0.75
XSLT,202408,0.6666666666666666,0.75,0.0,0.6391150749372849,8,0.6666666666666667
GLSL,202111,7.0,,0.0,0.8631205685666311,2,
Batchfile,202403,0.9523809523809523,1.0,0.0,0.44812031259014445,8,0.6666666666666667
Perl,202206,0.5416437728937729,0.9166666666666666,0.0,0.33333333333333337,19,0.0
Svelte,202306,0.4401935171746493,0.8482328482328482,0.21428571428571427,0.42708663128942426,18,0.3333333333333333
TeX,202310,0.10555555555555557,0.9090909090909091,0.0,0.0,15,0.0
Julia,202207,0.35609548167092925,0.8758169934640523,0.1,0.6039791017899713,23,0.5
Solidity,202206,0.04728835978835979,1.0,0.0,0.5,12,0.14285714285714288
PowerShell,202111,0.14285714285714288,1.0,0.0,0.0,26,0.33333333333333337
Assembly,202009,0.0,1.0,,0.0,4,0.0
PureScript,201908,0.8333333333333333,0.5,0.0,0.5,3,1.0
Vim Script,202208,1.0500000000000003,1.0,0.0,0.5522481588346076,12,0.6666666666666666
Svelte,202412,0.4245269900442315,0.9838709677419355,0.2222222222222222,0.37098759370157947,20,0.0
Elixir,202010,0.5314285714285715,0.4722222222222222,0.5,0.5956086031707859,23,0.6666666666666666
SystemVerilog,202003,,,,,1,
Julia,202011,0.4916696503162668,0.656422569027611,0.06666666666666667,0.8675459988846963,18,0.5555555555555556
Modula-2,202402,,,,,1,
Nim,202407,2.5217391304347827,0.17647058823529413,0.2,0.7394230369367238,3,1.0
TeX,202304,0.0,1.0,,,15,
Emacs Lisp,202008,1.4405594405594404,0.6666666666666667,0.019047619047619046,0.5818746811870331,14,0.9166666666666666
Solidity,202005,1.25,0.8,0.0,0.9259895178272454,4,0.0
Logos,202311,1.5,,0.0,0.5,4,0.3333333333333333
Perl,202308,0.3712121212121212,0.9444444444444444,0.0,0.6760172819305593,14,0.0
CoffeeScript,202310,0.0,1.0,,,3,
Scheme,202001,0.01111111111111111,0.5,0.0,0.0,3,0.5
Logos,202305,0.3333333333333333,1.0,,0.0,3,0.0
Astro,202305,0.09125,0.8055555555555556,0.0,0.653409905953587,11,0.4
Swift,201809,1.139491223062652,0.7871148459383753,0.02857142857142857,0.5349318396385631,43,0.4878048780487805
Verilog,202502,0.0,1.0,,,7,
PostScript,202208,8.190476190476192,0.0,0.0,0.9934043214067405,5,0.5
GLSL,201805,0.0,,,,2,
Solidity,202309,0.05271883289124669,0.8611111111111112,0.0,0.9179875040432526,13,0.4
Stylus,202210,0.33333333333333337,,0.0,1.0,6,
Edge,202305,,,,,1,0.0
Makefile,202310,0.3621651785714285,0.7833333333333333,0.0,0.5146526021874679,23,0.45454545454545453
Bikeshed,202407,2.5,1.0,0.0,1.0000000000000002,2,
Twig,202003,10.0,0.0,0.0,0.9138646883853215,1,1.0
Verilog,202001,0.0,1.0,,,8,
Logos,202410,4.0,,0.0,1.0,2,0.5
Haskell,202109,0.11145653234029351,0.5333333333333333,0.0,0.5163173410413906,12,
XSLT,202001,0.12152133580705007,0.8333333333333333,0.0,0.4056390622295664,8,0.5
Perl,201805,0.31095679012345684,0.21666666666666665,0.0,0.7295739585136223,20,0.33333333333333337
Verilog,202003,0.0,,,,8,
Verilog,202006,0.19047619047619047,,0.0,1.0,8,1.0
CoffeeScript,201802,2.9280068728522335,0.375,0.0,0.5146427755964266,6,0.5
Rust,201804,1.7161742424242423,0.4,0.07142857142857142,0.23979245021226192,16,0.9166666666666666
MDX,202212,0.7451003086419753,0.5369047619047619,0.041666666666666664,0.6312268740607307,13,0.4285714285714286
OCaml,202209,0.2,1.0,0.0,0.9182958340544894,9,0.0
GLSL,201807,0.0,1.0,,,2,
Haxe,202401,0.0,,,,4,
Haskell,201901,1.1428571428571428,0.5,0.0,0.9196632101556746,10,1.0
Elixir,202009,0.34803921568627455,0.6666666666666666,0.0,0.38221405760845956,25,0.7142857142857143
DM,202207,0.0,1.0,,,6,
OCaml,202212,0.9120370370370369,0.75,0.0,0.7210331280537905,11,0.6666666666666667
UnrealScript,202312,0.0,1.0,,,2,
PowerShell,201810,1.6111111111111112,0.75,0.0,0.6427944039231954,12,0.0
Nextflow,202306,0.0,,,,2,
Dockerfile,201911,0.29754689754689756,0.625,0.0,0.384123967142861,20,0.5714285714285714
GDScript,202412,0.65625,,0.0,0.4801148589303806,8,1.0
Julia,202408,0.3277087025168868,0.8538461538461538,0.047619047619047616,0.7151339738692508,28,1.0
Verilog,201903,0.0,,,,6,1.0
Dart,202209,1.011186541903379,0.6656565656565656,0.005714285714285714,0.5053839801091194,60,0.5272727272727272
MDX,201910,2.1360700322964474,0.5789473684210527,0.2,0.7840367754386028,3,0.6842105263157893
ASP.NET,202506,0.0,1.0,,,3,
EJS,202101,0.14285714285714288,,0.0,0.0,7,
Scala,201901,0.4540760864375348,0.55,0.047619047619047616,0.4898915515391313,23,0.3333333333333333
Verilog,202412,0.005291005291005291,1.0,,0.0,8,
CMake,202302,0.05555555555555555,0.9607843137254902,,0.0,9,0.0
SCSS,201907,0.5494505494505494,0.7681159420289855,0.6818181818181819,0.5479719349853536,24,0.5714285714285714
Vim Script,201812,1.225,1.0,0.0,0.9526094405790078,15,0.6666666666666667
PowerShell,202204,0.20769230769230768,0.6666666666666667,0.0,0.0,20,0.6666666666666667
Fortran,202107,12.760204081632654,0.4444444444444444,0.0,0.5492725490439256,6,1.0
Nix,202311,0.3570564028080368,0.6375000000000001,0.2222222222222222,0.7084585855155014,10,0.3333333333333333
Elixir,201808,0.4001161440185831,0.08333333333333333,0.0,0.6026118953440456,11,0.6666666666666667
Gherkin,202210,0.3,0.5263157894736842,0.0,0.5806346993916507,3,0.0
MATLAB,202004,0.1519607843137255,,0.0,0.5765246528378741,26,1.0
Common Lisp,202108,0.6666666666666666,0.0,0.0,1.0,3,0.0
Nim,202411,1.75,0.5,0.3333333333333333,0.8762490613492954,3,1.0
PowerShell,201807,1.6899999999999997,0.625,0.0,0.5688116443872039,13,0.7142857142857143
Typst,201908,0.0,1.0,,,1,0.0
GAP,202109,0.0,,,,1,
Kotlin,201912,1.2389974860579553,0.7765151515151515,0.049999999999999996,0.5435170094579602,41,0.5
OCaml,202401,0.17597087378640774,0.8709677419354839,0.0,0.4189402999270161,7,0.0
Less,202003,0.5416666666666666,1.0,0.0,0.3912435636292556,4,0.75
Game Maker Language,202504,0.0,,,,2,
GLSL,202310,0.0,1.0,,,5,
Vue,202002,0.7139917695473256,0.875,0.0,0.41316474783468354,107,0.5714285714285714
Jinja,201810,0.0544011544011544,1.0,0.0,0.6394319446848298,8,0.0
R,201906,0.9984334081556306,0.45999999999999996,0.125,0.6437579559592561,36,0.8124999999999999
Batchfile,201903,0.0,,,,1,
Nim,202408,2.357142857142857,0.5434782608695652,0.2857142857142857,0.6263801032729975,5,
PowerShell,202012,0.037037037037037035,1.0,0.0,0.0,17,1.0
RAML,202102,0.0,,,,1,
SCSS,201905,0.16363636363636366,0.75,0.0,0.37398310595472517,26,0.0
Common Lisp,202003,0.8888888888888888,1.0,0.0,0.9850568223215077,7,0.5
LLVM,201910,0.0,,,,1,
Dockerfile,202104,0.42448165869218496,0.8877551020408163,0.0,0.6655306829402035,44,0.6363636363636364
Julia,202308,0.819564702715173,0.7055555555555555,0.037037037037037035,0.7904514338627706,22,0.6666666666666666
Haxe,201802,0.1,0.5,0.0,0.0,2,0.5
Emacs Lisp,202305,1.298888888888889,0.4,0.0,0.24012931597211823,19,0.8333333333333334
Bikeshed,202304,6.0,0.0,0.0,0.8896129632834767,1,
HCL,202108,0.16093205574912892,0.8015873015873015,0.2603174603174603,0.50103317514881,22,0.5833333333333333
Less,202410,0.0,,,,2,
Dockerfile,202302,0.2158796171189072,0.8423202614379084,0.0,0.8029282034554639,52,0.45454545454545453
Stylus,202003,0.06,,0.0,0.9182958340544894,5,0.5
Elixir,201809,0.37217348927875243,0.3125,0.0,0.3502800593976726,10,0.5
Nix,202211,0.3352380952380952,0.875,0.1111111111111111,0.30692740705386723,6,1.0
TeX,201902,0.12500000000000003,,,0.0,12,0.0
Vim Script,202502,0.576923076923077,1.0,0.0,0.4978637260424628,16,
Mustache,202202,0.0,1.0,,,2,
Perl,202409,0.25774542739828304,0.8285714285714286,0.0,0.6215634881372252,25,0.6
Zig,202210,0.0,,,,4,
Elixir,201802,0.21927655677655677,0.8363636363636363,0.3333333333333333,0.522402017907536,11,0.3333333333333333
Objective-C,201803,2.7699253034547153,0.675,0.0,0.5040172781963311,31,0.5
Groovy,202306,0.33088235294117646,1.0,0.0,0.2927823682539511,13,0.5
Elm,202008,0.0,,,,3,
Markdown,202108,0.005208333333333333,,,0.0,3,
EJS,202412,0.0,1.0,,,10,0.0
Assembly,202308,0.0,1.0,,,10,
Markdown,202206,0.025380484303545024,,,0.0,8,
Julia,202303,0.37811988931245777,0.5606060606060607,0.05000000000000001,0.6716802413118265,25,0.5714285714285714
GLSL,202311,1.6666666666666665,,0.0,0.6487982101190619,7,1.0
Apex,202202,0.0,,,,1,
F#,202403,0.05978112175102599,0.0,0.5,0.2958363892911637,7,1.0
Common Lisp,202307,0.2222222222222222,0.0,0.0,1.0,5,1.0
CMake,202202,0.33333333333333337,0.0,0.0,0.5,9,
F#,201810,0.0,1.0,,,3,
MDX,202408,0.9352074966532798,0.7938997821350762,0.05,0.6872345724135682,19,0.5000000000000001
Jinja,202101,0.303921568627451,0.8,0.0,0.9335736858663825,10,0.33333333333333337
Go Template,202409,0.043281653746770024,0.9791666666666666,0.0,0.5,7,0.0
Typst,201910,0.08333333333333333,0.5,0.0,0.0,1,0.0
Erlang,202207,0.2,0.8571428571428571,0.0,0.0,3,1.0
Makefile,202012,0.6583333333333333,0.8666666666666667,0.0,0.3333333333333333,20,0.3333333333333333
F#,201809,0.0,1.0,,,3,
ASL,202002,0.0,,,,1,
Rust,201808,2.888946823580691,0.5575396825396826,0.027777777777777783,0.5934616003731282,28,0.5600000000000002
Batchfile,202005,0.0,1.0,,,7,0.5
TSQL,201811,0.0,1.0,,,4,
Lua,202301,0.43772150880062544,0.8181818181818181,0.0,0.5482015082144015,71,0.7187499999999999
Nix,202204,0.3076923076923077,1.0,0.0,0.946394630357186,5,
Scala,202202,0.6770276555723473,0.6907407407407408,0.049999999999999996,0.468073480686633,44,0.5
MDX,201810,1.853125,0.6363636363636364,0.024539877300613498,0.8700334345504468,2,0.48387096774193555
Haskell,202312,0.25252525252525254,0.6666666666666667,0.0,0.24630703400856288,15,0.0
Mermaid,202310,0.13636363636363635,1.0,0.0,0.9182958340544894,1,0.125
Astro,202205,0.0,1.0,,,6,
Nushell,202401,0.0,1.0,,,1,
MATLAB,202204,1.1559803921568628,1.0,0.0,0.6058417873481112,26,1.0
Nix,202305,1.0750000000000002,0.7,0.09090909090909091,0.585738187036134,10,0.6666666666666666
AL,202112,0.0,1.0,,,1,
SystemVerilog,202201,0.0,,,,2,
AL,202212,1.0,1.0,0.0,0.7567751872715525,2,0.0
ReScript,202310,0.0,,,,2,
Makefile,201804,0.3,0.0,0.0,0.0,15,1.0
Perl,202312,0.09422642574816488,0.8666666666666667,0.0,0.25,20,0.0
Pug,202210,0.0,1.0,,0.0,3,0.0
Kotlin,201802,0.04915341339391972,0.8928571428571429,0.2857142857142857,0.17106275926720554,17,0.125
ABAP,202310,0.1111111111111111,0.5,0.0,0.0,1,
Scala,201808,0.6194638694638694,0.4861111111111111,0.0,0.9111216400868454,16,0.8
D,202301,0.7777777777777779,0.625,0.0,0.7836484476654801,4,1.0
Lua,202004,3.326923076923077,0.6666666666666666,0.0,0.9214963894945251,40,0.33333333333333337
Groovy,201901,0.125,1.0,0.0,0.0,8,0.0
Fennel,202502,0.2222222222222222,,0.0,0.946394630357186,2,
Visual Basic .NET,201910,0.03205128205128205,,,0.0,3,0.0
Svelte,202311,0.20661524076671345,0.85,0.0,0.35224226488534977,22,0.3333333333333333
Zig,202202,0.08333333333333334,0.0,0.0,0.0,3,1.0
Tree-sitter Query,202011,1.7058823529411764,0.16666666666666666,0.5,0.6960928641116659,1,1.0
Inform 7,202402,0.0,,,,1,
Perl,202407,0.02040816326530612,0.8333333333333334,0.0,0.5,12,0.25
Makefile,201902,0.07689136260564833,0.75,0.0,0.45285629900691854,16,0.2
Scala,201801,0.5991649257953606,0.4406850459482038,0.03333333333333333,0.5479328901069449,17,0.5714285714285715
SystemVerilog,202402,0.0,,,,3,
Bicep,202505,0.0,0.5,,,2,
ActionScript,201902,0.3076923076923077,,0.0,0.5435644431995964,3,1.0
Less,202212,0.32941176470588235,0.3333333333333333,0.0,0.32501121082417705,4,0.4
DM,202309,0.0,1.0,,,6,
TSQL,201802,0.0,1.0,,,2,0.0
LookML,202002,0.0,,,,1,
Luau,202404,0.0,1.0,,,1,
POV-Ray SDL,202203,1.7,,0.0,0.7700614298165674,1,0.0
Mermaid,202312,0.03669724770642202,0.8,0.0,0.946394630357186,1,0.16666666666666669
MDX,202401,0.3991389439295963,0.6495220474868948,0.16153846153846155,0.8383411661397865,15,0.4615384615384615
Groovy,201902,0.2222222222222222,1.0,0.0,0.0,7,0.0
Tree-sitter Query,202402,4.461538461538462,0.5,0.0,0.7927166386722688,1,0.5714285714285714
Haskell,202305,0.16333333333333333,0.3333333333333333,0.0,0.2166741405494514,13,0.25
Haskell,202202,1.5065410779696495,0.2222222222222222,0.0,0.7970840752172951,9,1.0
Emacs Lisp,202404,1.7351190476190474,0.75,0.0,0.6623240873144928,18,0.6666666666666666
DM,202007,0.002976190476190476,0.9770114942528735,0.0,1.0,7,0.0
Svelte,202308,0.22182088744588743,0.8,0.125,0.715813340352509,23,0.30000000000000004
Elixir,201908,0.29504290064273286,0.30434782608695654,0.16666666666666669,0.632495863804609,18,0.875
OCaml,201806,0.05654761904761905,0.6666666666666666,0.0,0.5,11,0.0
Julia,202311,0.33269140472153386,0.7333333333333333,0.12500000000000003,0.7069216565651352,25,0.0
Rich Text Format,202005,0.0,1.0,,0.0,3,
Astro,202004,0.15,0.7,0.0,0.7977309221191609,5,0.0
F#,201908,0.0,,,,4,
DM,201909,0.0,,,,3,
Inform 7,202207,0.0,,,,1,
HCL,202112,0.08598434610427212,0.721938775510204,0.024691358024691357,0.5749732274507708,28,0.75
Ballerina,202006,0.0,1.0,,,1,0.0
ASP.NET,202503,0.0,1.0,,,2,
Kotlin,201901,0.11556210112911144,0.987012987012987,0.2222222222222222,0.3903270267336269,23,0.8333333333333334
MDX,202505,0.5585754420931495,0.8425925925925926,0.13988095238095236,0.5152181802256734,23,
Dart,201804,0.4871794871794872,0.8181818181818182,0.0,0.40304930567574826,3,0.0
OCaml,202503,0.15,0.6666666666666666,0.0,0.6913820814873842,8,
SQF,202002,0.4,0.6923076923076923,1.0,0.9059282160429994,1,
Smarty,202405,0.0,1.0,,,5,0.0
EJS,202105,0.0,1.0,,,9,0.0
TeX,202003,0.14285714285714288,,0.0,1.0,13,
SWIG,201912,0.0,,,,1,
JSON,202301,0.011335105597400679,0.8125,0.0,0.5,4,
Gherkin,202503,0.9117647058823529,0.0,0.15384615384615385,0.7330433432522083,1,
Markdown,202312,0.01818853006925572,,,0.0,8,
Markdown,202304,0.004313627979506922,,,0.0,9,
Groovy,202004,0.25,1.0,,0.0,10,0.0
PowerShell,202406,0.06877821821462124,0.6040100250626567,0.0,0.6583847454544235,33,0.28571428571428575
WebAssembly,201807,0.0,,,,1,
Assembly,202310,0.0,1.0,,0.0,6,0.0
TSQL,202212,0.007130124777183601,0.0,0.0,0.8112781244591328,17,1.0
Nunjucks,202111,0.0,1.0,,,6,
SCSS,202411,0.3637145483193278,0.984375,0.0,0.4585956657159475,39,0.0
PureScript,202106,0.5,,0.0,1.0,3,
Makefile,202105,2.71025641025641,0.9333333333333333,0.2222222222222222,0.3579380164285694,23,0.5
HCL,202204,0.13320283293105556,0.7328947368421053,0.0,0.4242795057122792,32,0.6666666666666666
TSQL,202008,0.45454545454545453,,0.0,0.9709505944546688,11,1.0
Nunjucks,202205,0.007812500000000002,1.0,,0.0,8,
TSQL,202006,0.0,,,,13,
Elm,202004,0.125,1.0,0.0,0.9182958340544894,2,1.0
Mustache,202406,0.2222222222222222,,0.0,0.0,2,
Jinja,202206,0.016666666666666666,1.0,0.0,0.0,13,0.5
Visual Basic,202301,0.0,,,,3,
Jinja,202302,0.1561771561771562,0.7777777777777778,0.0,0.33333333333333326,18,0.0
Hack,202303,0.0,,,,1,
Nix,202210,0.4444444444444445,0.16666666666666666,0.16666666666666666,0.8571522427922804,9,1.0
Haml,202208,0.0,,,,1,
Groovy,201808,0.0,1.0,,,6,0.0
Swift,202005,0.8566912972085385,0.8294117647058823,0.0,0.5925228263033278,53,0.25
AngelScript,202209,,,,,2,
EJS,202409,0.0,1.0,,,7,0.0
Vim Script,202209,0.02272727272727273,1.0,0.0,0.0,17,0.0
XSLT,202411,0.1,0.9,,0.0,8,
Pascal,201904,0.0,1.0,,,9,0.0
Scala,202007,0.34018416919905436,0.7235887096774194,0.03571428571428571,0.5041524299853858,36,0.4444444444444444
Verilog,202312,0.0,1.0,,,10,0.0
Go Template,202303,0.0,1.0,,,4,0.0
F#,202411,0.2965116279069767,0.75,0.0,0.3697179922300712,5,0.0
Cypher,202406,,,,,1,
MATLAB,201911,0.2142857142857143,,0.0,0.9591479170272446,24,1.0
OCaml,202407,0.05622038730762932,0.9047619047619048,0.0,0.6739461714901072,10,0.5
Swift,201904,0.8512590017607151,0.812145262145262,0.08666666666666666,0.71819573409939,52,0.52
F#,202212,0.0,,,,8,
Starlark,202212,,,,,1,
Haskell,202104,0.264748201438849,0.7647058823529411,0.47619047619047616,0.5120968546989365,11,0.0
Clojure,201911,0.2513888888888889,0.7777777777777778,0.0,0.2504767253011942,9,
Haskell,201910,0.4039245667686035,0.8902439024390244,0.2222222222222222,0.489964752463583,13,0.33333333333333337
MATLAB,202406,1.4285714285714286,0.3333333333333333,0.0,0.2899718432578753,23,0.6666666666666666
AGS Script,202303,,,,,1,
Solidity,202301,0.1048836032388664,0.9131944444444444,0.0,0.8151490473851672,14,0.25
SCSS,202201,0.10865310077519379,0.7371794871794871,0.0,0.5948880049675236,48,0.22222222222222227
TeX,202301,0.029357420870970107,0.6666666666666667,0.0,0.13338249390151302,24,0.0
OCaml,202205,0.7583333333333333,0.5,0.0,0.9348300569165278,9,0.0
Nix,202309,0.12235449735449735,0.14285714285714285,0.125,0.9349703808573029,12,0.5714285714285714
Racket,201909,0.0,,,,2,
Dockerfile,202006,0.4433214174449515,0.5231481481481481,0.03333333333333333,0.4453986393563201,35,0.7
Objective-C++,202209,,,,,1,
CoffeeScript,201904,0.6238317757009345,0.8809523809523809,0.0,0.2714123081702687,9,1.0
TSQL,202405,0.0,,,,3,0.0
Racket,202104,0.0,,,,2,
Kotlin,202006,0.7261535686167844,0.9046266233766233,0.008547008547008546,0.4023545984428033,49,0.45454545454545464
AGS Script,202201,4.0,,0.0,0.946394630357186,2,1.0
Visual Basic 6.0,202101,,,,,1,
Vim Script,202206,0.6764705882352943,0.0,0.0,0.8231335600855489,22,0.4
Gnuplot,202007,,,,,1,
Nim,202311,1.3089430894308942,0.08695652173913043,0.0,0.8443191597363947,5,1.0
MATLAB,202206,1.017094017094017,1.0,0.0,0.9224063073052466,25,0.75
Vim Script,202204,0.6918859649122806,0.16666666666666666,0.0,0.3961769300032767,15,1.0
WDL,201908,0.0625,1.0,0.0,0.8112781244591328,3,1.0
OpenSCAD,201908,0.0,,,,3,
F#,202408,0.023809523809523808,0.0,0.0,0.0,4,1.0
CMake,202403,0.09090909090909093,1.0,,0.0,16,0.0
Haxe,202406,0.0,,,,3,
BitBake,202501,0.3333333333333333,,,0.0,3,
Makefile,201801,0.4,1.0,,0.0,11,0.0
ActionScript,202102,1.0,,,1.0,3,0.0
KiCad Layout,201810,,,,,1,
Haskell,202006,1.681640999118875,0.2916666666666667,0.15952380952380954,0.4319630731825585,14,0.8
Haxe,202102,0.0,,,,3,
GLSL,202302,0.2761904761904762,0.25,0.0,0.9862644703372158,4,
Julia,202203,1.5653061801040447,0.6795833333333333,0.19642857142857145,0.7844537977344525,28,0.5
XSLT,202103,0.27969696969696967,0.6666666666666666,0.25,0.7124796501114817,8,0.0
Objective-C,202305,0.5,1.0,0.0,1.0,18,0.0
MATLAB,202310,0.02453416149068323,0.6666666666666666,0.0,0.0,28,0.0
Dockerfile,201903,0.045112781954887216,0.5,0.0,0.9577420562022179,20,0.75
PostScript,202505,,,,,3,
Haskell,202204,0.27314814814814814,0.0,0.16666666666666666,0.9167031818467151,12,1.0
CoffeeScript,202104,0.0,,,,7,
PLpgSQL,202107,0.0,1.0,,,1,0.0
Nim,201910,0.0,,,,4,
Emacs Lisp,202409,1.6935791481246028,0.6666666666666666,0.0,0.9854799088907146,17,0.75
Batchfile,202204,0.7589285714285714,0.0,0.0,0.21747888244340646,5,1.0
Swift,202312,0.6618594447348317,0.7291666666666665,0.0,0.5618744277119674,61,0.47368421052631576
XSLT,202106,0.007025761124121779,0.5,0.0,0.9182958340544894,11,
OpenSCAD,201808,0.0,1.0,,,2,0.0
PowerShell,202003,0.559375,0.75,0.0,0.7494334394613867,15,0.5
ShaderLab,202005,0.0,,,,3,
Fortran,202505,3.425,0.5,0.15384615384615385,0.46599301625217115,5,
Vim Script,202003,1.076923076923077,0.0,0.0,0.6805236257320614,21,0.8571428571428572
PostScript,201805,,,,,2,
CMake,202005,0.0,,,,4,0.0
Gnuplot,201911,,,,,1,
Common Lisp,202308,4.333333333333333,,0.0,0.9629470156266076,3,0.5
OpenSCAD,202410,,,,,1,
Liquid,202408,0.0,1.0,,,6,0.0
CMake,202112,0.33333333333333337,0.5,,0.0,8,0.5
SystemVerilog,202202,,,,,2,
Stata,202306,,,,,1,
VHDL,202309,,,,,3,
Vim Script,202212,0.2549019607843137,0.5,0.0,0.4122463060881926,13,0.5
Nix,202108,0.18407960199004975,0.4,0.3333333333333333,0.8400905636524333,5,
Reason,201907,31.0,0.5,0.4,0.9081783365824071,1,
Reason,202003,0.0,,,,1,
Solidity,202307,0.08957708957708957,0.8055555555555555,0.0,0.40972418593640175,11,0.33333333333333337
Scheme,202205,0.0,,,,4,0.0
Solidity,201908,0.922077922077922,0.64,0.4,0.5294318855911692,2,
CMake,201902,0.0,1.0,,,5,0.0
Emacs Lisp,202308,0.6753030303030303,0.6666666666666667,0.0,0.7708378230007777,16,0.5555555555555556
Scheme,202209,0.0,,,,3,
ShaderLab,202201,0.0,1.0,,,4,0.0
SCSS,202412,0.10192307692307688,0.9807692307692307,0.0,0.5207683281055697,33,0.0
Astro,202505,0.07456575682382136,0.9215909090909091,0.0,0.15793801642856947,34,
Coq,202310,0.0,,,,1,
Stylus,202201,0.0,,,,2,
CoffeeScript,202010,0.010416666666666666,1.0,,0.0,6,1.0
Elixir,201906,0.35542391331865014,0.43666666666666665,0.0,0.5269121520285551,13,1.0
GLSL,202504,0.0,,,,5,
Jinja,202308,0.22764227642276424,0.875,0.0,0.33333333333333337,14,1.0
Just,201904,0.0,,,,1,
R,201805,0.3744880277252678,0.75,0.0,0.38292554198065076,29,0.5555555555555556
Erlang,202201,0.0,1.0,,,1,
Jinja,202410,0.21434914446610356,0.875,0.0,0.43120852287643996,10,0.5
Elm,202007,0.0,1.0,,,3,
Blade,202311,0.12500000000000003,1.0,0.0,0.0,8,
CoffeeScript,201804,0.7700617283950616,0.6470588235294118,0.0,0.6144475513476408,9,
Clojure,201905,1.4875,0.4,0.0,0.8494639161469537,7,0.5
Groovy,201911,0.08333333333333334,1.0,,0.0,7,0.0
GAP,202104,0.0,1.0,,,2,
Common Lisp,202212,0.0,,,,6,
OCaml,202108,0.9870460522634437,0.33333333333333337,0.0,0.5294856510578715,11,1.0
XSLT,201905,0.23671399594320489,0.9,0.0,0.5107141228128287,6,0.0
MDX,202308,0.8791510342657686,0.7847222222222223,0.14666666666666667,0.8885252736125319,16,0.4444444444444444
Elixir,202007,0.2228535353535353,0.8571428571428572,0.0,0.2427376486136672,29,0.6666666666666667
VBA,202504,0.5,,0.0,0.0,1,
Common Lisp,201812,1.2916666666666667,0.0,0.0,0.4828168035714125,3,1.0
Pascal,201901,2.505,,0.0,0.606300809644672,8,1.0
Puppet,201802,5.0,,0.0,0.8173454221465101,1,
Perl,202001,0.2641414141414142,0.875,0.0,0.295181387090755,19,0.5714285714285715
Common Lisp,201901,0.04166666666666667,1.0,0.0,1.0,8,0.0
Emacs Lisp,201903,7.328042328042328,0.1111111111111111,0.03125,0.8883889007154738,13,0.8749999999999998
Vue,201801,0.20512820512820515,0.8333333333333333,0.4,1.0,10,0.4
Vim Script,201910,2.8072916666666665,0.6666666666666666,0.25,0.7337032913134677,18,0.625
RAML,202011,0.0,,,,1,
CMake,202404,0.0,1.0,,,10,
Scilab,202204,0.0,,,,2,
Haskell,201912,0.6708717357910906,0.34782608695652173,0.21999999999999997,0.49287683761760887,13,0.5
DM,201905,0.0,,,,2,
Lua,202108,0.08782759185984992,1.0,0.0,0.25913373424186964,52,0.5
Handlebars,201901,0.0,,,,1,
Clojure,202307,0.0,,,,6,
Clojure,202407,0.5833333333333334,1.0,0.0,0.49839581599081834,8,
HCL,202407,0.13860236848029997,0.7775362318840578,0.0,0.39233537199721813,49,0.5
Nim,202006,0.05128205128205129,0.5,0.0,1.0,5,1.0
Scala,202506,0.31915671733018225,0.9382920110192836,0.09230769230769231,0.3257435874782155,23,
Emacs Lisp,202410,1.0946236559139786,0.5,0.0,0.5847440555584975,15,0.5555555555555556
PostScript,202409,0.0,,,,4,
Puppet,202208,0.0,1.0,,,1,
Batchfile,202109,1.3656249999999999,0.0,0.0,0.6383772860268706,6,1.0
LabVIEW,202405,0.8,1.0,0.0,1.0,1,0.0
Julia,201901,0.8778559943950757,0.46458333333333335,0.2142857142857143,0.6388626325484948,12,0.8333333333333334
Makefile,202306,0.8464565564107898,0.8585858585858586,0.0,0.4877154357942692,20,0.16666666666666669
Vim Script,201902,1.4916666666666667,0.625,0.0,0.8023819481186949,15,0.8461538461538461
LLVM,202207,0.3333333333333333,,0.0,1.0,2,
MDX,202405,0.3994124779541446,0.7285353535353536,0.0,0.7168317885837816,18,0.5
Verilog,202309,0.1111111111111111,0.5,0.0,0.0,7,0.5
Vim Script,201801,0.6915726817042607,1.0,0.0,0.6492823350915923,15,0.7058823529411765
Pug,202302,0.0,,,,1,
Perl,202103,0.16071428571428567,0.9,0.0,0.6666666666666665,27,0.5
F#,202107,0.0,,,,3,
Game Maker Language,202404,0.0,1.0,,,2,
OCaml,202109,0.8177339901477833,0.8333333333333333,0.0,0.7115215200784882,12,1.0
Solidity,202108,0.3663359217716422,0.6111111111111112,0.09523809523809523,0.7956605865104258,7,
XSLT,202012,1.0108695652173911,0.4166666666666667,0.0,0.6402066119047682,9,0.0
Fortran,202306,2.4722222222222223,0.3333333333333333,0.04166666666666667,0.5667413907456842,11,1.0
CMake,202411,0.05952380952380953,1.0,,0.0,12,0.0
Visual Basic .NET,202311,0.0,,,,1,
AGS Script,202101,1.6111111111111112,0.0,0.8,0.9741497202287225,1,
Perl,202209,0.49333333333333323,0.5,0.2,0.4596121258027198,18,1.0
Vim Script,202409,1.0,1.0,0.0,0.7664572819896989,8,1.0
Clojure,202501,0.17164179104477612,0.0,0.0,0.0,5,
Scheme,202302,0.6,1.0,,0.0,3,
DTrace,202201,0.0,,,,1,
Elixir,202104,0.08020833333333334,0.9,0.0,0.16225562489182657,20,0.4
PostScript,202310,0.0,,,,3,
EmberScript,201906,3.5,1.0,0.0,0.7214861019178923,1,1.0
Fortran,202312,5.2,0.25,0.04444444444444444,0.8841750339097061,4,
MDX,202103,0.5958333333333333,0.35842293906810035,0.04421052631578948,0.8207487652368156,5,0.5714285714285715
ReScript,202210,0.0,1.0,,,3,
Emacs Lisp,201912,0.5418181818181819,0.6666666666666667,0.031746031746031744,0.5451348221762401,14,0.7
Objective-C,202505,1.0,1.0,0.0,1.0000000000000002,11,
Jinja,201805,0.34172077922077915,0.8333333333333334,0.0,0.3051404019737629,5,0.0
Nim,202108,0.027777777777777776,,0.0,0.0,6,
Nix,202001,0.29245283018867924,,0.5,0.7085893717484132,3,1.0
LLVM,202411,0.09090909090909091,,0.0,1.0,2,
Groovy,202212,0.12291666666666667,0.8333333333333333,0.0,0.2744938469240828,13,1.0
Lua,201809,1.2043650793650795,0.33333333333333337,0.0,0.7033566510478036,18,0.75
Perl,202003,0.5959239130434782,0.6,0.0,0.39996525325283,22,0.33333333333333337
Groovy,202405,0.125,1.0,0.0,0.0,9,0.0
Mustache,201911,0.0,,,,1,
POV-Ray SDL,202008,3.3,,0.4,0.8492085735980333,1,1.0
Verilog,202211,0.25,1.0,0.0,0.0,9,0.0
Mustache,201905,0.0,,,,1,
Batchfile,202002,2.2222222222222223,0.0,0.0,0.851390341058643,5,0.75
YAML,202504,0.0,,,,2,
PLSQL,202107,0.0,,,,1,
TeX,202402,0.007575757575757576,1.0,0.0,1.0,19,0.0
EmberScript,202005,1.0,1.0,0.0,0.9462651872218008,1,1.0
Nix,202408,0.26016483516483513,0.75,0.16666666666666666,0.5180385270864613,17,1.0
Nix,202405,0.762241653418124,0.653968253968254,0.14761904761904762,0.7181842596104726,20,0.7142857142857143
Erlang,202003,0.16666666666666669,0.75,0.0,0.9709505944546688,4,
Solidity,202003,0.75,0.7777777777777778,0.25,0.858545387374944,2,
F#,201905,0.0,,,,4,
Rust,201809,0.6844193817878027,0.8333333333333335,0.0,0.4993941609408795,27,0.47058823529411764
OCaml,202410,1.0724381625441697,0.4722222222222222,0.0,0.8999787362607892,8,0.75
Svelte,202010,0.1968290335979085,0.6875,0.3559322033898305,0.5446958281773717,8,0.5
ShaderLab,202303,0.16666666666666666,0.0,,0.0,3,1.0
Julia,202209,0.2293540508256804,0.9484848484848485,0.0,0.6467893719878521,18,0.25
Roff,202104,0.25,1.0,0.0,0.9182958340544894,4,1.0
Julia,202302,0.46586898008130884,0.5410052910052908,0.0,0.6363596879504395,26,0.8571428571428572
Jupyter Notebook,201811,0.8368706756206756,0.8595041322314049,0.04,0.3572198666841173,67,0.6666666666666666
XSLT,201803,0.4027863777089784,0.5,0.0,0.7196313879788127,8,0.33333333333333337
ZAP,202210,3.769230769230769,0.7647058823529411,0.2,0.7418113881042222,1,0.5
Verilog,202403,0.5714285714285714,1.0,0.0,0.4999999999999999,10,1.0
Dockerfile,202406,0.11535409035409035,0.986111111111111,0.0,0.520031989848836,54,0.5
Crystal,201903,0.0,,,,1,
Nextflow,202406,0.4935574229691877,0.775,0.33333333333333337,0.8641074519214192,6,0.75
CartoCSS,202103,0.0,,,,1,
Jinja,202411,0.10416666666666667,0.5,0.0,0.0,10,1.0
Nix,202401,0.4093155189541092,0.8277777777777778,0.0,0.6168963378074428,14,0.5
Inform 7,202311,0.058823529411764705,1.0,,0.0,1,
Lua,201910,0.10883579211162142,0.5,0.0,0.5520986377730965,32,0.75
F#,202505,0.2894736842105263,0.3333333333333333,0.0,0.8596610491977074,3,
Julia,202502,0.3643933163875598,0.3585858585858586,0.07142857142857144,0.9484125518293197,20,
DM,202208,0.0,,,,2,
Apex,202305,0.0,,,,3,
MATLAB,201803,0.0,1.0,,,14,0.0
Perl,202202,0.20396825396825397,1.0,0.0,0.0,17,0.5
Scheme,202202,0.0,,,,3,
Handlebars,202003,0.0,,,,1,
HCL,201805,0.0,1.0,,,6,0.0
Smalltalk,202005,0.0,,,,2,
PureScript,202112,3.0,1.0,0.0,0.6500224216483541,3,
Stylus,202001,0.027777777777777776,,0.0,0.0,5,
AL,202210,0.48717948717948717,0.7142857142857143,0.5,0.6802636557218542,1,
Ren'Py,202408,0.0,1.0,,,2,
TSQL,201801,0.05555555555555555,0.6666666666666666,0.0,0.946394630357186,2,0.3333333333333333
Blade,202505,0.02857142857142857,1.0,,0.0,6,
DM,202303,0.16666666666666669,,,0.0,6,
Assembly,202501,0.4449760765550239,0.33333333333333337,0.5,0.6151169788741455,14,
KRL,202002,0.0,,,0.0,1,
Apex,201806,0.0,,,,2,
Julia,201911,0.7631291378240401,0.45590062111801244,0.28843537414965986,0.5298123508747818,15,0.5
Svelte,202403,0.14080225527144355,0.9753086419753086,0.08,0.525358479699768,21,0.375
TeX,202501,0.0035888218923933214,0.867965367965368,0.0,0.21974849346075667,30,
JSON,202210,0.009249281609195402,0.625,0.0,0.36096404744368116,4,1.0
CUE,202303,0.007692307692307693,,0.0,0.0,1,
MDX,202309,0.7712838889309479,0.8610373181530677,0.1285714285714286,0.8606046564694194,19,0.368421052631579
WebAssembly,201911,0.0,,,,1,
DM,202107,0.0,1.0,,,6,
MDX,201807,1.4004329004329006,0.6304347826086957,0.0215633423180593,0.894318732988077,3,0.5
JSON,202109,0.03322198444595229,0.56,0.0,0.3649233495810488,2,1.0
Nunjucks,202207,0.0,1.0,,,8,
XSLT,202407,0.5555555555555556,0.6666666666666666,0.0,0.0,12,
CoffeeScript,202305,,,,,1,
reStructuredText,202402,0.0,,,,1,
Roff,202103,0.16666666666666669,,,0.0,7,1.0
PLpgSQL,202007,0.25,,0.0,0.0,4,
CoffeeScript,201903,0.6259259259259259,1.0,0.0,0.660713677611625,7,
MDX,202301,0.7726566911349522,0.6369436663554311,0.0,0.6675510665336936,15,0.6111111111111113
TSQL,202207,0.0,,,,11,
Roff,202203,0.0,,,,3,
F#,202108,0.3176470588235294,0.0,0.6666666666666666,0.7282023343901065,5,1.0
TSQL,202109,0.0,,,,5,
EJS,202004,0.0,,,,5,0.5
EJS,202212,0.05263157894736842,1.0,0.0,0.0,19,0.0
Julia,202103,1.2274834563380819,0.6360153256704981,0.2833333333333334,0.7424212986614294,22,0.25
Less,202101,0.25,,0.0,0.0,4,0.0
Handlebars,201912,0.0,,,,2,
Julia,202006,0.9758878127522196,0.29296066252587993,0.2457912457912458,0.5864190355389138,20,0.625
CMake,201908,1.0,0.0,0.0,0.0,4,
ASL,202202,0.0,,,,2,
Makefile,201806,1.7948717948717945,0.5,0.0,0.7098452870248482,16,1.0
Apex,202402,0.0,,,,2,
VHDL,202409,1.5,,0.0,0.5,4,0.0
Common Lisp,202008,2.571428571428571,,0.0,0.4804820237218406,4,
TeX,202407,0.24232649071358742,0.72,0.5,0.5294881368546547,25,0.75
Elixir,202008,0.0,1.0,,,18,
Reason,201905,,,,,2,
Perl,202405,0.3609022556390978,1.0,0.0,0.45914791702724467,19,0.0
Pascal,201806,0.1813186813186813,0.875,0.0,0.7354156581245456,9,1.0
FreeMarker,202310,,,,,1,
Emacs Lisp,201803,1.125,0.6666666666666666,0.0,0.6261751839717502,12,0.375
Jinja,201911,0.2982639209529966,0.2666666666666667,0.0,0.37054110470045465,9,
HCL,202006,0.02234993614303959,0.984375,0.125,0.7164096319852712,17,0.25
Julia,202403,0.6326513161109419,0.7314814814814815,0.075,0.5657963642954827,28,0.0
Scheme,201905,0.0,,,,2,1.0
Objective-C++,201809,,,,,1,0.0
MATLAB,202309,0.003968253968253968,,,0.0,23,
Fortran,202410,2.3454545454545452,0.5,0.10526315789473684,0.780334000009574,8,0.5
Common Lisp,202301,0.0,,,,5,
Objective-C,202502,2.138888888888889,0.75,0.0,0.5472075115099596,18,
Pascal,201811,3.5,,0.0,0.9854752972273344,4,1.0
Vala,202205,,,,,2,1.0
Zig,202410,0.19230769230769232,0.6666666666666666,0.0,0.7219280948873623,7,0.0
Crystal,202206,,,,,1,
Crystal,202505,1.0,,0.0,1.0,3,
Nix,201811,0.0,,,,2,
VBScript,202112,,,,,2,
GDScript,202107,0.0,,,,2,
Julia,202107,0.5658393279361021,0.6228491396558623,0.2956349206349206,0.7002717069511589,16,0.4285714285714286
Common Lisp,202304,,,,,3,
Groovy,202209,0.10812629399585921,0.9666666666666667,0.0,0.4477867202775714,11,0.75
Squirrel,202408,,,,,1,
Crystal,202002,,,,,1,
Makefile,201904,0.0,0.75,,,16,0.0
Elixir,201904,0.16173189659185727,0.6670506912442395,0.0,0.45902023547393067,15,0.8
Julia,202102,0.958171914938012,0.6122448979591837,0.06746031746031746,0.6280414263084448,21,0.375
Common Lisp,202403,0.0,,,,5,
Groovy,202006,0.8333333333333334,1.0,0.0,0.9709505944546688,7,
CMake,201912,0.05555555555555555,0.0,0.0,0.0,5,
OCaml,202308,0.28160427807486627,0.875,0.0,0.6257745043399507,14,0.75
Assembly,202309,0.00047393364928909954,1.0,0.0,0.0,10,
Puppet,202303,0.0,,,,2,
Smalltalk,202102,,,,,1,
Verilog,202302,0.33333333333333337,,,0.0,7,0.0
GDScript,202403,0.0,1.0,,,7,
Erlang,202301,0.0,1.0,,,2,
eC,202103,,,,,1,
Nim,202111,0.6967685282753775,0.25462962962962965,0.12121212121212122,0.3958121382924743,9,0.9166666666666666
1C Enterprise,202308,,,,,2,
Makefile,202002,0.5822510822510821,0.6666666666666667,0.0,0.4854752972273344,20,0.0
ShaderLab,202402,3.0,,0.0,0.7896900821428474,3,1.0
GDScript,202303,0.07638888888888888,1.0,0.0,0.4056390622295664,8,0.5
VHDL,202105,1.5,,0.0,0.9182958340544894,5,1.0
Scheme,201806,,,,,2,
Roff,202312,0.0,,,,2,0.0
Solidity,202210,0.16461456671982988,0.7777777777777778,0.0,0.6603522260240792,15,0.35000000000000003
Typst,202311,0.6666666666666667,,0.0,0.0,3,1.0
EJS,202205,0.0,1.0,,,8,
Cypher,202112,,,,,1,
Bikeshed,202404,0.0,1.0,,,2,1.0
TeX,202102,0.13636363636363635,1.0,,0.0,19,0.0
Objective-C,202202,1.0,1.0,0.0,0.4693701226608209,26,0.3333333333333333
Ren'Py,202506,,,,,1,
Objective-C,202307,1.3333333333333333,0.0,0.0,0.45281953111478324,20,0.14285714285714288
GAP,202006,,,,,1,
MATLAB,201901,0.13186813186813187,1.0,0.0,0.7559279292634754,15,0.5
MATLAB,201910,0.33333333333333337,,0.0,0.9709505944546688,20,1.0
Objective-C,202504,1.0694444444444444,,0.0,0.5739760316291207,13,
Objective-C,201912,0.5345029239766083,0.6875,0.0,0.4353449940127819,40,0.6
Clojure,202107,0.2624066754501537,0.5,0.0,0.6615621253813485,9,1.0
Apex,202304,0.0,,,,2,
Apex,201812,1.0,,0.0,0.0,1,1.0
Dart,202107,0.6055088702147524,0.875,0.016666666666666666,0.37357530932925764,51,0.5833333333333333
Racket,202109,,,,,2,
Assembly,202311,0.014492753623188406,,0.0,1.0,8,
SystemVerilog,202205,,,,,2,
Swift,201912,1.4665186294748878,0.47564935064935066,0.0,0.3345827665646702,50,0.7272727272727272
Processing,202210,0.0,,,,3,
MATLAB,202411,0.0,,,,25,0.0
Swift,201808,1.1102461277812752,0.6875,0.03571428571428571,0.522614483975462,43,0.6000000000000001
Makefile,202405,0.16828063241106717,0.888888888888889,0.33333333333333337,0.6870606230014644,21,0.6666666666666666
Scheme,201904,0.5,1.0,0.0,0.0,3,0.0
Haskell,202108,0.626136595310907,0.75,0.3333333333333333,0.7803738251665074,12,1.0
Scala,202106,0.7058022396970896,0.8098214285714286,0.08000000000000002,0.4469630177999357,38,0.38461538461538464
PostScript,202504,,,,,3,
PureScript,202102,3.5,0.0,0.0,0.9854752972273344,2,1.0
Sass,202206,,,,,1,
TeX,202411,0.4593005952380952,0.675,0.0,0.5726515020069828,22,0.6250000000000001
Dockerfile,201807,0.22222222222222227,0.0,0.0,0.0,14,0.6666666666666666
AutoHotkey,202212,0.05,,0.0,0.0,5,1.0
Objective-C,202506,0.6666666666666667,,0.0,1.0,9,
ActionScript,202005,2.0,,0.0,1.0,1,0.5
Vim Script,201912,1.5655344655344656,0.6666666666666667,0.0,0.48686562755074037,19,0.6666666666666666
Less,202402,0.5,,0.0,0.0,3,1.0
Logos,202301,,,,,3,
PostScript,202008,0.5098039215686274,1.0,,0.4591479170272447,3,
Elixir,202111,0.2673943254198031,0.5555555555555556,0.0,0.45133098603288946,19,0.5
XSLT,202101,0.04910714285714286,0.0,0.5,0.4591479170272447,9,0.0
Liquid,202501,0.0,1.0,,,6,
Kotlin,201905,0.7832874873104757,0.7916666666666667,0.14285714285714285,0.7883268502099138,32,0.5555555555555556
ShaderLab,202407,2.0,,0.0,1.0,3,1.0
CMake,201803,0.07142857142857142,0.75,,0.0,5,0.0
Jinja,202404,0.4541062801932367,0.6666666666666666,0.0,0.946394630357186,11,0.0
TeX,202202,0.09434401220442411,0.725,0.5,0.660952896570902,23,0.0
Handlebars,202401,0.125,0.0,0.0,0.0,2,1.0
DM,202404,0.0,1.0,,,9,
Elm,201912,0.0,,,,2,
SCSS,201908,0.1391018619934283,0.7142857142857143,0.1111111111111111,0.3400628141602444,22,0.4285714285714286
OCaml,201905,0.25000000000000006,,0.0,0.0,11,
Groovy,202307,0.0,1.0,,,12,
GAP,202204,0.0,,,,2,
Smarty,201808,0.5,,0.0,0.0,2,
Kotlin,201804,0.028571428571428574,1.0,0.0,0.20745532429148314,22,0.0
D,202207,0.1,0.5714285714285714,0.0,0.0,2,0.6666666666666667
Twig,202112,0.0,,,,2,
VHDL,202012,0.0,1.0,,,3,0.0
SCSS,202011,0.1822222222222222,0.8533333333333333,0.14285714285714285,0.43406969504454723,30,0.7777777777777778
Scala,202311,0.8511590069626842,0.8155425219941349,0.0,0.3701684618925105,33,0.5
CoffeeScript,202409,0.0,1.0,,,3,
Coq,201903,0.0,,,,1,
Erlang,202306,0.0,1.0,,,1,0.0
TSQL,202506,0.5,,0.0,0.0,1,
Pascal,202412,0.0,,,,8,0.0
VBScript,201812,0.5,,0.0,0.0,2,
VHDL,202003,0.0,,,,2,
Racket,201911,0.0,1.0,,,2,
Cuda,201902,0.0,,,,2,
MDX,202305,0.2088573050147232,0.8948051948051947,0.1,0.9113714419829829,15,0.46153846153846156
Typst,202308,0.2692307692307692,1.0,0.0,0.914100892018565,2,1.0
Objective-C,201903,1.2761904761904759,0.5,0.0,0.5639196985658772,24,0.42857142857142855
Gnuplot,201811,2.3333333333333335,1.0,0.0,0.9211854965885543,1,0.5
Solidity,202406,2.6399999999999997,0.8444444444444444,0.0,0.35228970644753854,8,0.375
LLVM,202004,4.333333333333333,,0.0,0.9329350879565487,1,1.0
Dart,201902,1.0,0.0,0.0,0.3886524403163917,11,1.0
Groovy,202206,0.05,1.0,0.0,0.8112781244591328,9,1.0
Markdown,202402,0.009872907506891435,,,0.0,11,0.0
CMake,202504,1.0892857142857144,1.0,0.0,0.4056390622295664,8,
LLVM,201908,0.0,,,,1,
Forth,202311,0.0,,,,1,
Haskell,202410,0.7083333333333333,1.0,0.0,0.6289531690476382,16,0.25
Clojure,202006,0.09917602996254682,0.5,0.0,0.39481634042817765,7,1.0
MATLAB,202302,0.1392156862745098,1.0,0.0,0.0,29,0.25
Clojure,202401,1.2222222222222223,,0.0,0.9591479170272448,7,1.0
Scala,201803,0.34095238095238095,0.8416666666666667,0.04000000000000001,0.4073833516190468,19,0.375
Go Template,202504,0.11156561461794019,0.7583333333333333,0.0,0.9432766083971067,8,
Common Lisp,202102,0.16666666666666666,0.0,0.0,0.0,4,1.0
Groovy,201903,0.4375,0.5,0.0,0.7986228154256072,7,0.0
F#,202410,0.14299242424242425,0.0,0.0,0.38837112545467656,5,1.0
D,202412,4.666666666666667,0.6,0.0,0.9134443205612237,1,0.0
Dockerfile,201803,0.2592592592592593,1.0,0.0,0.9165164431996023,9,0.6666666666666666
YAML,202311,0.0,1.0,,,2,
Nunjucks,202101,0.0,,,,3,
Vim Script,202302,0.6583333333333334,0.0,0.0,0.9218034625357638,15,1.0
Smalltalk,202209,0.0,,,,1,
Go Template,202309,0.0,,,,4,
Assembly,202303,0.40100250626566414,1.0,0.0,1.0,9,1.0
Nim,202307,1.1971830985915493,0.3783783783783784,0.1111111111111111,0.7287825002886326,5,1.0
PostScript,202412,0.0,,,,3,
Cuda,202106,4.5,,0.0,0.9910760598382222,3,1.0
Groovy,201909,0.13125,0.75,0.0,0.0,5,0.0
EmberScript,202204,2.5,,0.0,0.7627069065377661,1,1.0
Common Lisp,202112,0.125,,0.0,0.0,6,0.5
Elixir,202106,0.2185598377281947,0.9047619047619048,0.0,0.28499707353922976,20,0.0
Astro,202009,0.2285714285714286,1.0,0.0,1.0,6,0.0
Common Lisp,202504,0.0,1.0,,,6,
ASP.NET,202309,0.0,,,,1,
TeX,202010,0.1979638009049774,0.5555555555555556,0.0,0.6121972227029929,25,0.5
XSLT,202409,0.1084689785326728,0.6666666666666666,0.0,0.5145214810665322,8,
HLSL,202112,0.0,,,,1,
Astro,202211,0.10000000000000002,1.0,0.0,0.0,10,
LLVM,202112,1.0,1.0,0.0,0.0,2,
Elixir,201806,0.2573426573426574,0.16666666666666669,0.0,0.23027134036586827,8,0.7142857142857143
Modula-2,202404,0.6,,0.0,0.9182958340544894,1,
Astro,202304,0.09955098664776084,0.7777777777777777,0.0,0.385891110799899,14,0.0
Scala,202305,0.4634998035223091,0.8344017094017093,0.13333333333333333,0.2709228275779263,39,0.6666666666666667
TeX,202105,0.0,1.0,,,21,
MATLAB,202003,0.0,1.0,,,26,0.0
PowerShell,202501,0.023578498719897305,0.8676470588235294,0.0,0.26180869649870186,34,
Makefile,202010,1.8461538461538463,0.6666666666666666,0.0,0.33333333333333337,21,0.0
TSQL,202011,0.0,1.0,,,5,
Mustache,202005,0.0,1.0,,,1,
Fortran,202501,2.7370129870129873,0.5555555555555556,0.0,0.8152564829666178,5,
QML,202504,0.0,,,,1,
DM,201908,0.0,,,,2,
Haxe,202204,2.3333333333333335,0.5,0.0,0.8465362190524482,2,1.0
Lean,202311,1.375,0.0,0.0,0.9431887805255734,1,
CartoCSS,201901,0.0,,,,1,
CMake,202206,0.0,,,,9,
Fortran,202210,3.5156249999999996,0.14285714285714285,0.3333333333333333,0.5210665766058461,4,1.0
Blade,202302,0.00546448087431694,1.0,,0.0,8,
Haskell,202207,0.6324404761904763,0.4,0.0,0.5696290604763977,12,1.0
Forth,202211,0.0,,,0.0,1,
Blade,202504,0.0,1.0,,,6,
Svelte,202504,0.6739463601532566,0.9761904761904762,0.16666666666666666,0.7582276218587132,18,
Batchfile,202401,0.8240740740740741,0.5,0.0,0.24110277793803475,6,1.0
MDX,202410,0.4655138644058312,0.7992283950617283,0.1388888888888889,0.6262382234799505,21,0.3125
ShaderLab,202111,0.0,1.0,,0.0,5,0.0
Scala,202108,0.46658934747170033,0.8419802703690171,0.0,0.38901994563133985,39,0.375
LLVM,202403,0.30952380952380953,0.0,0.0,0.7193329040881773,3,
Julia,202310,0.3149940361709478,0.7015151515151515,0.20555555555555555,0.6933903186831157,25,0.5
Groovy,202003,0.02666666666666666,1.0,,0.0,6,0.0
Fortran,202503,1.02769863880975,0.5833333333333334,0.0,0.2021937526061121,7,
Blade,201802,0.0,,,,2,
TSQL,202305,0.0,,,,1,
PureScript,201807,0.5,0.5,,0.0,3,0.0
POV-Ray SDL,201910,0.3548387096774194,,0.0,0.8949645376549997,1,1.0
POV-Ray SDL,202410,0.26666666666666666,,0.0,0.946394630357186,1,1.0
Nextflow,202103,0.0,,,,1,
Haskell,202303,0.5623106060606061,0.33333333333333337,0.0,0.6733035130578972,12,1.0
Astro,202002,0.19057239057239056,0.85,0.13333333333333333,0.5634933309713585,6,0.5
QML,202204,0.0,1.0,,,1,
Svelte,202503,0.15639360639360642,0.9289215686274509,0.0,0.7128227074833535,18,
Game Maker Language,202310,0.0,,,,1,
Luau,202403,0.0,1.0,,,1,
Dockerfile,202402,0.07643055868862321,0.78,0.0,0.16644977792004614,45,0.5
ShaderLab,202505,0.0,1.0,,,5,
ShaderLab,202504,0.03333333333333333,0.75,0.0,0.0,6,
Emacs Lisp,202004,1.2886225843122392,0.06666666666666667,0.013513513513513514,0.637967444603509,16,0.9615384615384615
Svelte,201906,0.0,,,,4,
Haxe,202012,0.0,,,,2,
Smalltalk,201904,0.006578947368421052,0.5,,0.0,5,0.33333333333333337
Mathematica,202409,0.0,1.0,,,1,0.0
Dart,202001,0.8216230936819171,0.7142857142857143,0.0,0.6304153518644886,28,0.6000000000000001
WebAssembly,201906,0.0,,,,1,
Smarty,202303,0.0,0.75,,,7,0.0
Jinja,202104,0.06984126984126984,0.9,0.0,0.5,10,0.33333333333333337
Apex,202203,0.020833333333333332,1.0,,0.0,2,0.0
Blade,202309,0.0,1.0,,,10,0.0
Jinja,202111,0.41379310344827586,0.9375,0.0,0.8884097753324796,9,0.6666666666666666
ShaderLab,201902,0.0,,,,3,0.0
MDX,201811,5.765625,0.6129032258064516,0.0,0.9292489640785393,1,0.6363636363636362
MDX,202210,0.6570538398425732,0.7638697318007663,0.1111111111111111,0.5068613663377852,12,0.36842105263157887
Smarty,202312,0.0,1.0,,,5,0.0
EJS,202410,0.0,1.0,,,11,0.0
Solidity,202204,0.05081999640352455,0.8571428571428571,0.0,0.10098132180874575,12,0.6666666666666667
Markdown,202301,0.00652622632345799,,,0.0,6,
JSON,202209,0.010168002716388385,0.7058823529411765,0.0,0.0,4,
JSON,202406,0.001953125,,,0.0,4,
Markdown,202307,0.00436874863962955,,,0.0,10,0.0
HCL,202210,0.20523196684116224,0.855,0.0,0.34826014783264403,39,0.6842105263157895
GLSL,202409,0.6923076923076923,0.75,0.0,0.5,3,
ZenScript,202005,0.7044025157232704,0.4642857142857143,0.07058823529411765,0.5732668334166068,1,0.8749999999999998
JSON,201801,0.020833333333333332,0.6,0.0,0.5435644431995964,1,1.0
Hack,202212,0.0,,,,2,
Dockerfile,202201,0.1147948717948718,0.7407407407407407,0.07407407407407407,0.43468038193254266,40,0.4
Roff,202007,0.0,,,,4,
EJS,202108,0.513888888888889,,0.0,0.5,8,
CoffeeScript,202207,0.0,,,,2,
TSQL,202010,0.0,,,,6,
CoffeeScript,202304,0.0,,,,3,
Jinja,202303,0.8065268065268066,0.8642857142857143,0.0,0.6958173386931042,14,0.0
Handlebars,202101,0.0,,,,1,
Astro,202210,0.0,1.0,,,8,
Makefile,202009,1.2875,1.0,0.0,0.3060986113514965,24,
PowerShell,201802,2.371475625823452,0.5944444444444444,0.0,0.8971375834292921,8,0.25
Jupyter Notebook,201801,1.9092206658905073,0.5381944444444445,0.05555555555555555,0.6123300511486474,35,0.3880597014925372
HCL,201906,0.0,0.6666666666666667,,,6,0.25
TeX,202502,0.10835569959993921,0.8928571428571429,0.0,0.4863826390090815,28,
Jinja,202004,0.03333333333333333,0.0,0.0,0.0,12,
Pascal,202009,1.0,1.0,0.0,0.4591479170272447,8,0.3333333333333333
Elixir,202204,0.37729034531360117,0.9318181818181819,0.0,0.8450422451057554,20,0.6666666666666667
KiCad Layout,202504,,,,,1,
Pawn,202501,,,,,1,
OCaml,202106,0.13477772922294615,0.6875,0.0,0.5712538414883728,11,0.25
Emacs Lisp,202402,1.7595959595959596,0.5,0.0,0.5892467202046159,19,0.625
Fortran,202111,6.066666666666666,0.5,0.0,0.7010771629034034,5,
Pascal,202504,0.0,,,,5,
PowerShell,202002,0.3333333333333333,0.75,0.0,0.32365019815155627,14,0.33333333333333337
GDScript,202010,0.0,,,,4,
Makefile,202207,0.4480392156862745,1.0,0.2222222222222222,0.1939180639258794,27,0.0
Limbo,202208,,,,,1,
Blade,201909,,,,,1,
Gnuplot,202301,,,,,1,
VHDL,202412,0.0,,,,4,
1C Enterprise,202203,,,,,2,
KiCad Layout,202004,,,,,1,
PowerShell,202307,0.06666666666666667,,0.0,0.0,23,
GDScript,202011,0.125,1.0,0.0,0.0,4,0.0
Crystal,202005,0.03571428571428571,1.0,,0.0,4,0.0
CoffeeScript,202502,0.25,1.0,,0.0,4,
Visual Basic .NET,202407,,,,,1,
Elixir,202004,0.32880658436214,0.8,0.0,0.2226026110507166,21,0.33333333333333337
Groovy,202103,0.021021021021021023,1.0,0.0,0.9852281360342515,10,
Pascal,201902,0.31111111111111117,0.8333333333333334,0.0,0.8636983367872394,11,0.0
Cuda,202212,,,,,2,0.0
Reason,202410,,,,,1,
Objective-C,202311,0.28571428571428575,1.0,0.0,0.0,19,0.25
XSLT,201906,1.3253968253968256,0.0,0.0,0.567862230441107,7,
HCL,202003,0.3372108843537415,0.5579710144927537,0.18181818181818182,0.4811243903433676,13,0.33333333333333337
Makefile,201909,0.0,1.0,,,10,
VHDL,202503,,,,,4,
Visual Basic 6.0,202403,,,,,1,
Haskell,201801,0.23888888888888887,0.5,0.0,0.6636920199460741,13,0.4285714285714286
GDScript,202207,0.0,1.0,,,3,0.0
Rich Text Format,202004,,,,,1,
TeX,202207,0.02038219334926324,1.0,0.0,0.25,16,0.0
Groovy,202210,0.10833333333333334,0.888888888888889,0.0,0.9943497041442487,10,0.6666666666666667
Scheme,201906,1.0,1.0,0.0,1.0,3,
Common Lisp,201902,2.0,0.0,0.0,1.0,2,1.0
OpenSCAD,202201,0.0,1.0,,,3,0.0
CMake,202402,1.6301652892561982,1.0,0.0,0.33333333333333326,14,0.0
Pascal,202506,3.0,0.5,0.0,0.4591479170272447,3,
Makefile,202407,0.5023809523809524,0.8999999999999999,0.0,0.5306860135068391,28,0.4285714285714286
Processing,202405,,,,,2,
1C Enterprise,202111,0.17647058823529413,1.0,,0.0,2,0.0
1C Enterprise,202009,,,,,2,
Gleam,202410,0.5416666666666667,1.0,0.0,0.5,5,0.0
Solidity,202407,0.3125874125874126,0.8,0.25,0.26317420893406235,11,0.5
Elixir,202207,0.0983172216254923,0.6715686274509803,0.0,0.9777632135084122,27,0.6
GDScript,202206,0.0,,,,6,0.0
Perl,202501,0.17428486546133606,0.9682539682539683,0.0,0.5450758032955396,21,
MATLAB,202307,0.029411764705882353,1.0,,1.0,20,0.0
Verilog,202505,0.0,,,,9,
AGS Script,201806,,,,,1,
Blade,202401,0.0,1.0,,,3,
VHDL,202406,,,,,3,
MATLAB,201904,0.125,,0.0,0.0,18,0.3333333333333333
SystemVerilog,201905,,,,,1,
KiCad Layout,202505,,,,,1,
VBScript,201808,6.0,,0.0,0.920619835714305,1,1.0
Common Lisp,202002,1.0,0.0,0.0,0.32007657262025374,6,0.5
Processing,202006,0.5,,0.0,0.0,4,1.0
Haskell,202311,0.30978651387943423,0.7777777777777778,0.0,0.31417524774553895,13,0.6
Stata,202004,2.0,,0.0,0.0,1,1.0
Vue,201802,0.08424908424908426,1.0,0.0,0.4591479170272447,11,0.6666666666666666
Assembly,202204,0.0,0.0,,,7,1.0
PostScript,202005,0.0,1.0,,,3,0.0
Verilog,202103,0.0,,,,6,
Twig,202103,2.666666666666667,0.0,0.0,0.9528195311147832,4,0.5
CMake,202004,0.6666666666666667,,0.0,0.0,4,
Dockerfile,202007,0.3159456460256389,0.8577586206896551,0.0606060606060606,0.7480365349739043,28,0.6
Objective-C,202408,1.6666666666666667,1.0,0.0,0.8138402136278466,15,0.5
BitBake,201809,9.0,,0.0,0.8288713632524444,1,1.0
ShaderLab,202106,,,,,3,
ShaderLab,202204,0.0,,,,3,
Clojure,201805,0.9166666666666666,1.0,0.0,0.9731973151785929,4,0.2
PLpgSQL,202305,0.05823863636363637,1.0,0.0,0.4591479170272447,5,0.0
GAP,202403,0.0,1.0,,,2,
PLSQL,202112,0.0,,,,1,
Elixir,202505,0.5,0.6666666666666667,0.0,0.9591479170272448,15,
DM,202203,0.0,,,,4,
F#,201903,0.0,1.0,,,4,
XSLT,202311,0.2638888888888889,0.8533333333333333,0.0,0.5,10,0.0
LilyPond,201912,0.0,,,,1,
Jinja,201905,0.1486111111111111,0.6944444444444444,0.5,0.9517619850443705,6,
Vim Script,202305,1.3214285714285714,1.0,0.0,0.6395567068815078,15,0.3333333333333333
Rich Text Format,202407,0.0,,,,2,
Groovy,202101,0.04081954294720252,0.75,0.0,0.8048328321285004,10,0.4
Nextflow,202408,0.24702380952380956,0.5,0.0,0.4254321144502839,8,
Rich Text Format,202412,0.0,,,,1,
Mustache,202403,0.0,,,,3,
CMake,202503,0.0,1.0,,,5,
Smalltalk,201907,1.0,,1.0,0.5,4,
Jinja,201912,0.009090909090909092,1.0,,0.0,10,
OCaml,202504,0.1495601173020528,0.8333333333333333,0.0,0.8471014115032311,12,
Common Lisp,201811,1.5,,0.0,0.9182958340544894,1,1.0
Haskell,202001,1.0248279252704031,0.4444444444444444,0.44999999999999996,0.4865653706096908,13,0.5
BitBake,202405,0.0,1.0,,,3,
CMake,202310,0.0,0.9464285714285714,,,11,0.0
Gherkin,201810,0.9538834951456311,0.8492063492063492,0.2,0.6170650269426038,2,1.0
Solidity,202305,0.3660633484162896,0.56,0.0,0.3622556248918266,15,0.16666666666666669
Monkey C,202109,1.5,0.5,0.0,0.920619835714305,2,
Pascal,202004,0.20512820512820515,,0.0,0.6695919455357792,9,
Zig,202409,0.03508771929824561,1.0,0.0,0.0,5,1.0
Squirrel,202302,0.0,,,,1,
OCaml,201802,0.8021565132291776,0.6888888888888889,0.0,0.7679227024613362,12,0.8333333333333334
Open Policy Agent,202105,0.0,,,,1,
CartoCSS,202312,0.0,,,,1,
Svelte,202410,0.7793650793650793,0.8492647058823529,0.25,0.4300084496764553,17,0.2
Processing,202310,0.0,,,,4,
HLSL,202104,0.0,,,,1,
Makefile,202208,0.9217615012106535,0.9333333333333333,0.0,0.24024101186092034,23,0.0
VHDL,202106,0.25,1.0,0.0,0.0,5,0.0
Sage,202302,0.0,,,,1,
Nunjucks,202312,0.2,1.0,,0.0,2,
Modula-2,202007,0.0,,,,1,
Monkey C,202505,0.0,1.0,,,1,
VBScript,202001,0.16666666666666666,,0.0,0.0,2,
SourcePawn,202303,0.3333333333333333,1.0,0.0,0.0,1,
XSLT,201912,0.16180124223602485,0.6666666666666666,0.0,0.3060986113514965,7,0.0
Haskell,202504,0.12121212121212123,0.5,0.0,0.473197315178593,14,
XSLT,202404,1.4542124542124542,1.0,0.0,0.4788083454421771,7,
Verilog,202008,0.6249999999999999,0.75,0.0,0.4591479170272447,6,1.0
Fortran,202412,4.6588031045751634,0.6666666666666666,0.0,0.625565198417165,6,1.0
Vue,201901,0.45178571428571423,0.9387755102040817,0.0,0.4381309802906096,37,0.6666666666666666
Common Lisp,202408,0.0,,,,4,
EJS,202312,0.1125,1.0,,0.0,11,0.0
Groovy,202202,0.0074074074074074086,1.0,,0.0,11,
AutoHotkey,201810,0.0,,,,1,
SQF,202412,0.0,,,,2,
Handlebars,201908,0.0,,,,1,
AL,202304,0.6428571428571429,0.5,0.0,0.6223659728744494,2,
D,202201,0.04166666666666667,,,0.0,3,
Scala,201805,0.612273269638519,0.6875,0.0,0.49926354732267886,17,0.625
PowerShell,201903,1.5227272727272727,0.75,0.0,0.6823279406321675,14,0.3333333333333333
Batchfile,202503,0.6476190476190476,0.2,0.0,0.6607783978689791,9,
Astro,202307,0.07555330861700933,0.8974358974358975,0.0,0.7482492538962107,11,0.5
Mermaid,202410,0.06557377049180328,1.0,0.0,0.6398243839286435,2,0.0
XSLT,202306,0.1875,0.5,0.0,0.5,9,0.5
Verilog,202307,0.0,1.0,,,9,0.0
Mustache,201904,0.0,,,,1,
Haxe,201901,0.0,,,,1,
LLVM,202202,0.21428571428571425,0.42857142857142855,0.0,0.7841591278514217,3,0.0
M4,201910,0.0,,,,1,
Go Template,202505,0.09350198412698413,0.96875,0.0,0.4764046294662241,8,
AutoHotkey,202204,0.0,,,,4,0.0
Fortran,202106,1.8726515420063805,0.38988095238095233,0.38095238095238093,0.5062876887659165,6,1.0
Groovy,202412,0.0,1.0,,,5,
CoffeeScript,202103,0.07142857142857144,0.75,0.0,0.9182958340544894,10,
MDX,202312,0.667342957967958,0.8842592592592593,0.025641025641025644,0.6810031779903664,19,0.2666666666666667
MDX,202501,0.14470432080507992,0.8518518518518519,0.05555555555555555,0.4695095510211959,23,
DM,201809,0.0,,,,1,
Crystal,201904,1.0,,0.0,1.0,2,
Nextflow,202104,0.03333333333333333,0.0,0.0,0.0,1,1.0
CoffeeScript,202012,0.4285714285714285,1.0,0.0,0.5,8,0.0
Elm,202005,0.7380952380952381,0.5,0.0,0.0,2,0.0
Bicep,202403,0.0,1.0,,,2,0.0
Inform 7,202206,0.0,,,,1,
Perl,202502,0.09924937447873228,0.875,0.5,0.4293363555366275,16,
ShaderLab,201809,0.0,,,,1,
LabVIEW,201804,0.5555555555555556,0.5,0.6666666666666666,0.8649735207179272,1,
XSLT,202002,0.2791864571915723,0.4666666666666667,0.1111111111111111,0.42250477870935566,8,0.5
Jinja,202001,0.037579957356076756,0.9166666666666666,0.0,0.5,8,1.0
Go Template,202403,0.0,1.0,,,5,0.0
Svelte,201905,0.0,,,,2,
Vim Script,202010,0.47058823529411764,0.3333333333333333,0.0,0.8319272520317222,22,0.7142857142857143
PowerShell,202209,0.12121212121212124,1.0,0.0,0.0,21,0.0
Nix,202201,0.37003493083694283,0.6818181818181819,0.6,0.4370495035596239,6,1.0
LilyPond,202310,0.0,,,,1,
Visual Basic .NET,201908,0.0,,,,2,
VHDL,202204,0.0,1.0,,,2,0.0
Kaitai Struct,202401,0.0,,,,1,
Visual Basic .NET,201912,0.0,1.0,,,4,
Common Workflow Language,202009,0.12857142857142856,0.7,1.0,0.9910760598382222,2,0.0
XSLT,202009,0.10544217687074829,0.8333333333333333,0.0,0.4324867603589636,8,0.0
F#,202304,0.034482758620689655,0.0,0.0,0.8112781244591328,4,
VHDL,202207,0.0,,,,6,
Emacs Lisp,202002,1.0505417416233358,0.32,0.022222222222222223,0.8792715225640575,17,0.8636363636363635
Jinja,202203,0.7211538461538461,0.975,0.16666666666666669,0.5757209437888291,8,0.4
Elixir,201805,0.14772727272727273,0.5,0.5,0.9534976211714934,10,0.6666666666666666
Cairo,202412,0.0,,,,1,
SQLPL,202002,0.0,1.0,,,1,
Julia,202010,0.4197853305665438,0.5467032967032966,0.075,0.7636236136627723,18,0.3333333333333333
Nextflow,202504,0.06311375924086947,0.8333333333333334,0.0,0.7915306254296769,9,
HCL,202104,0.08916777666777666,0.8513513513513513,0.12962962962962962,0.44714382620070936,26,0.5
TeX,202401,0.025793650793650792,0.8,0.0,0.0,24,0.5
ASL,202101,13.20909090909091,,0.0,0.6405840164529792,6,1.0
Astro,202406,0.023109243697478993,0.9444444444444444,0.0,0.0,20,
Nextflow,202308,0.0,,,,2,
ZAP,202205,0.7974683544303798,0.75,0.5454545454545454,0.8332269459483161,1,0.6
LabVIEW,202409,0.27403846153846156,0.6666666666666666,1.0,0.4226754683112182,2,
SQLPL,201804,0.0,,,,1,
XSLT,202108,0.08888888888888888,0.33333333333333337,0.0,0.0,7,0.0
R,201801,1.1924603174603177,0.3333333333333333,0.0,0.575995905000343,22,0.8124999999999999
SWIG,201907,0.0,,,,1,
Apex,202307,0.0,,,,2,
CartoCSS,201904,0.0,,,,1,
Fortran,202007,0.5,0.5,0.0,0.754445012014942,3,1.0
Dart,201808,0.4960317460317461,0.0,0.14285714285714285,0.868615033319179,7,0.2
ABAP,202203,0.1282051282051282,,0.0,0.7219280948873623,2,
Julia,202506,0.11428701419278886,0.7777777777777777,0.0,0.7820410165440483,16,
Solidity,202304,0.1609014675052411,0.8500000000000001,0.0,0.808461535375128,14,0.3846153846153846
Erlang,201902,0.004629629629629629,0.0,0.0,0.0,4,0.0
MATLAB,201801,0.5054347826086957,1.0,0.0,0.6666666666666667,11,0.6
ZAP,202208,2.0,0.8461538461538461,0.11764705882352941,0.8369740521292562,1,0.3333333333333333
Erlang,201803,0.032327586206896554,1.0,,0.0,4,0.0
Fortran,202408,23.98611111111111,0.0,0.07407407407407407,0.6203644086146539,4,0.5
DM,202102,0.00044563279857397507,1.0,0.0,0.0,4,
TeX,202204,0.4769230769230768,0.0,0.0,0.6121972227029929,20,1.0
TSQL,201812,0.0,1.0,,,4,0.0
Markdown,202111,0.006666666666666666,,,0.0,5,0.0
CoffeeScript,201911,0.3333333333333333,1.0,0.0,1.0,9,0.0
ZenScript,202102,0.8081395348837209,0.5,0.0,0.7190161101542708,1,0.8333333333333331
Liquid,202012,0.9953051643192489,0.4375,0.4444444444444444,0.8742390102070772,1,1.0
Verilog,201907,0.027530364372469633,1.0,,0.0,7,0.5
JSON,201811,0.010126582278481013,0.46153846153846156,0.0,0.5816718657178868,1,0.5
Raku,202304,0.0,,,,1,
Astro,202308,0.07138047138047138,0.76,0.0,0.281565291123848,15,0.3333333333333333
PowerShell,202108,0.976190476190476,0.6666666666666667,0.0,0.2149152622994268,20,0.2
EJS,202403,0.0,1.0,,,9,
ReScript,202302,0.0,,,,2,
Emacs Lisp,202007,1.1944444444444444,0.5714285714285714,0.016666666666666663,0.36966142926856566,16,0.8888888888888887
Astro,202209,0.06111111111111111,0.8333333333333334,0.0,0.0,6,0.0
reStructuredText,202409,0.0,,,,1,
Blade,202108,0.0,,,,6,
CoffeeScript,202201,0.0,1.0,,,6,0.0
Pascal,202208,0.2894736842105263,1.0,0.0,0.9940302114769566,8,1.0
Makefile,202506,0.08861976163014225,1.0,0.0,0.19999999999999996,21,
ShaderLab,202408,5.0,0.0,0.0,0.9602297178607612,2,1.0
Racket,202302,,,,,2,
PLpgSQL,201912,0.0,,,,3,
Common Lisp,201912,1.4,0.0,0.0,0.4999999999999999,5,1.0
Nim,202301,1.3928571428571428,0.5454545454545454,0.16666666666666666,0.6693227716686588,7,1.0
SAS,202305,,,,,1,
F#,202210,0.0,,,,3,
Blade,202402,0.0,,,,5,
Elixir,202310,0.5072116879823543,0.9791666666666666,0.09523809523809523,0.5246058597274258,20,0.6666666666666666
Emacs Lisp,202301,0.5217013888888888,0.75,0.0,0.4359218197077251,17,0.45454545454545453
Groovy,201906,0.0,1.0,,,6,
AGS Script,202111,0.8333333333333334,0.0,0.0,0.8649735207179272,2,
RobotFramework,202406,,,,,1,
PureScript,201909,4.5,0.0,0.0,0.7642045065086203,3,
TeX,201911,0.012396694214876033,,,0.9182958340544894,17,0.0
SystemVerilog,201908,,,,,1,
ASL,202104,5.0,,0.0,0.9674887648835618,4,1.0
Erlang,201909,0.6568914956011731,1.0,0.0,0.18739881431487,6,0.0
PowerShell,201909,1.0,1.0,0.0,0.5,11,
QML,202302,,,,,2,
HCL,202001,0.16254310991153098,0.625,0.0,0.3039643900887086,14,0.33333333333333337
Typst,202501,0.9285714285714286,0.3333333333333333,0.0,0.6760150508789765,3,
Common Workflow Language,202012,,,,,1,
DIGITAL Command Language,202408,,,,,1,
Haskell,201906,0.47505252100840334,0.6666666666666667,0.0,0.25,11,0.6
SAS,202505,,,,,1,
ShaderLab,201911,0.0,,,,2,
Clojure,201812,0.5,1.0,0.0,1.0,6,
Julia,201803,0.9299719887955182,0.2777777777777778,0.2333333333333333,0.5177834913613786,10,1.0
OpenSCAD,202210,0.0,,,,4,
Processing,202412,,,,,1,
CMake,202312,0.11111111111111113,1.0,,0.0,13,
Elixir,202412,0.39999999999999997,0.5,0.0,0.6666666666666667,18,0.75
Modula-2,202412,,,,,1,
Stylus,201904,,,,,1,0.0
Modula-2,202310,,,,,1,
LabVIEW,201910,,,,,1,0.0
Bikeshed,202501,2.0,,0.0,0.0,2,
Pascal,201812,0.0,1.0,,,7,0.0
Pascal,202202,,,,,8,
PLpgSQL,202503,0.0,,,,4,
Clojure,202008,0.22807017543859648,0.5,0.2,0.9260253991672738,6,0.6666666666666667
Pascal,202106,0.2,1.0,0.0,0.0,10,0.0
CMake,202306,0.9999999999999999,0.9642857142857143,0.0,0.24161136383525333,10,0.6666666666666666
TeX,202412,2.699656824656824,0.8600000000000001,0.0,0.5241776544896755,25,0.5
Haskell,202407,0.19696969696969696,1.0,,0.0,13,0.0
Scala,201806,0.29643913778529163,0.6825396825396826,0.0,0.49361829282590475,18,0.6666666666666666
AutoIt,201807,3.0,,0.0,0.9182958340544894,1,
MATLAB,202408,0.012195121951219513,1.0,0.0,0.7219280948873623,19,0.0
Common Lisp,202006,0.33333333333333337,0.0,0.0,0.0,5,0.0
Processing,202010,5.0,,0.0,0.9709505944546688,4,
Jupyter Notebook,201806,0.29262847575541084,0.875,0.031746031746031744,0.46167024034471554,45,0.5833333333333334
CUE,202410,,,,,1,
OCaml,202207,0.35555555555555557,0.5,0.09090909090909091,0.44619060101635094,12,0.8
Common Lisp,202411,0.5,0.0,0.0,0.9182958340544894,4,1.0
Elixir,201907,0.2942222222222223,0.46732026143790845,0.09090909090909091,0.4199279481356569,15,0.8333333333333334
WebAssembly,202210,3.0,,0.0,0.9182958340544894,1,1.0
PowerShell,201908,2.2222222222222223,0.75,0.0,0.8792421766521342,14,0.6666666666666666
Processing,202002,7.0,,0.0,0.8631205685666311,4,
XSLT,202506,0.0,1.0,,,5,
Objective-C,202309,1.1904761904761905,0.6666666666666666,0.0,0.5776039467845473,17,0.6666666666666666
Batchfile,202504,1.4047619047619047,0.5,0.0,0.942802926667328,9,
Perl,202310,0.41680215079662436,0.875,0.0,0.3018796874098555,21,0.0
MATLAB,201912,3.0,,0.0,0.8166663857315859,16,1.0
Ren'Py,202501,,,,,2,
CMake,202309,0.0,1.0,,,12,
Squirrel,202305,,,,,1,
Apex,202006,2.0,,0.0,1.0,2,
Vim Script,202407,2.0555555555555554,0.0,0.0,0.5938054675403734,8,1.0
Processing,202404,,,,,3,
Zig,202204,,,,,3,
Bikeshed,202305,,,,,2,0.0
Emacs Lisp,202006,2.022727272727273,0.4666666666666667,0.015999999999999997,0.7406860672008082,21,0.6666666666666666
AutoHotkey,202504,,,,,2,
PowerShell,201805,1.7743055555555558,0.40942028985507245,0.04166666666666667,0.737269769797238,11,0.6666666666666667
Fennel,202311,1.0,,0.0,0.7896900821428474,2,1.0
Smarty,201804,0.0,1.0,,,2,1.0
Clojure,201908,0.29375000000000007,0.75,0.0,0.6089565216706585,8,1.0
CMake,201811,0.045454545454545456,,,0.9182958340544894,5,1.0
ShaderLab,202406,,,,,3,0.0
XSLT,201903,0.30952380952380953,1.0,0.0,0.961236604722876,4,
Emacs Lisp,202105,2.344155844155844,0.15,0.0,0.6409678440840991,18,0.75
Groovy,202409,0.12081128747795414,1.0,0.0,0.4887089087640858,9,
D,202002,0.0,,,,1,
OCaml,201909,0.16666666666666669,,0.0,0.9182958340544894,8,0.0
G-code,202503,0.0,,,,1,
TeX,202309,0.027014652014652012,0.6666666666666667,0.0,0.5,20,0.16666666666666669
MDX,202412,2.559981684981685,0.6636904761904762,0.016666666666666666,0.8464172060082763,16,0.30769230769230765
LLVM,202211,0.0,,,,3,
EJS,202505,0.0,1.0,,,4,
TeX,201901,0.1680544086613451,0.29411764705882354,0.0,0.4933914878328319,13,0.8749999999999999
Emacs Lisp,201810,0.32720588235294124,0.13333333333333336,0.0,0.29223769348862905,13,0.6666666666666667
Common Lisp,202404,0.0,,,,5,
Standard ML,201905,0.0,,,,1,
Jai,202502,0.0,,,,1,
AngelScript,202307,0.0,,,,1,
TSQL,201810,0.0,1.0,,,3,
Beef,202505,0.0,,,,1,
ASL,202201,1.0,,0.0,0.0,4,0.0
Verilog,201908,0.15499530956848032,0.5,0.0,0.24064269829578744,6,1.0
Zig,202302,0.25,1.0,0.0,1.0,4,
Monkey C,202401,0.0,1.0,,,1,
VBScript,201912,0.5,,,0.0,2,0.0
ShaderLab,201908,0.0,,,,1,
PLpgSQL,201809,1.25,1.0,0.0,0.9602297178607612,2,
Groovy,202208,0.08950617283950618,1.0,0.0,0.9991421039919088,11,0.0
Groovy,202310,0.2361111111111111,0.8,0.0,0.49273764861366715,12,0.0
F#,202005,0.0,,,,3,0.0
CMake,202407,0.025000000000000005,1.0,0.0,0.0,12,0.5
F#,202101,0.0625,0.0,0.0,0.0,5,1.0
ShaderLab,202207,0.06666666666666668,,0.0,0.0,4,1.0
Haskell,202310,0.3919120785317969,0.9803921568627451,0.0,0.38326768676868944,17,1.0
Sass,201812,0.0,,,,1,
OpenSCAD,202211,0.0,,,,2,
LookML,202001,0.0,,,,2,
Dart,201903,1.453846153846154,0.6,0.0,0.7571456350709805,16,0.6153846153846153
Liquid,202206,0.23076923076923078,0.8,0.0,0.8576740577818447,4,0.5
BitBake,202407,0.0,,,,3,
Scheme,202408,0.0,,,,4,0.0
Odin,202405,0.0,1.0,,,1,
Astro,202207,0.011904761904761904,1.0,,0.0,8,0.0
OpenEdge ABL,201905,0.0,,,,1,
Haskell,201902,0.4847081930415264,0.6875,0.0,0.41878476046515034,12,0.6
Zig,202305,0.0,1.0,,,2,0.0
Julia,201802,0.19387755102040818,0.25,0.0,0.33333333333333337,10,0.6666666666666666
Less,202412,0.0,,,,2,
SQF,202502,0.0,,,,1,
Emacs Lisp,202206,0.8116786140979689,0.696969696969697,0.03076923076923077,0.730496220975448,19,0.7
Roff,202112,0.4444444444444444,0.5,0.0,0.0,3,1.0
Bicep,202410,0.0,1.0,,,2,
SWIG,202305,0.0,,,,1,
reStructuredText,201808,0.0,,,,1,
Smali,202501,0.5,,0.0,1.0,1,
Processing,202301,1.75,,0.0,0.8699155297736259,2,
Zig,202503,0.13999999999999999,1.0,0.0,0.0,5,
Clojure,202305,0.0,1.0,,,6,
Svelte,202006,0.2275626159554731,0.5307692307692308,0.32727272727272727,0.926636731213897,8,0.2
Smalltalk,201910,0.0,,,,3,
HCL,202307,0.17934967029264537,0.7704081632653061,0.0625,0.3796609656516741,37,0.6666666666666666
Clojure,202308,0.0,1.0,,,6,
Smalltalk,202203,0.0,,,,1,
Squirrel,202211,0.0,,,,1,
q,202208,0.0,,,,1,
Astro,202411,0.17930884904569117,0.8045454545454546,0.0,0.3223979331833633,23,0.16666666666666669
ASL,201911,0.3333333333333333,,0.0,0.9182958340544894,1,1.0
MoonScript,202004,0.0,,,,1,0.0
EJS,202401,0.05333333333333333,0.8333333333333333,0.6666666666666666,0.8734790278701755,11,0.0
MDX,202307,0.49918684319605966,0.9242424242424243,0.0,0.8305397620268414,15,0.28571428571428575
ActionScript,202009,0.0,1.0,,,2,0.0
Ballerina,201807,0.0,1.0,,,2,
XSLT,202504,0.05,1.0,0.0,0.0,7,
EJS,202010,0.4,,0.0,0.0,5,
XSLT,202008,0.375,1.0,0.0,0.9591479170272448,9,0.0
F#,202011,0.02447552447552448,1.0,0.0,0.4999999999999999,5,
DM,202412,0.0,1.0,,,9,
Mustache,202105,1.4545454545454546,0.5,0.0,0.5297436758692482,2,
Go Template,202302,0.1875,0.0,0.0,0.9910760598382222,4,1.0
Twig,202311,0.6666666666666666,,0.0,0.8112781244591328,2,1.0
Mustache,202302,0.01358695652173913,1.0,,0.0,4,
Pascal,202303,2.5,,0.0,0.9602297178607612,8,0.6666666666666666
EmberScript,202404,0.7142857142857143,1.0,0.0,0.9709505944546688,1,
ASL,202401,1.0,,0.0,1.0,2,
Perl,201909,0.903793797348485,0.3888888888888889,0.1285714285714286,0.2375105625717507,18,0.4285714285714286
XSLT,201911,0.34635416666666663,1.0,0.3333333333333333,0.5869100466156938,8,0.5
MDX,202012,0.51754329004329,0.5068027210884354,0.015625,0.6684205373648872,5,0.6153846153846153
Mathematica,202406,0.0,,,,2,
Roff,202002,0.05,,0.0,0.0,4,1.0
Fluent,202405,0.0,1.0,,,1,
WGSL,202404,0.0,1.0,,,1,
Lua,201802,2.7272727272727275,1.0,0.0,0.4799867720111715,18,0.8571428571428572
SCSS,201812,0.052669552669552665,1.0,0.0,0.4324867603589636,23,0.2
CartoCSS,202204,0.0,,,,1,
ReScript,202002,0.0,1.0,,,1,0.0
ZenScript,202304,0.058823529411764705,,0.0,0.0,2,0.4
Vim Script,201804,0.6583333333333333,0.16666666666666666,0.0,0.3917907069316259,10,0.6923076923076923
Solidity,202109,0.09732142857142856,1.0,0.0,0.0,9,0.0
ZAP,202304,3.076923076923077,0.4,0.23529411764705882,0.8952932449939204,1,0.0
CoffeeScript,202203,0.0,,,,4,
SCSS,201910,0.08789644890214149,0.8541666666666667,0.25,0.7905079270910247,32,0.33333333333333337
SQLPL,201805,0.02631578947368421,1.0,0.0,1.0,1,
mcfunction,202406,0.17142857142857143,1.0,0.0,0.4999999999999999,2,0.8571428571428572
Fennel,201910,1.2380952380952381,0.0,0.3333333333333333,0.6688595574910299,1,1.0
AutoHotkey,202109,0.5,,0.0,0.0,3,1.0
OCaml,201906,0.26562500000000006,0.25,0.0,0.33333333333333337,11,1.0
DM,202109,0.0037807183364839316,0.8,0.4,0.8856014073204163,7,1.0
Squirrel,202109,0.2,,0.0,0.7219280948873623,1,
Ballerina,201810,0.0,,,,2,
Scheme,202206,0.0,,,,4,
Cairo,202407,0.0,1.0,,,1,
ZAP,202410,3.25,0.5,0.35294117647058826,0.7430843480431422,1,0.75
TSQL,202404,0.0,1.0,,,2,
DM,202306,0.0,1.0,,,5,
Nunjucks,202105,0.004901960784313725,1.0,0.0,0.0,6,0.0
Liquid,202310,0.017241379310344827,0.75,0.0,1.0,4,0.0
Perl 6,201910,0.0,,,,1,
LLVM,202407,0.3333333333333333,,0.0,0.9999999999999998,3,
Svelte,201908,0.23199472096530918,0.7660818713450293,0.25,0.6780333031298418,4,0.8571428571428572
Fluent,202312,0.0,1.0,,,1,
ABAP,202109,0.0,,,,2,
SWIG,201903,0.0,,,,1,
Nix,201802,0.0,,,,1,
Nix,202402,0.24234995773457307,0.8125,0.0,0.3807128420016425,15,0.6
PLpgSQL,202505,0.0,,,,2,
Assembly,202109,0.0,,,,5,0.0
Sass,202307,0.0,,,,1,
TSQL,201904,0.029556650246305417,1.0,,0.0,8,0.0
Solidity,202211,0.20287377911344853,0.7666666666666667,0.0,0.8818968447351407,13,0.36363636363636365
WebAssembly,202105,7.0,,0.0,0.9337851376692216,2,1.0
Common Lisp,202203,0.0,,,,5,
OCaml,202011,1.4598968320886068,0.4814814814814815,0.05106382978723404,0.7378027437036087,11,0.7499999999999999
D,202210,0.235,0.75,0.0,0.6132343290652621,3,0.4285714285714286
JSON,202311,0.019669809834743916,0.6666666666666666,0.0,0.0,4,
Markdown,202109,0.006993006993006994,,,0.0,3,
Gherkin,202205,0.6574074074074074,0.46875,0.0,0.336000081365594,2,
Gherkin,201903,0.8210526315789474,0.3723404255319149,0.22857142857142856,0.49650320773605927,1,1.0
Roff,202209,0.0,,,,3,
Pug,202206,0.0,,,,2,
Hack,202203,0.0,,,,1,
Vim Script,202009,1.0350877192982455,1.0,0.0,0.9114371055474944,25,0.75
Stylus,202202,0.0,,,,3,
ABAP,202305,0.0,1.0,,,2,0.0
Handlebars,202403,0.0,,,,2,
PLpgSQL,202303,0.038461538461538464,1.0,,0.0,2,0.0
Emacs Lisp,202102,0.37004662004662,0.3,0.0,0.9533134726547225,12,0.5454545454545454
CMake,202412,0.6666666666666667,0.0,0.0,0.0,6,
Haskell,202003,0.6829290206648697,0.9464285714285714,0.0,0.7375523360930454,12,0.6666666666666666
Smarty,202301,0.0,1.0,,,5,0.0
XSLT,202206,0.0,1.0,,,5,0.0
Verilog,202503,,,,,10,
D,202209,0.2288135593220339,0.3333333333333333,0.0,0.7448610818068366,4,0.5
AGS Script,202107,,,,,1,
Elm,202011,,,,,2,
CMake,202104,0.75,0.5,0.0,0.9967916319816367,6,0.0
Erlang,202002,0.22499999999999998,0.8333333333333334,0.0,0.4591479170272447,6,0.0
Scala,201802,0.38953741735123226,0.6587012987012987,0.05000000000000001,0.44400091819311854,17,0.5263157894736842
HCL,202010,0.08129545522011458,0.8653061224489796,0.0,0.9286406611572143,14,0.45454545454545453
D,201805,,,,,1,
Scheme,202406,0.0,,,,2,
Metal,202506,,,,,1,
Jinja,202305,0.025,0.6666666666666667,,0.0,11,0.0
Smarty,202001,0.0,1.0,,,3,0.0
Puppet,202209,,,,,1,
Smarty,202211,0.0,1.0,,,6,
Racket,202308,,,,,1,
Pawn,202406,,,,,1,
OpenSCAD,202106,,,,,2,
Smalltalk,202008,,,,,3,
1C Enterprise,202107,,,,,2,
Elixir,202406,1.6076923076923078,0.6904761904761905,0.0,0.6807896272575492,20,0.6666666666666666
Processing,202407,0.0,,,,3,
SQL,202502,,,,,1,
Tcl,202301,0.0,,,,3,
Svelte,202405,0.26261853528578877,0.9665653495440729,0.125,0.7460956427362028,20,0.5
XSLT,202405,0.2833333333333333,1.0,,0.0,7,0.0
Logos,202402,1.25,0.5,0.0,0.6666666666666666,4,0.28571428571428575
Julia,201907,0.4067014106019051,0.48737373737373735,0.10555555555555557,0.6581076543230071,10,0.8
Pascal,201910,0.25,1.0,0.0,0.0,8,0.0
D,201811,,,,,2,
PostScript,202105,1.5,,0.0,0.9182958340544894,5,1.0
Cypher,202101,,,,,1,
Emacs Lisp,202403,0.5498168498168499,0.1875,0.0,0.8990564705904986,18,0.8333333333333334
Lua,201812,0.17716262975778546,1.0,0.0,0.4591479170272447,26,0.0
CMake,202311,0.3076923076923077,0.8666666666666667,0.0,0.9446232142545792,15,0.5
Emacs Lisp,201908,0.7863911845730027,0.36111111111111116,0.02631578947368421,0.4893733301261588,15,0.7000000000000001
GLSL,202210,1.0,,,0.0,1,
Elixir,201801,0.52,,0.0,0.0,10,1.0
Erlang,201808,0.0,,,,2,
ShaderLab,201909,0.0,,,,2,
GDScript,202111,0.016129032258064516,1.0,0.0,0.0,4,0.0
Objective-C++,202011,,,,,1,
Cuda,202506,2.0,,0.0,1.0,1,
Reason,202108,0.0,,,,3,
TeX,202203,0.0,0.8333333333333334,,,20,0.5
q,202501,,,,,1,
SystemVerilog,202206,0.0,,,,2,
Fortran,202012,4.875,0.6428571428571428,0.047619047619047616,0.7883512270402369,5,1.0
Verilog,202401,0.15000000000000002,0.6666666666666666,0.0,0.9182958340544894,9,1.0
Pascal,202311,0.08333333333333333,1.0,0.0,0.0,8,0.16666666666666669
Processing,201909,2.0,,0.0,0.8868595071429147,3,
Batchfile,202301,2.0550595238095237,0.6944444444444444,0.0,0.6691500753514068,8,1.0
Reason,201803,11.0,,0.0,0.7455574250275929,2,0.5
Monkey C,202311,0.0,1.0,,,2,0.0
Less,202411,,,,,2,
EmberScript,202408,5.0,,0.0,0.9609640474436812,1,1.0
Astro,202212,0.0,1.0,,,7,1.0
Logos,202409,3.0,,0.0,0.9182958340544894,2,0.0
EJS,201810,0.08333333333333333,,,0.0,3,
BitBake,201905,3.0,,0.0,0.9182958340544894,1,0.0
EJS,201904,0.0,0.0,,,3,0.0
Less,202408,1.0,,0.0,0.0,2,1.0
Verilog,202504,0.16666666666666666,1.0,,0.0,9,
BitBake,201907,19.0,,0.0,0.7463586831060366,1,0.5
Logos,202303,,,,,2,0.0
PostScript,202012,0.0,1.0,,,2,0.0
Less,202007,0.8,0.0,0.0,1.0,5,1.0
Batchfile,202406,0.26666666666666666,1.0,0.0,0.8112781244591328,7,1.0
Dockerfile,201809,0.10011148272017838,0.6296296296296297,0.0,0.5749446971685865,15,0.375
OCaml,202311,0.08589926865145958,0.888888888888889,0.0,0.4720677932684559,14,0.4
PureScript,202008,0.0,,,,2,
Perl,202402,0.6241830065359477,0.6666666666666666,0.0,0.5970456272068503,22,0.4
TeX,202308,0.009259259259259259,1.0,,0.0,15,
TeX,202012,0.19047619047619047,1.0,0.0,0.4955380299191111,16,0.0
CartoCSS,202410,0.0,,,,1,
Less,202108,0.25,,0.0,0.0,4,0.0
Smarty,201902,0.13333333333333333,1.0,0.0,0.0,3,
LilyPond,202106,0.0,,,,1,
GLSL,202308,0.6666666666666666,1.0,0.0,0.0,4,1.0
Verilog,202201,1.0,,0.0,0.0,7,1.0
LLVM,202204,3.683333333333333,0.95,0.0,0.4191842575130332,3,0.0
Roff,202412,0.0,1.0,,,2,
Visual Basic .NET,202401,0.0,,,,2,
Verilog,202203,0.5,,0.0,0.946394630357186,8,1.0
MoonScript,202009,1.0,,0.0,1.0,1,1.0
1C Enterprise,202108,0.0,,,,2,
BitBake,202502,0.2857142857142857,,,0.0,2,
Common Lisp,202311,0.16666666666666666,0.0,0.0,0.0,4,1.0
NSIS,201901,0.5,,0.0,0.0,1,
Assembly,202408,0.13690476190476192,,0.0,0.0,8,1.0
Jinja,202307,0.03684210526315789,0.7,0.0,0.7559279292634754,12,
POV-Ray SDL,201811,0.0,,,,1,
HCL,201802,0.6904761904761905,0.625,0.0,0.4603099178571525,3,0.6666666666666666
PLpgSQL,202402,0.25,0.5,,0.0,2,0.0
EmberScript,202111,1.0,,0.0,1.0,1,
LLVM,202312,0.05555555555555555,0.6666666666666666,0.0,0.7896900821428474,3,
Julia,202003,0.5316945772005255,0.30006224712107066,0.1994949494949495,0.6837105412197202,18,1.0
PLSQL,202308,0.0,,,,1,
Fortran,201904,0.0,,,,2,
AMPL,201908,0.0,,,,1,
Svelte,202505,0.11058251148311116,0.858974358974359,0.33333333333333337,0.6063400168722255,18,
XSLT,202202,0.058823529411764705,1.0,0.0,0.6500224216483541,8,
TSQL,202311,0.0,,,,2,
OpenSCAD,202111,0.0,,,,3,
XSLT,202302,0.05714285714285714,0.5,0.5,0.920619835714305,7,
ShaderLab,202304,1.75,,0.0,0.0,5,1.0
EmberScript,202011,0.0,1.0,,,1,
Scala,201804,0.3630952380952381,0.5499999999999999,0.06060606060606061,0.6567013179374691,16,0.4285714285714286
Monkey C,202405,0.3333333333333333,1.0,,0.0,2,
Roff,201901,0.23015873015873015,0.5,0.0,0.0,3,0.5
Scala,201911,0.2604342432717719,0.7940476190476191,0.1111111111111111,0.5986275655012511,28,0.5555555555555556
Visual Basic .NET,202104,0.0,,,,1,
Smarty,202002,0.026058631921824105,0.25,0.6666666666666666,0.8620485698650452,2,1.0
Objective-C,202011,2.764285714285714,0.5,0.0,0.4227521759735891,28,0.875
Tcl,201808,0.0,1.0,,,2,0.0
PLpgSQL,202006,0.3333333333333333,,0.0,0.0,3,
Nextflow,202201,0.0,,,,1,
Less,202005,2.5,1.0,0.0,0.8649735207179272,2,1.0
Makefile,201910,0.0,1.0,,,12,0.0
Smalltalk,201804,0.0,,,,2,
Jinja,201807,0.2507751937984496,0.6666666666666666,0.0,0.612197222702993,5,
Jinja,201902,1.25,1.0,0.0,0.9609640474436812,4,1.0
Erlang,202107,0.6933333333333334,0.6666666666666667,0.0,0.6928769605799734,6,1.0
Clojure,202310,0.0,,,,9,
Clojure,202406,0.0,1.0,,,8,0.0
Smalltalk,202012,0.0,1.0,,,4,0.0
Vim Script,202111,0.5583333333333333,0.6666666666666666,0.0,0.5796998496284369,17,0.875
OCaml,202405,0.0636574074074074,0.7047619047619048,0.0,0.4582582215998012,9,0.0
Inform 7,202202,0.0,,,,1,
HCL,202206,0.3714389389389389,0.6769230769230768,0.011428571428571427,0.7690028263498083,33,0.6470588235294118
Cuda,201806,0.0,,,,2,
Forth,202208,0.0,,,,1,
TeX,202006,0.0,1.0,,,20,
Haskell,202307,0.16666666666666666,1.0,0.0,0.0,12,0.0
Visual Basic,201804,0.0,1.0,,,1,
HCL,201907,0.8620071684587814,0.9090909090909092,0.0,0.7863250252000916,10,0.0
Fortran,202101,1.525,0.875,0.0,0.23247551470138444,6,1.0
R,202407,0.34159168530365286,0.8080357142857142,0.039999999999999994,0.4728085688891978,77,0.4666666666666667
Bicep,202204,0.0,1.0,,,1,
Nim,202203,0.525,0.2692307692307692,0.0,0.8275598532189093,6,1.0
Less,201908,1.4090909090909092,0.0,0.0,0.7067601004745924,2,0.5
Jsonnet,202003,0.0,,,,1,
Nix,202203,0.33333333333333337,0.75,0.0,0.41553339303277026,7,1.0
Crystal,201802,0.6666666666666666,1.0,0.0,0.8112781244591328,2,0.0
Ballerina,201910,0.0,,,,1,
Rich Text Format,202012,0.0,1.0,,,3,
YARA,202304,0.0,,,,1,
Common Lisp,201906,0.1111111111111111,,0.0,0.0,3,
Rich Text Format,202001,0.5,,0.0,0.0,2,0.0
Gleam,202503,0.15384615384615385,0.75,0.0,0.946394630357186,2,
Assembly,202409,0.0,1.0,,,3,
Vim Script,202101,1.1720779220779223,0.6666666666666666,0.0,0.5270782966003705,20,0.875
XSLT,201810,2.1267857142857145,0.7222222222222222,0.0,0.5181073539410346,6,0.8333333333333334
Liquid,202402,0.25,0.6666666666666666,0.0,0.9591479170272448,4,
Fennel,201904,0.7272727272727273,0.0,0.0,0.9854752972273345,1,1.0
Lean,202406,0.0,,,,1,
Mathematica,201905,0.0,1.0,,,1,0.0
Jinja,202403,0.4334140435835351,0.9333333333333333,0.0,0.4591479170272447,8,0.0
Svelte,202112,0.5659170098194488,0.7904109589041096,0.2126984126984127,0.5414889105384886,12,0.3947368421052632
HCL,202106,0.19766959246864685,0.8546831955922864,0.057142857142857134,0.553128276856019,25,0.45454545454545453
mcfunction,202301,0.0,,,,1,
Clojure,202004,0.37936507936507935,0.7333333333333334,0.1111111111111111,0.2917520867505103,7,0.6666666666666666
UnrealScript,202007,0.0,,,,1,
Perl,201903,1.0615436926215571,0.0,0.0,0.9388436369887564,20,1.0
ZenScript,202308,0.18527667984189725,1.0,0.0,0.4731325936109004,2,0.33333333333333337
MDX,202111,0.79831256490135,0.4242424242424242,0.02222222222222222,0.8290398309269145,6,0.5833333333333334
XSLT,202207,0.1282051282051282,,0.0,0.9709505944546688,6,
Solidity,202011,0.2678571428571428,,0.0,0.0,6,1.0
Nextflow,202503,1.7142857142857144,0.16666666666666669,0.0,0.706349380058629,9,
Haml,202103,0.0,,,,1,
PowerShell,201910,2.228395061728395,0.5833333333333333,0.0,0.601041506941597,16,0.8
EJS,202404,0.0,,,,6,
Haskell,201909,0.24770408163265306,0.7424242424242424,0.2,0.22729553979737396,17,1.0
G-code,202208,0.06666666666666667,,0.0,1.0,1,
Solidity,201807,0.5111111111111111,0.38461538461538464,0.38095238095238093,0.7733508726158909,3,1.0
Haxe,202112,0.2631578947368421,0.0,0.0,0.8077398907785025,2,1.0
ZAP,202305,4.823529411764706,0.29411764705882354,0.07407407407407407,0.8188103131023912,1,0.8333333333333334
D,202204,0.09782608695652174,1.0,0.0,0.8288713632524444,2,0.6666666666666667
Zig,202108,0.0,1.0,,,2,0.0
Raku,201801,0.0,,,,1,
DM,202101,0.00110803324099723,1.0,0.0,0.0,5,0.0
MATLAB,201810,0.07142857142857142,1.0,,0.0,12,
Apex,202309,0.0,,,,2,
Game Maker Language,202111,0.0,,,,1,
Twig,202202,0.0,,,,4,0.0
Ballerina,201911,0.0,,,,1,
Julia,202401,0.8646692416635804,0.8253968253968254,0.0,0.804670586371042,23,0.5
Common Lisp,202202,0.0,1.0,,,4,
WebAssembly,202002,0.0,,,,1,
DM,202403,0.0,1.0,,,5,
Markdown,202207,0.01636585958283379,,,0.0,8,
Assembly,202002,0.005076142131979695,,0.0,0.5,4,0.5
Component Pascal,202303,0.0,,,,1,
DM,202409,0.14285714285714288,1.0,,0.0,7,
Julia,202412,0.8173134482803225,0.8450413223140495,0.11428571428571431,0.5741562682441992,24,0.5
Handlebars,202109,0.07142857142857142,0.0,0.0,0.9182958340544894,3,1.0
reStructuredText,202312,0.0,,,,1,
Jinja,202312,0.47707231040564363,0.5,0.0,0.7091479170272448,11,0.5
Riot,202101,0.0,,,,1,
Astro,202012,0.019632414369256473,1.0,0.0,0.0,8,
XSLT,202312,0.75,0.0,1.0,0.4591479170272447,6,0.0
Tcl,202006,0.0,,,,2,
TSQL,201912,0.0,1.0,,,13,0.0
Cirru,202401,0.0,,,,1,
Assembly,202502,0.32142857142857145,0.8,0.0,0.9591479170272448,9,
Fortran,202201,1.1797752808988764,0.5,0.11764705882352941,0.841287516395536,7,0.0
XSLT,202212,0.0,,,,7,
Go Template,202501,0.16666666666666669,1.0,0.0,0.0,6,
Pascal,201909,0.0,,,,5,
GDScript,202408,0.0,1.0,,,6,0.0
ShaderLab,202305,0.0024691358024691358,1.0,,0.0,6,0.0
Modelica,201912,,,,,1,
Scala,202212,0.3943722943722943,0.8333333333333334,0.0,0.2907296384583282,41,0.6666666666666666
Emacs Lisp,202011,0.6979604341736695,0.4166666666666667,0.0,0.5371092898801297,17,0.8124999999999999
Stylus,202101,0.0,,,,3,
Nim,202309,3.610526315789474,0.07936507936507936,0.3333333333333333,0.7174434353479966,6,
VHDL,202408,,,,,4,
Vala,201906,,,,,1,
AutoHotkey,202208,0.0,,,,5,
PowerShell,201809,1.75,0.6,0.0,0.5692932013493737,12,0.75
VBA,202506,,,,,1,
Haskell,202102,0.5618773096821879,0.6666666666666666,0.125,0.8252342872170468,14,0.5
Groovy,202312,0.0,1.0,,,10,0.0
AngelScript,202301,,,,,1,
Erlang,201911,0.8,0.5,0.0,0.5,7,0.5
Nix,202307,0.12001723766429649,0.5,0.0,0.2531457129836528,10,0.6666666666666667
Racket,202203,,,,,2,
Solidity,202408,0.07876712328767123,0.7857142857142857,0.5,0.6596688021579397,8,0.25
OCaml,201907,0.9090909090909091,0.0,0.0,0.5620927081530442,13,0.5
Cuda,202210,0.0,,,,3,
GAP,201911,0.0,,,,2,
PureScript,202108,0.0,,,,5,
Smarty,202003,0.0,,,,3,
Mathematica,202101,,,,,1,
Nim,202005,0.0,1.0,,,4,
Visual Basic,202303,,,,,1,
Cypher,202211,,,,,1,
Visual Basic,202107,0.0,,,,2,
reStructuredText,202104,,,,,1,
Roff,202408,,,,,2,
Verilog,202208,0.0,1.0,,,10,1.0
Typst,202303,,,,,1,
ShaderLab,202203,1.0,,0.0,1.0,6,1.0
OpenSCAD,202002,0.0,1.0,,,2,0.0
Elixir,202408,0.5712121212121213,0.8333333333333334,0.0,0.4902410118609203,17,1.0
PostScript,202111,0.0,,,,5,
OpenSCAD,202209,0.0,1.0,,,2,0.0
Erlang,202402,0.5,0.0,0.0,0.0,3,
q,201903,,,,,1,
Tcl,201810,0.5,,0.0,0.0,2,1.0
GLSL,202207,0.7666666666666666,1.0,0.0,0.5,5,
Jinja,202011,0.09722222222222222,0.9,0.6666666666666666,0.8699155297736259,10,0.0
Dockerfile,201910,0.5793650793650793,0.375,0.0,0.8326069750927313,19,0.7142857142857143
Twig,202310,0.0,0.0,,,1,0.0
Gleam,202506,1.5,1.0,0.0,0.9182958340544894,2,
GLSL,202108,0.07142857142857142,,0.0,0.0,3,
HCL,201807,0.4625,0.0,0.0,0.43156028428331555,7,
Stata,202107,,,,,1,0.0
PostScript,201808,,,,,2,
SystemVerilog,201808,,,,,1,
CUE,202312,0.0,1.0,,,1,0.0
Emacs Lisp,202009,1.093939393939394,0.2,0.0,0.8617696130149146,14,0.9166666666666666
CMake,201906,0.33333333333333337,,,0.0,5,
Stylus,202012,0.0,,,,3,
Perl,201806,0.10682234432234433,0.35,0.25,0.36907018732448726,16,0.5
Zig,202403,0.0,,,,5,
EmberScript,202109,26.0,0.0,0.0,0.752005808291196,1,
ActionScript,201903,9.0,,0.0,0.965633607142825,2,
Assembly,201910,0.5,0.0,0.0,0.0,3,0.5
CoffeeScript,201906,1.0098039215686274,1.0,0.0,0.0,6,0.0
Emacs Lisp,201805,0.7142857142857143,0.0,0.0,0.9602297178607612,11,1.0
Markdown,201909,0.0,,,,1,
DM,202411,0.0,1.0,,,8,
RMarkdown,202108,0.0,,,,1,
Elm,202303,0.0,,,,1,
SCSS,201805,0.6545454545454545,0.6000000000000001,0.16666666666666666,0.3812187867252526,12,1.0
Assembly,202012,0.03882783882783883,,0.0,0.0,6,1.0
Vala,202103,1.5,,0.0,0.9182958340544894,1,
GLSL,201802,0.0,1.0,,,1,
F#,201801,2.0,,0.0,1.0,1,
1C Enterprise,202106,0.0,,,,2,
Dockerfile,201901,0.12037037037037035,0.875,0.0,0.9577135598377112,16,0.5
PowerShell,202106,0.5332080200501254,0.9473684210526316,0.016,0.44806499866943755,21,0.9189189189189186
EmberScript,202405,1.0,,0.0,0.9182958340544894,1,
Solidity,201811,0.7083333333333334,0.6666666666666666,0.0,0.8479478236453453,3,0.0
Elm,201905,4.5,1.0,0.0,0.8288713632524444,1,1.0
Twig,202208,0.5555555555555556,1.0,0.0,0.7219280948873623,3,0.0
Dart,201811,0.33333333333333337,1.0,0.0,0.0,3,0.33333333333333337
Haskell,202205,1.0459183673469385,0.6,0.0,0.4371634421025439,11,0.0
Twig,201906,0.5,1.0,0.0,1.0,2,1.0
Objective-C,201901,2.7704190118824266,0.8214285714285715,0.0,0.5683728107049628,24,0.2777777777777778
Common Lisp,201805,0.4166666666666667,,0.0,0.473197315178593,4,
Zig,202308,0.33148967551622416,0.5797101449275361,0.2,0.7915717031366782,3,0.8
Jupyter Notebook,201804,1.012656902425337,0.6824324324324325,0.0,0.3703330682203674,51,0.6315789473684212
Bicep,201908,0.3333333333333333,0.3333333333333333,0.0,0.0,1,1.0
UnrealScript,202402,0.0,,,,1,
CMake,202201,0.6875,1.0,0.0,0.5,9,0.3333333333333333
Vim Script,202301,0.9999999999999999,,0.0,0.8787160956104283,16,1.0
Lua,201804,0.0,1.0,,,21,0.0
Verilog,202112,0.0,1.0,,,7,
Smalltalk,201906,0.07142857142857142,1.0,0.0,0.0,4,1.0
Smalltalk,201908,0.0,,,,3,
Rust,201802,0.592257065427797,0.30000000000000004,0.013793103448275862,0.5286083545100593,21,0.8333333333333333
CMake,202204,0.25,,0.0,0.0,7,0.0
Vim Script,202303,2.131944444444445,1.0,0.0,0.5950391716047763,18,0.6666666666666666
AutoHotkey,202409,0.5,,0.2857142857142857,0.7442626474488743,4,0.0
IDL,202404,0.0,1.0,,,1,0.0
Monkey C,202012,0.0,1.0,,,1,
D,202305,0.375,0.7,0.0,0.8876198327001701,4,0.6666666666666667
SourcePawn,202211,2.75,0.0,0.0,0.43949698692151334,1,
HCL,201804,0.04090909090909091,0.975,0.0,0.9591479170272448,6,0.33333333333333337
ASL,202103,1.375,,0.0,0.9999999999999999,3,0.0
Fennel,202205,0.7916666666666667,0.5,0.0,0.9401237574415494,2,0.5
GLSL,202104,0.0,1.0,,,3,
Agda,202408,0.0,,,,1,
Visual Basic .NET,201904,0.0,,,,1,
Scilab,202201,0.0,,,,1,
Mathematica,201911,0.0,,,,1,
LilyPond,202403,0.0,,,,1,
Squirrel,201909,0.0,,,,1,
Go Template,202412,0.09821428571428573,0.8666666666666667,0.4,0.8708419470045384,7,1.0
Rich Text Format,202312,0.0,,,,1,
Erlang,201807,0.13333333333333336,0.5,0.0,0.0,4,0.33333333333333337
Batchfile,202012,0.583673469387755,0.0,0.08333333333333333,0.47197855081889595,7,1.0
LLVM,202311,0.047619047619047616,,0.0,0.0,3,
Apex,202504,0.0,1.0,,,1,
BitBake,202201,0.0,,,,1,
Haxe,202108,6.0,0.0,0.0,0.9182958340544894,2,1.0
PureBasic,202411,0.0,1.0,,,1,
Haskell,202107,0.19882653061224487,0.8088888888888889,0.16666666666666669,0.7525883185562494,13,0.5
Nushell,202308,0.0,1.0,,,1,
Astro,202201,0.0,1.0,,,9,
AMPL,202005,0.0,,,0.0,1,
VHDL,202107,0.0,,,,3,
Fennel,202211,0.09090909090909091,,0.0,0.0,2,
FreeMarker,201909,0.0,,,,1,
FreeMarker,201912,0.0,,,,1,
DM,202210,0.0,,,,4,
Makefile,201809,0.2650531286894923,1.0,0.0,0.0,14,0.0
Assembly,201812,0.0,,,,3,
SQF,202201,0.14285714285714285,0.5,0.0,0.0,1,0.5
RAML,202002,0.7142857142857143,1.0,0.0,0.9609640474436812,1,1.0
Dart,201805,0.3286796536796537,0.4,0.16666666666666666,0.6698212893862694,5,1.0
Nix,202202,0.5172413793103448,0.5,0.26666666666666666,0.7995518849455928,5,
F#,201902,0.0,,,,3,
Smarty,202107,0.0,,,,2,
HCL,202004,0.41820333880678706,0.8957142857142857,0.2037037037037037,0.5192579444326578,18,0.23076923076923078
Visual Basic 6.0,202007,0.0,,,,1,
CMake,202209,0.0,,,,6,
RMarkdown,202306,0.0,,,,1,
Squirrel,202003,0.0,,,,1,
Elixir,202208,0.1802562174667438,0.5925925925925927,0.0,0.41602951899042695,25,0.4
EJS,202301,0.09090909090909093,1.0,0.0,0.0,12,1.0
IDL,201902,0.05263157894736842,0.75,0.0,0.0,1,
Elixir,201902,0.09142678600225772,0.7166666666666667,0.0,0.22675455190728472,12,0.6666666666666666
Squirrel,202105,0.0,,,,1,
Elm,201811,0.0,1.0,,,1,
Nim,202102,0.0,,,,6,
Crystal,202403,0.0,,,,3,
Game Maker Language,202312,0.0,1.0,,,1,0.0
Assembly,202402,0.005291005291005291,1.0,,0.0,14,
Tree-sitter Query,202109,1.75,0.4,0.0,0.7833012203623712,1,1.0
DM,202505,0.0,1.0,,,8,
Scilab,202108,0.0,,,,1,
FreeMarker,201910,0.0,1.0,,,1,
Common Workflow Language,202003,0.0,,,,1,
Smali,202301,0.13333333333333333,,0.0,0.0,1,
PLpgSQL,201903,1.3333333333333333,1.0,0.0,1.0,3,1.0
LookML,202011,0.0,,,,2,
Gleam,202311,0.0392156862745098,1.0,0.0,1.0,3,
DM,202311,0.0,1.0,,,5,
Lua,201810,1.1824287280701753,0.625,0.0,0.5897626229780677,21,0.4285714285714286
Vue,201805,0.2614285714285714,1.0,0.0,0.6121972227029929,16,0.8
VHDL,202202,1.0227272727272727,0.8571428571428571,0.0,0.5,5,0.0
Lean,202312,1.0869565217391304,1.0,0.0,0.7309629290050981,1,
Component Pascal,202307,0.0,,,,1,
Fortran,202109,1.77,0.4583333333333333,0.043478260869565216,0.7823497658936658,4,0.5
Fennel,202404,0.32653061224489793,0.0,0.0,0.6958688724473058,2,1.0
ReScript,202208,0.0,,,,2,
F#,202311,0.8,0.5,0.0,1.0,5,1.0
reStructuredText,202405,0.0,,,,1,
CartoCSS,201907,0.0,,,,1,
Haxe,202402,0.2281355622544989,0.6666666666666666,0.0,0.6121972227029929,3,0.6666666666666666
Luau,202306,0.07142857142857142,,,0.0,1,0.0
Assembly,201802,0.0,,,,1,
Fortran,202102,1.9393939393939392,0.5416666666666666,0.11764705882352941,0.7573471630903523,6,1.0
Rich Text Format,201902,0.0,1.0,,,2,
Fluent,202409,0.0,1.0,,,1,
Elixir,202107,0.22,0.9545454545454546,0.0,0.720780572634524,19,0.0
Go Template,202405,0.13636363636363635,1.0,0.0,1.0,4,
GLSL,202306,1.161290322580645,0.7,0.3333333333333333,0.8240712666082934,4,
Bikeshed,202402,5.5,0.5,0.0,0.8787409903782898,2,0.5
Nextflow,201911,0.0,,,,1,
Jinja,202012,0.027777777777777783,0.5,0.0,0.0,9,0.5
Elm,201803,0.0,1.0,,,3,0.0
Markdown,202408,0.001924876039746221,,,0.0,13,
JSON,202405,0.013187489101314183,1.0,,0.0,4,
JSON,202111,0.01946616943768236,0.8636363636363636,0.0,0.49638722699390414,2,
Markdown,202308,0.0014317819341742788,1.0,,0.0,11,
MDX,202207,0.7877233877233878,0.637202380952381,0.0125,0.5499337388213805,9,0.33333333333333337
Markdown,202501,0.011500363471170356,,,0.0,13,
Liquid,202107,1.1275167785234899,0.25,0.23529411764705882,0.7971164670061855,1,0.0
ZenScript,202003,0.34806629834254144,0.6666666666666666,0.0,0.617267501252803,1,0.9482758620689653
F#,202007,0.1,,0.0,0.0,6,1.0
Slim,202006,0.0,,,,1,
F#,202310,0.04435483870967742,1.0,0.0,0.9940302114769566,5,
Nunjucks,202103,0.02255639097744361,0.4666666666666667,0.0,0.9182958340544894,7,0.4
Blade,202211,0.008547008547008548,1.0,0.0,0.0,9,
CoffeeScript,202003,0.4642857142857143,0.8333333333333334,0.0,0.8609640474436812,11,0.0
Bikeshed,202502,1.0,,,0.0,2,
Pawn,202011,,,,,1,
CMake,202105,0.0,0.5,,,6,0.0
TeX,202206,0.0,1.0,,0.0,16,0.0
GLSL,202312,1.55,1.0,0.0,0.8999109788535566,4,
Standard ML,202103,,,,,1,
Batchfile,202211,1.2916666666666667,0.5,0.0,0.2794561716753554,11,0.5
ASL,202009,0.33333333333333337,,0.0,0.0,4,
Erlang,202405,,,,,2,
Solidity,202104,1.0833333333333333,0.55,0.0,0.7894666045520895,7,0.5
Haxe,202312,,,,,3,
AngelScript,202311,,,,,2,
OMNeT++ MSG,202505,,,,,1,
Liquid,202201,17.0,,0.0,0.9256134079485959,2,
Mustache,202402,0.0,,,,2,
OCaml,202412,0.5424660369753026,0.9264705882352942,0.0,0.6926723176508587,11,1.0
Objective-C,202411,1.1666666666666667,1.0,0.0,0.8775995985477909,15,0.5
Perl,202010,1.1653613053613054,0.5,0.3333333333333333,0.6332945113530718,19,0.25
WebAssembly,202203,2.0,,,0.0,1,
AutoHotkey,202106,,,,,3,
SQL,202208,,,,,1,
Jinja,202211,0.19871794871794873,0.8916666666666666,0.0,0.6345079900295802,11,0.4
ShaderLab,201912,0.5,1.0,0.0,0.946394630357186,2,0.6666666666666666
Nim,202409,2.85,0.0,0.2222222222222222,0.5952943578866102,3,1.0
Solidity,201903,0.4739164696611504,0.726027397260274,0.2,0.1824336022333913,5,
ZenScript,202404,0.2222222222222222,,0.0,0.9182323543154264,2,0.6666666666666666
EJS,201807,0.0,,,,3,
Astro,201911,0.4065934065934066,0.3333333333333333,0.0,0.9982559531239144,7,0.0
Nim,202003,0.0,,,,6,
1C Enterprise,202305,,,,,1,0.0
GAP,201912,,,,,1,
CoffeeScript,201807,1.6222222222222222,0.9411764705882353,0.0,0.941884837285119,8,
Visual Basic .NET,202506,,,,,1,
VBScript,202002,,,,,2,
Verilog,202101,0.5,1.0,0.0,0.7896900821428474,4,1.0
Haskell,202103,0.7115110720905278,0.7,0.15384615384615385,0.7622964309534604,15,0.75
1C Enterprise,202301,,,,,2,
Pascal,202401,0.0,,,,8,
Visual Basic,202010,,,,,1,
Verilog,202011,0.6785714285714286,1.0,0.0,0.7143973670023926,8,0.5
Jinja,202007,1.0474166506276599,0.5625,0.0,0.7507358343092729,7,0.4285714285714286
PowerShell,202101,0.2708333333333333,0.7,0.0,0.9315602842833155,16,0.5
VBScript,202308,0.0,1.0,,,2,0.0
KiCad Layout,202203,,,,,1,
OpenSCAD,202311,,,,,1,
Nix,202107,0.9473684210526315,0.3333333333333333,0.42857142857142855,0.8517131529347788,5,
Makefile,202006,1.468253968253968,0.6666666666666666,0.0,0.35085554672813357,19,0.5
TeX,202212,0.1038961038961039,0.6666666666666667,0.0,0.9182958340544894,18,0.3333333333333333
Vim Script,202411,1.7142857142857144,,0.0,0.9999999999999999,9,
PowerShell,201808,3.240909090909091,0.7083333333333334,0.07058823529411765,0.7128799164464046,11,0.5
Roff,202207,0.0,,,,4,
Racket,202307,,,,,1,
Elixir,201810,0.11523781926563731,0.375,0.0,0.2304566100675038,12,0.33333333333333337
Assembly,202101,0.16666666666666669,1.0,0.0,1.0,7,
SQL,202403,,,,,1,
Apex,201901,0.5,,,0.0,2,
GDScript,202308,0.16666666666666669,1.0,0.0,0.0,7,0.5
PureScript,202301,1.0,0.0,0.0,0.0,1,1.0
Clojure,201807,0.4,,0.0,1.0,7,
OCaml,202006,0.8472831612155659,0.6235431235431236,0.029411764705882353,0.6209809132288595,10,0.8
SystemVerilog,202505,0.3125,,0.0,0.8812908992306927,5,
Vim Script,202408,0.0,1.0,,,10,
Vue,201810,0.3795532245532245,0.8333333333333334,0.0,0.7215403961717195,33,0.7857142857142858
PureScript,201808,5.0,1.0,0.0,0.8427376486136672,2,0.0
PostScript,202009,0.0,,,,3,
PowerShell,201812,1.0,1.0,0.0,0.9591479170272448,9,1.0
Objective-C,202306,1.5625,,0.0,0.32032134914789373,15,0.5
Less,202312,0.25,,0.0,0.0,3,1.0
Bikeshed,202108,33.0,0.0,0.0,0.6414320240667364,1,1.0
XSLT,202003,0.6605392156862745,1.0,0.5,0.32408464278830895,8,1.0
Apex,202401,0.0,,,,2,
Roff,202304,0.0,,,,3,
AngelScript,202109,0.0,,,,2,
Mustache,202309,0.0,,,,3,
Tcl,202108,0.0,,,,1,
Vim Script,202503,0.2,1.0,0.0,1.0,13,
Smalltalk,202002,0.0,,,,3,
Emacs Lisp,201808,0.2,,0.0,0.0,11,0.5
OCaml,202105,0.28571428571428575,0.8,0.2857142857142857,0.8521616939187908,9,0.5
OpenSCAD,202011,0.0,,,,2,
Nim,202012,0.0,,,,6,
Cirru,201911,0.0,,,,1,
AutoHotkey,202302,0.0,,,,3,0.0
Visual Basic 6.0,202009,0.0,,,,1,
TSQL,202209,0.0,,,,7,
GAP,202201,0.0,1.0,,,2,
Papyrus,202309,0.0,,,,1,
QML,202106,0.5,1.0,,0.0,2,0.0
XSLT,202005,0.7222222222222222,0.75,0.3333333333333333,0.7864223135233349,8,0.5
Pascal,202112,0.36363636363636365,0.5,0.0,0.4591479170272447,10,1.0
Common Lisp,201905,1.5,,0.0,0.4324867603589636,5,1.0
Coq,202210,0.0,1.0,,,1,
ABAP,202406,0.0,,,,1,
PostScript,202112,0.3333333333333333,,0.0,1.0,4,
Stylus,202311,0.0,1.0,,,4,
Batchfile,202101,0.12083333333333335,0.25,0.0,0.3333333333333333,6,
TeX,201812,0.3011111111111111,0.41333333333333333,0.5,0.4431473697415892,12,0.7499999999999999
XSLT,202201,0.0,1.0,,,10,0.0
ZenScript,202306,0.07317073170731707,,0.0,0.9591479170272448,2,0.5
Jinja,202107,0.5520499108734405,0.85,0.0,0.7354915584674547,12,0.5
Nim,202310,1.8486394557823131,0.109375,0.3333333333333333,0.36623384819128424,6,1.0
HCL,201904,0.04623287671232877,0.7205882352941176,0.0,0.5,10,0.33333333333333337
Elixir,202410,0.27242822966507174,0.9,0.13333333333333336,0.679696589272631,20,1.0
D,202311,0.16666666666666666,0.0,0.0,0.0,4,
PostScript,201908,1.6666666666666667,0.0,0.0,0.9848586617875463,2,1.0
Common Workflow Language,201906,0.0,,,,1,
AngelScript,202107,0.0,1.0,,,3,0.0
Mustache,202011,0.023809523809523808,1.0,,0.0,2,
ActionScript,201908,0.75,1.0,0.0,0.9182958340544894,2,
Batchfile,202111,0.3982142857142857,0.16666666666666669,0.0,0.16420468933904192,8,
Fennel,201907,5.333333333333333,0.0,0.0,0.7170981822525907,1,1.0
XSLT,202406,0.7,0.7777777777777778,0.3333333333333333,0.47631153308263313,9,
BitBake,202312,0.0,,,,2,
Emacs Lisp,201904,1.457142857142857,0.16666666666666666,0.0,0.8823887353951924,16,0.75
OCaml,201902,2.7197916666666666,0.5,0.0,0.9552479929682954,10,1.0
Scala,202503,0.3608296099696919,0.8391608391608392,0.0,0.4328862120056013,30,
F#,202112,0.5833333333333333,0.5,1.0,0.9852281360342515,4,
Jinja,202505,0.27078747860112495,0.8,0.0,0.4795739585136224,7,
Verilog,202007,1.4525,1.0,0.0,0.557775564774726,9,0.8
Erlang,202004,0.0,1.0,,,3,
MATLAB,201802,0.6708612975391498,0.5,0.0,0.43372226262288827,10,0.6666666666666666
SQLPL,201905,0.0,1.0,,,1,0.0
POV-Ray SDL,202103,4.0,,0.0,0.5770078865364,1,1.0
Groovy,201804,0.07908163265306122,0.9342105263157895,0.0,0.9263962442450202,8,0.5
Less,202006,0.5625,0.5,0.0,0.9804820237218406,4,0.2
Lua,201805,0.9555555555555557,1.0,0.0,0.47711242257864905,17,0.3333333333333333
Jinja,202005,0.03333333333333333,1.0,,0.0,7,
Erlang,202011,0.16666666666666669,0.75,0.0,0.9182958340544894,5,
Logos,202207,0.16666666666666666,,,0.0,2,0.0
F#,201808,0.0,,,,2,
Dockerfile,202001,0.320496632996633,0.7,0.0,0.5879945700239606,24,0.7142857142857143
XSLT,202310,0.4178743961352657,0.8,0.0,0.9235572767764011,8,0.0
Fortran,202205,1.0362068965517242,0.8148148148148148,0.1,0.857329036374759,5,1.0
Svelte,202303,0.3168044077134987,0.875,0.0,0.92324725978211,15,0.4
D,202308,0.18181818181818182,0.5,0.0,0.8112781244591328,2,
VHDL,202205,0.0,1.0,,,5,
Julia,201902,0.874780099127925,0.2755102040816326,0.125,0.6054720735842046,13,1.0
PLpgSQL,201810,0.0,,,,2,
Svelte,202009,0.19655569007263923,0.6330561330561331,0.373134328358209,0.8313286827702469,10,0.5
Raku,201804,0.0,,,,1,
Nextflow,202407,0.19472789115646258,0.3142857142857143,0.45,0.7979955359207265,7,1.0
Haskell,202306,0.14423076923076922,1.0,0.0,0.0,11,
eC,202008,0.0,,,,1,
SCSS,202209,0.28773056653491436,0.5306122448979592,0.16666666666666666,0.31212163949657573,43,0.25
Smalltalk,201802,0.0,,,,2,
Liquid,202405,0.15857142857142856,0.7321428571428572,0.26666666666666666,0.698967441619821,6,0.5
CMake,202505,0.0,,,,6,
Reason,202005,0.0392156862745098,1.0,,0.0,4,
DM,201812,0.0,1.0,,,4,0.0
TSQL,201806,0.2,0.0,0.0,0.9182958340544894,2,
Nextflow,202412,0.246031746031746,1.0,0.0,0.0,6,0.0
Fennel,202408,0.17391304347826086,,0.0,0.920619835714305,2,1.0
Luau,202408,0.0,1.0,,,1,
Vim Script,201809,0.973989898989899,0.8333333333333334,0.0,0.6532738726513434,15,0.8888888888888888
Haskell,201907,1.460092730584534,0.4642857142857143,0.0,0.408786757699778,14,0.6666666666666666
Smalltalk,202305,1.0,1.0,0.0,0.9182958340544894,3,
TSQL,201803,0.09375,0.3333333333333333,0.0,0.9182958340544894,2,1.0
Solidity,201805,1.3019323671497585,0.2857142857142857,0.21052631578947367,0.8282795603600832,3,1.0
Nunjucks,201904,0.0,,,,1,
Nunjucks,202006,0.004329004329004329,0.5,0.0,0.0,4,1.0
D,202405,0.75,,0.0,0.7896900821428474,2,0.0
ShaderLab,202012,0.27380952380952384,1.0,0.0,0.5,5,0.0
Common Workflow Language,201902,0.0,,,,1,
Nextflow,202501,0.6995073891625616,0.5,0.0,0.28322766933090404,8,
Mustache,202104,0.0,1.0,,,3,
Fennel,202001,0.7586206896551724,0.3333333333333333,0.0,0.8305448363791665,1,0.0
Odin,202505,0.0,1.0,,,2,
Perl,202401,0.18329171562867214,0.6666666666666667,0.0,0.32019758276475907,18,0.6
Rich Text Format,201901,0.0,1.0,,,1,0.0
Mustache,202205,0.06944444444444445,0.875,0.0,0.9854752972273345,4,
PureScript,201904,0.0,1.0,,,3,
Blade,202207,0.0,1.0,,,3,
Jinja,202201,0.0013513513513513516,0.8571428571428572,0.0,0.0,7,
Fortran,202403,4.1,0.09090909090909091,0.2,0.5566920266935844,2,
VBA,202202,0.0,,,,2,
Logos,202208,0.0,,,,2,0.0
Batchfile,201904,1.0128205128205128,1.0,0.0,0.5,2,0.0
Clojure,202104,3.7750000000000004,0.3125,0.0,0.8734352932693015,6,0.0
Component Pascal,202308,0.0,,,,1,
Cairo,202410,0.0,,,,1,
MDX,202201,0.7469147005444646,0.625,0.09523809523809523,0.8411812259535559,6,0.5454545454545454
Mustache,202210,0.0,,,,2,
PostScript,202204,0.0,,,,4,
Nextflow,202301,0.0,,,,1,
Svelte,202109,0.11085858585858588,0.7402061855670103,0.25,0.6830520336508147,12,0.5
Markdown,202106,0.0,,,,4,
JSON,202207,0.0257075854346533,0.9722222222222222,0.0,0.2427376486136672,4,
JSON,202302,0.013564063039838413,0.7058823529411765,0.0,0.38210225325431013,4,
Rich Text Format,202202,0.0,,,,4,
Visual Basic,202212,0.0,,,,1,
Riot,202103,0.0,,,,1,
Julia,202109,0.4584248567918749,0.5700372711067899,0.29999999999999993,0.8162665104640813,19,0.4444444444444444
VBA,202103,0.0,,,,1,
Pug,202004,0.0,,,,2,
Nunjucks,202406,1.0833333333333333,1.0,0.0,0.5,4,
Haml,202102,0.0,,,,1,
CoffeeScript,202302,0.0,,,,1,
Pug,202212,0.0,,,,4,
Slim,202202,,,,,1,
ReScript,202012,0.0,,,,1,
TSQL,202206,0.0,,,,14,
Objective-C,202012,2.153846153846154,1.0,0.0,0.6947789968464718,31,0.4166666666666667
Logos,202503,1.0,,0.0,0.0,3,
Modelica,202306,,,,,1,
SQLPL,202203,,,,,1,
Apex,201912,,,,,1,
1C Enterprise,202011,0.0,1.0,,,2,0.0
KiCad Layout,202103,,,,,1,
Zig,202211,0.5714285714285714,,0.0,0.8112781244591328,4,1.0
Smarty,202108,0.0,,,,3,
KiCad Layout,202304,,,,,1,
CoffeeScript,202007,0.0,1.0,,,11,
ASL,202203,,,,,2,
Jsonnet,202012,,,,,1,
TeX,202201,0.24450549450549455,0.7857142857142857,0.3333333333333333,0.5419103286312712,18,0.0
OpenSCAD,202312,,,,,2,
Papyrus,202402,,,,,1,
Stata,202412,,,,,1,
Crystal,202311,0.0,1.0,,,1,
VHDL,202410,,,,,3,
Assembly,201808,0.0,1.0,,0.0,3,0.0
Vim Script,202501,0.4166666666666667,,0.0,0.7219280948873623,11,
Twig,202007,1.8636363636363635,0.46153846153846156,0.13333333333333333,0.7352171778322084,2,1.0
Smalltalk,201912,,,,,2,
Pawn,202206,,,,,1,
Forth,202401,,,,,1,
Pascal,202104,0.5210526315789474,0.3333333333333333,0.0,0.7840266558653426,8,0.33333333333333337
Jinja,201910,0.4309723889555822,0.6666666666666667,0.0,0.0,9,0.5
SCSS,202506,0.08788515406162464,0.9714285714285714,0.2222222222222222,0.6064827906242678,25,
Smarty,202012,0.0,1.0,,,3,
1C Enterprise,202010,,,,,2,
Pawn,202409,1.0,,,0.0,2,
OCaml,202502,0.4482142857142857,0.5833333333333334,0.0,0.9235724042413194,12,
ZenScript,202302,0.2926829268292683,,0.0,0.8697261093006626,2,0.5
Ada,202208,,,,,1,
Modula-2,202309,,,,,1,
Limbo,202003,,,,,1,
PLpgSQL,202201,,,,,1,
Haskell,202309,0.41104497354497355,0.5904761904761905,0.2,0.5552407406863586,17,0.5
AGS Script,202102,12.0,0.0,0.6666666666666666,0.8359889967247165,2,
AL,202311,0.0,,,,3,
Stata,202208,2.0,,0.0,1.0,1,
Nim,201804,,,,,1,
Astro,202001,0.2455357142857143,0.75,0.0,0.4603099178571525,5,1.0
Pascal,202407,1.0,,0.0,1.0,7,
HCL,202011,0.23796147672552168,0.5340909090909091,0.031746031746031744,0.5993729090106179,15,0.33333333333333337
NSIS,201808,2.0,,1.0,1.0,1,
Logos,202407,1.0,,0.0,0.0,3,0.0
D,202112,,,,,2,0.0
Processing,202102,2.0,,0.0,1.0,3,1.0
Groovy,202505,0.0,1.0,,,6,
Common Lisp,201904,0.0,,,,5,
SAS,202303,,,,,1,
F#,202109,0.12244897959183673,0.1111111111111111,0.5,0.8941111578818987,5,1.0
SystemVerilog,202410,2.0,,0.0,1.0,4,0.5
SCSS,201806,0.6875000000000001,0.25,0.0,0.6804820237218405,8,0.8333333333333334
Emacs Lisp,202205,1.943803418803419,0.3333333333333333,0.0,0.8062948795012349,15,0.5714285714285714
Blade,202403,0.004901960784313725,0.8888888888888888,,0.0,7,0.5
SystemVerilog,202203,,,,,2,
CUE,202011,,,,,1,
Odin,202408,64.0,0.0,0.0,0.8246987351738496,1,1.0
Processing,201812,,,,,1,
Processing,202104,,,,,2,
Scheme,201812,,,,,2,
Clojure,201906,0.6931818181818182,0.8181818181818181,0.0,0.4056597561868706,5,0.5
PostScript,202405,3.0,,0.0,0.9182958340544894,2,
XSLT,202109,0.7339285714285714,,0.3333333333333333,0.9240480559328954,5,
CoffeeScript,202006,0.33333333333333337,,0.0,0.0,6,
Less,202311,0.5,0.0,0.0,0.0,2,
Less,202310,0.0,,,,3,
Fennel,202401,0.5,,0.0,0.0,2,
XSLT,201802,0.16666666666666669,0.6666666666666666,0.0,0.0,6,0.16666666666666669
Zig,202111,0.0,,,,3,
XSLT,201806,0.1,0.8,0.0,1.0,6,0.0
Less,201901,0.5,,0.0,0.0,2,
Astro,202111,0.28571428571428575,1.0,0.0,1.0,10,
VHDL,202405,0.0,1.0,,,4,0.0
ASP.NET,202501,0.0,,,,1,
Game Maker Language,202307,0.0,,,,1,
GAP,202402,0.0,,,,1,
LLVM,202406,10.333333333333334,,0.0,0.8508050967987673,3,0.6666666666666666
QML,201903,0.109375,1.0,1.0,0.9852281360342515,2,
Mathematica,202407,0.0,,,,2,
Less,202404,0.6666666666666666,1.0,0.0,1.0,3,0.0
Clojure,202206,0.23055555555555557,1.0,0.0,0.2704260414863776,8,0.5
LLVM,202412,0.5555555555555556,1.0,0.0,0.9232196723355078,3,0.0
Mustache,202312,0.0,,,,2,
HLSL,202301,0.0,,,,1,
GLSL,202004,0.0,,,,4,
Haxe,201807,0.3333333333333333,0.5,0.0,1.0,2,
Verilog,201809,0.0,,,,2,
Fortran,202207,1.978095238095238,0.5,0.6111111111111112,0.3692080092020338,7,1.0
ASL,202010,0.33333333333333337,1.0,0.0,0.0,4,
MoonScript,202105,0.0,,,,1,
SQF,202207,0.0,1.0,,,1,
TeX,201806,0.125,0.3333333333333333,0.0,0.0,10,0.5
AngelScript,202503,0.0,,,,1,
GDScript,202008,0.0,,,,3,
MDX,202409,3.044751226937056,0.5415426037377257,0.0712037037037037,0.8573453314627931,17,0.5000000000000001
Rich Text Format,202501,0.0,,,,1,
IDL,202007,0.0,,,,1,
Kotlin,201902,0.2136903216189228,0.8443779810774884,0.14285714285714288,0.30419576057512676,27,0.4545454545454546
Makefile,202102,1.1380952380952385,0.33333333333333337,0.0,0.33035868661274076,24,0.3333333333333333
Jinja,202207,0.08025641025641027,0.8928571428571429,0.0,0.0,17,0.0
OCaml,201805,0.19444444444444442,0.0,1.0,0.5,7,0.0
Scala,201907,0.46734190914359863,0.5923076923076923,0.037037037037037035,0.3831964378229261,23,0.4444444444444444
Visual Basic .NET,202008,0.0625,,0.0,0.0,4,1.0
Zig,202301,0.0,,,,3,
Go Template,202305,0.16666666666666666,1.0,,0.0,4,0.0
PureScript,201810,1.0,1.0,0.0,1.0,2,0.0
Monkey C,202504,0.16666666666666666,1.0,,0.0,2,
BitBake,202106,2.5,,0.0,0.9709505944546688,3,0.0
mdsvex,202407,0.0,,,,1,
Fortran,202310,2.1227969348659004,0.5972222222222222,0.0625,0.49833059821544556,6,1.0
UnrealScript,202009,0.0,,,,1,
Nunjucks,202212,0.050050050050050046,1.0,0.0,0.0,6,
Scheme,201811,0.0,1.0,,,4,0.0
Ballerina,201806,0.0,1.0,,,1,0.0
CMake,202212,0.14285714285714285,0.6666666666666667,0.0,0.0,10,
mcfunction,202107,0.0,,,,1,
Erlang,202108,0.0,1.0,,,3,
Nextflow,202405,0.23792335115864527,0.41666666666666663,0.23076923076923078,0.5809988817020549,6,
Nushell,202412,0.0,,,,2,
ActionScript,201912,2.0,,0.0,0.6695919455357792,2,0.75
LLVM,202306,2.166666666666667,0.0,0.0,0.8850355544046855,3,1.0
RAML,202012,0.2,1.0,,0.0,1,
Makefile,202312,0.09381720430107528,0.9583333333333333,0.0,0.6121972227029929,25,0.16666666666666669
Elixir,202005,0.834567901234568,0.875,0.0,0.2424309749670618,21,1.0
Racket,202101,0.18518518518518517,0.5,0.0,0.9709505944546688,3,0.0
Nunjucks,202010,0.0,,,,2,
F#,201805,0.0625,0.5,0.0,0.9182958340544894,3,
M4,202303,0.0,,,,1,
BitBake,202302,0.0,,,,1,
PLSQL,202312,0.0,,,,1,
CMake,202401,0.05396825396825397,1.0,,0.0,11,0.0
VBA,202409,0.0,,,,1,
UnrealScript,202104,0.0,,,,1,
XSLT,201808,0.3833333333333333,,0.0,0.33333333333333337,5,1.0
Emacs Lisp,201911,0.9379629629629629,0.6666666666666666,0.0,0.8874488236885503,13,0.8333333333333334
LookML,202007,0.0,,,,1,
Nix,202301,0.3472222222222222,0.7,0.14285714285714285,0.7791841059402983,9,
Pascal,201908,1.5,1.0,0.0,0.9206198357143047,10,0.0
ShaderLab,202506,0.03571428571428571,1.0,0.0,0.0,6,
Nix,201906,0.5714285714285714,0.4,0.3333333333333333,0.7762605947178571,2,
Nix,202410,0.4126126126126126,0.8166666666666667,0.0,0.7232712826494911,19,0.33333333333333337
LLVM,202304,1.3333333333333333,1.0,0.0,0.946394630357186,3,1.0
Nix,201805,0.0,,,,2,
DM,202406,0.0,1.0,,,7,
Assembly,201804,0.0,,,0.0,3,
AL,202302,0.5,0.8333333333333333,0.0,0.8085947862963576,2,0.5
Slim,202109,0.0,,,,1,
Gleam,202412,0.8888888888888888,0.0,0.0,0.5,3,1.0
GDScript,201912,0.05128205128205128,0.75,0.0,1.0,3,1.0
DM,202201,0.030651340996168584,0.9444444444444444,0.0,0.8868595071429147,3,1.0
Assembly,201807,0.0,,,,2,
Fortran,202202,1.4898989898989898,0.375,0.5,0.7606450154394859,7,1.0
MDX,202209,0.8319607023411371,0.6492753623188405,0.2034843205574913,0.8129635020094702,9,0.4838709677419355
Assembly,201912,0.0,,,,6,
Jinja,201801,0.14328808446455504,0.75,0.0,0.46030991785715236,4,0.0
Slim,202010,0.0,,,,1,
Twig,201904,1.0,1.0,0.0,1.0,2,0.0
Jinja,202108,0.4791666666666667,0.4333333333333333,0.0,0.6536519311286448,8,1.0
Fortran,202411,2.302662337662338,0.5084033613445378,0.017241379310344827,0.8881071728314693,7,0.5
AutoHotkey,202308,0.13157894736842105,,0.0,0.9709505944546688,2,0.6666666666666667
eC,201911,0.0,,,,1,
ZAP,202212,1.3181818181818181,0.7368421052631579,0.0,0.8427966782161159,1,1.0
Solidity,202201,0.19770580296896084,0.6904761904761905,0.375,0.9510450925343553,11,0.5
Rust,201803,0.9345428876678877,0.41666666666666663,0.023809523809523808,0.6908807033157945,19,0.6666666666666666
Stylus,202212,0.023809523809523808,,0.0,0.0,4,
Fennel,202010,0.47058823529411764,,0.0,0.7571514757368123,1,1.0
PureBasic,202202,0.0,1.0,,,1,
DM,202408,0.0,,,,5,
Blade,202210,0.0,1.0,,,9,0.0
GDScript,201808,0.0,1.0,,,1,0.0
ZenScript,202201,0.06,,0.0,0.9182958340544894,1,1.0
ZenScript,202202,0.034482758620689655,1.0,0.0,0.0,1,0.0
Visual Basic .NET,202301,0.0,,,,2,
Liquid,202301,0.19999999999999998,0.75,0.0,0.9182958340544894,3,0.0
GLSL,202012,0.0,,,,2,
FreeMarker,202101,0.0,1.0,,,1,
Groovy,201805,0.08666666666666666,0.71875,0.0,0.896709578647004,5,0.5
Liquid,202305,0.012658227848101267,1.0,0.0,0.9999999999999998,4,
JSON,202306,0.030878320713261066,0.75,0.0,0.0,4,1.0
JSON,202408,0.00022872827081427268,0.8,0.0,0.0,4,
Logos,201906,0.0,,,,1,
Gherkin,201912,1.608695652173913,0.18181818181818182,0.0,0.5860053160381051,1,
Gherkin,202206,0.5934959349593496,0.7297297297297298,0.0,0.45362507769344507,3,
Stylus,201911,0.0,,,,4,0.5
Open Policy Agent,202308,0.0,,,,1,
CoffeeScript,202101,2.0,,0.0,0.946394630357186,3,
Rich Text Format,202104,0.0,,,,2,
CoffeeScript,202209,0.8333333333333333,,0.0,0.5,4,
EJS,202006,1.1666666666666667,,0.0,0.9165164431996023,6,
Nunjucks,202108,0.0,,,,7,
DM,202307,0.0,1.0,,,7,0.0
Blade,202301,0.0,1.0,,,10,
Stylus,202307,0.0,1.0,,,5,
Handlebars,202410,0.0,,,,1,
Julia,202108,0.3101390081755428,0.6880952380952382,0.17777777777777776,0.4751379892938365,21,1.0
Gleam,202407,,,,,2,
Fortran,202104,5.9375,0.6818181818181819,0.37037037037037035,0.7697078293663339,5,1.0
CoffeeScript,202403,,,,,1,
QML,202308,,,,,1,
GDScript,202305,14.0,,0.0,1.0,9,1.0
Smalltalk,202211,,,,,2,
Visual Basic,202401,,,,,2,
CMake,202506,0.16666666666666669,1.0,0.0,0.0,10,
Tcl,202506,,,,,2,
SCSS,201811,0.17708333333333331,0.8571428571428572,0.0,0.8624170457528799,19,0.6666666666666667
1C Enterprise,201912,,,,,2,
Processing,201807,0.0,,,,3,
Assembly,202003,0.0,1.0,,,7,0.0
q,202009,,,,,1,
Cuda,202407,8.0,,0.0,1.0,2,
Svelte,202211,0.28824884792626726,0.6923076923076923,0.04,0.5512068026551041,14,0.5000000000000001
GLSL,202203,0.0,1.0,,,2,0.0
Apex,202108,,,,,1,
Typst,202309,1.875,,0.0,0.7240345888528966,2,1.0
Crystal,202402,0.0,1.0,,,2,0.0
AutoHotkey,202210,0.0,,,,4,0.0
Julia,202106,1.9607305607064085,0.7192095588235294,0.041666666666666664,0.815706565503866,17,0.5
SCSS,201803,0.33333333333333337,0.3333333333333333,0.0,0.8982444017039272,9,0.5
QML,201809,4.0,,0.0,0.0,1,
Elixir,202001,1.7777777777777781,0.5,0.0,0.8839297342362055,17,
Jinja,202405,0.0,1.0,,,12,
F#,202312,0.02,,0.0,0.0,5,1.0
Elixir,201912,0.11378205128205128,0.8666666666666667,0.0,0.33350063825236054,16,0.5
AGS Script,202310,,,,,1,
Processing,202308,0.0,,,,5,
GDScript,202203,0.0,,,,4,
Clojure,202205,0.09474675981248276,0.8333333333333334,0.0,0.2704260414863776,10,1.0
Pascal,201803,1.0,,0.0,0.0,6,
Assembly,202201,0.0,,,,6,
XSLT,202502,0.06818181818181818,1.0,0.0,0.7233083338141042,6,
ASL,202310,0.4,0.0,0.6666666666666666,0.946394630357186,2,0.0
Monkey C,202304,1.0,1.0,,0.0,1,
Roff,202404,0.14285714285714285,0.5,0.0,1.0,3,0.5
AutoHotkey,202203,0.0,,,,5,
Clojure,202311,0.13333333333333333,1.0,,0.0,5,0.0
Nim,202401,1.9541284403669725,0.140625,0.36363636363636365,0.7774166765285303,2,
Roff,202107,0.0,,,,2,
CMake,202208,1.0,1.0,0.0,0.473197315178593,8,1.0
MATLAB,202201,0.0,1.0,,,22,0.0
Elm,201911,0.1111111111111111,,,0.0,2,
SystemVerilog,202312,,,,,1,
Emacs Lisp,202109,1.4924386724386722,0.6666666666666666,0.0,0.45635852941717797,20,0.5
AutoHotkey,202209,0.35897435897435903,,0.0,0.0,4,
Pawn,202307,5.0,,0.0,0.7219280948873623,3,0.5
Twig,202001,0.0,0.6666666666666667,,,2,1.0
Cuda,202111,,,,,2,
Vala,201908,,,,,1,
CoffeeScript,201811,1.3927497789566756,0.5625,0.16666666666666666,0.5177950393988678,7,0.75
KakouneScript,202105,2.0,,0.0,1.0,1,
Standard ML,202209,,,,,1,1.0
PostScript,202308,,,,0.0,3,
Elixir,202404,0.32692307692307687,0.842857142857143,0.125,0.7385040947165734,17,0.6
Pawn,202404,1.0,,0.0,0.0,1,1.0
LLVM,202504,1.0,1.0,0.0,0.9182958340544894,3,
Haskell,202203,0.6965367965367966,0.4666666666666667,0.0,0.9004150533352673,9,0.0
Nextflow,202409,1.1542857142857144,0.5,0.3333333333333333,0.44441817511414794,8,
Stylus,202308,0.0,1.0,,,2,0.0
LLVM,202104,2.0,,0.0,1.0,1,
ShaderLab,202211,,,,,2,0.0
Objective-C,202211,0.875,0.5,0.0,0.653654682481227,16,0.5
Fennel,202301,0.3939393939393939,0.0,0.0,0.8420887815606469,2,
FreeMarker,202312,0.0,,,,1,
Blade,202411,0.0,1.0,,,7,0.0
Visual Basic 6.0,202401,0.0,,,,1,
Gherkin,202102,1.1788990825688073,0.6515151515151515,0.2631578947368421,0.6924934086624563,2,1.0
PureScript,202204,1.0833333333333333,0.0,0.0,0.46384713555188345,4,1.0
PLpgSQL,202209,0.0,,,,2,
CMake,202501,0.16666666666666669,0.5,0.0,0.0,6,
Coq,201910,0.0,,,,1,
Batchfile,202010,0.4933862433862433,0.0,0.0,0.1669180336866731,9,1.0
POV-Ray SDL,202108,1.0,,0.0,1.0,1,1.0
ActionScript,202001,1.0,,0.0,1.0,2,0.6666666666666666
BitBake,202311,0.0,,,,2,
GAP,201908,0.0,1.0,,,2,
Sass,202007,0.16666666666666666,1.0,0.0,0.0,2,
VBA,202304,0.0,,,,1,
Smarty,202308,0.0,1.0,,,6,0.0
SQLPL,202007,0.0,,,,1,
Clojure,202204,0.14031007751937982,0.8,0.0,0.5,9,0.0
Logos,202103,0.5,,0.0,0.0,1,1.0
Verilog,202009,0.3487179487179487,,0.0,0.0,7,0.5
M4,202412,0.0,,,,1,
PLSQL,202111,0.0,,,,1,
TeX,201809,0.1425437307790249,0.8333333333333333,0.0,0.39065584325924907,14,1.0
Jinja,202402,0.0126984126984127,0.8333333333333333,0.0,1.0,13,
XSLT,202210,0.1875,1.0,0.0,0.0,8,
TSQL,202211,0.0,,,,10,
F#,202009,0.0,,,,7,
Gherkin,202304,0.2380952380952381,0.037037037037037035,0.08333333333333333,0.5770338957293568,3,1.0
Puppet,201905,0.675,0.0,0.0,0.45280925893244817,2,1.0
ShaderLab,202502,0.0,,,,2,
eC,202111,0.0,,,,1,
MDX,202008,0.6592248062015504,0.55,0.00980392156862745,0.7260304341278289,5,0.8461538461538461
Blade,202412,0.0,1.0,,,8,
SQF,202108,0.0,1.0,,,1,
Coq,201907,0.0,1.0,,,1,
POV-Ray SDL,202301,0.0,,,,1,
Logos,202401,1.0666666666666664,,0.0,0.4591479170272447,4,0.33333333333333337
Makefile,201802,0.18055555555555555,0.125,0.0,0.8690746665964332,10,0.8
Fortran,202001,0.2638888888888889,0.8823529411764706,0.0,0.8103050363326485,3,0.0
Standard ML,201812,0.0,,,,1,
MDX,202105,0.46905031892274984,0.8125,0.0,0.8301793146389967,5,0.5
Jsonnet,202402,0.0,1.0,,,2,0.0
XSLT,202007,0.611904761904762,1.0,0.0,0.5010861115918819,7,0.5
Markdown,202303,0.007079542367515016,,,0.0,8,0.0
GLSL,202103,0.5,,0.0,0.9182958340544894,6,
Astro,202303,0.052139226922064505,0.7782608695652173,0.09090909090909091,0.6621399281929891,15,0.30000000000000004
Logos,202105,0.0,,,,2,0.0
PLpgSQL,201811,0.0,1.0,,,2,
Nix,202005,0.25874125874125875,0.25,0.3333333333333333,0.6950889870821007,5,1.0
Sass,202204,0.0,,,,1,
Dart,201806,0.7523148148148148,0.875,0.16666666666666666,0.6794911849023182,7,0.2
Batchfile,201909,0.0196078431372549,1.0,,0.0,3,
Go Template,202205,0.0,,,,3,
ZenScript,202503,0.0,1.0,,,4,
PLSQL,202302,0.0,,,,1,
Vala,201902,0.18181818181818182,,0.0,0.0,1,
XSLT,201910,0.5933333333333334,0.48333333333333334,0.33333333333333337,0.6715912695052504,10,0.5
SourcePawn,202302,1.75,1.0,0.0,0.914100892018565,2,1.0
KRL,202005,0.0,,,,1,
GDScript,201812,0.09090909090909091,0.5,0.0,0.0,1,
Solidity,202202,0.12401560624249702,0.45238095238095244,0.4166666666666667,0.5566398254062623,10,
Solidity,202502,0.16666666666666666,0.75,0.0,0.9182958340544894,4,
Smalltalk,202004,1.0,,0.0,0.0,2,
CMake,202203,0.3333333333333333,,,0.0,7,0.0
Julia,202212,0.33663879979669453,0.75,0.031746031746031744,0.718836300034288,21,1.0
Tcl,201805,0.0,,,,1,
Mustache,201812,0.0,,,,1,
MATLAB,201905,0.0572463768115942,1.0,0.0,0.9056390622295665,18,0.6666666666666666
Scilab,202208,0.0,1.0,,,1,
Svelte,202003,0.29438638726267985,0.43137254901960786,0.2692307692307692,0.882346764295358,7,0.5555555555555556
Lean,202310,0.11764705882352941,0.625,0.0,1.0,1,
Emacs Lisp,202202,2.064764996907854,0.5,0.0,0.7611580083504453,19,1.0
Nextflow,202312,0.21666666666666667,0.6666666666666667,,0.0,5,0.0
GSC,202502,0.0,,,,2,
Nunjucks,201908,0.0,1.0,,,1,
XSLT,202203,0.06785714285714287,0.0,0.0,0.0,6,1.0
Liquid,202109,1.0714285714285714,0.6666666666666666,0.0,0.8907748188392609,2,1.0
Nim,202107,0.0,1.0,,,5,0.0
OCaml,202102,0.4161931818181818,0.65,0.041666666666666664,0.7283948695200402,12,0.7142857142857143
Motoko,202405,0.0,,,,1,
ZAP,202302,2.8846153846153846,0.53125,0.18181818181818182,0.8425500068320222,1,1.0
Jinja,201808,0.04981203007518796,1.0,0.0,0.0,3,0.5
HCL,201801,0.2962962962962963,0.6666666666666667,0.0,0.5,3,0.25
ZenScript,202203,0.5098039215686274,,0.0,0.8588737400358306,2,0.75
ZenScript,202106,1.25,1.0,0.0,0.7588070885539557,2,0.5
Luau,202401,0.05714285714285714,0.8,0.0,0.9182958340544894,1,1.0
Nextflow,202101,0.0,,,,1,
Gherkin,202101,3.2045454545454546,0.23076923076923078,0.0,0.6894921538006159,1,1.0
Nim,202404,1.6956521739130435,0.03571428571428571,0.0,0.532638108078068,4,0.0
Astro,201901,0.20454545454545453,0.14285714285714285,0.0,0.6223659728744494,4,0.8571428571428572
Motoko,202501,0.0,,,,1,
Twig,201905,0.5,1.0,0.0,1.0,2,0.5
Julia,201908,0.9004505996936121,0.24722222222222223,0.0,0.5524906875363,11,0.75
Groovy,201803,2.3362919132149904,1.0,0.0,0.4981582597794811,7,
Open Policy Agent,202305,0.0,,,0.0,1,
Haml,202107,0.0,,,,1,
PLSQL,202212,,,,,1,
CoffeeScript,202107,0.5,,0.0,0.0,4,
Blade,202502,0.0,,,,5,
Nunjucks,202303,0.2,1.0,,0.0,2,
PureScript,202212,0.0,,,,2,
Tcl,202204,0.0,,,,2,
XSLT,202205,0.15151515151515152,0.8333333333333334,0.0,0.8699155297736259,5,
CoffeeScript,202008,1.0,,0.0,0.473197315178593,7,
Pug,202211,0.0,,,0.0,4,
OpenSCAD,202503,,,,,1,
Racket,202001,,,,,1,
Visual Basic .NET,202307,0.0,,,,2,
PureScript,202405,,,,,2,
Haskell,202401,0.6666666666666666,1.0,0.0,1.0,16,
Assembly,202505,0.02564102564102564,,0.0,0.0,7,
Smarty,201905,0.0,1.0,,,4,
TSQL,202303,0.0,,,,3,
Objective-C,202205,0.5,,0.0,0.0,16,0.5
Zig,202412,0.0,1.0,,,9,0.0
Groovy,202403,0.01754385964912281,1.0,0.0,0.9182958340544894,10,1.0
Elixir,202011,0.4984126984126984,1.0,0.1111111111111111,0.44953858385400736,16,0.2
Blade,202103,0.0011235955056179774,1.0,,0.0,11,0.0
Scheme,202503,0.5,1.0,0.0,0.0,4,
Emacs Lisp,202104,1.6493055555555551,0.25,0.0,0.7794320307130855,18,0.5454545454545455
Roff,202503,,,,,1,
Haskell,201808,1.3333333333333335,0.5599999999999999,0.13333333333333333,0.9312307726119854,9,0.33333333333333337
Clojure,202306,0.045454545454545456,1.0,0.0,0.0,5,
Clojure,202202,1.0625,,0.0,0.4056390622295664,6,
Gnuplot,202005,,,,,1,
Pascal,202307,0.0,1.0,,,6,
Elixir,201803,0.53515625,1.0,0.0,0.5,11,0.0
VBScript,202108,,,,,2,0.0
Pug,202301,0.0,,,,2,
SAS,202101,,,,,1,
Smalltalk,202503,,,,,3,
ASL,202210,1.0,,0.0,0.0,4,0.0
Starlark,202203,,,,,1,
Assembly,202503,0.22790697674418606,0.0,0.0,0.4591479170272447,9,
QML,202503,0.0,,,,2,
Solidity,202310,0.053571428571428575,0.8,0.0,0.0,13,0.6666666666666666
Fortran,202212,4.08,0.75,0.125,0.6925237224674446,5,1.0
EJS,202112,0.0013440860215053765,1.0,,0.0,10,0.0
Edge,202308,,,,,1,
Crystal,202006,1.6,0.0,0.0,0.4970151057384783,3,0.5
ASL,202207,,,,,1,
MoonScript,202301,,,,,1,
VHDL,202407,1.0,,,0.0,4,
Typst,202405,0.6666666666666666,,0.0,0.8112781244591328,4,
Scheme,202109,0.0,,,,3,
CUE,202206,,,,,1,
CMake,202405,0.0,,,,7,
MATLAB,202211,0.23214285714285712,1.0,0.0,0.30609861135149646,28,0.0
BitBake,202409,,,,,1,
ASL,202301,,,,,1,0.0
Cuda,202109,,,,,1,
Ren'Py,202308,,,,,1,
MATLAB,202502,0.0,1.0,,,23,
Pascal,201802,0.0,1.0,,,7,0.0
Blade,202205,0.0,1.0,,,7,
LLVM,202201,0.0,,,,2,
Smarty,202203,0.0,1.0,,,5,0.0
PostScript,202402,,,,,3,
Stylus,202104,,,,,1,
F#,202402,0.05714285714285714,0.5,0.0,0.375,6,
AutoHotkey,202404,2.5,,0.0,0.9349775297671233,3,0.75
Haskell,202009,1.2105217086834732,0.4375,0.0625,0.7397660213310164,10,0.8888888888888888
ActionScript,202106,,,,,1,0.0
GDScript,202503,0.008937368050668543,0.9814814814814815,0.0,0.0,9,
PostScript,202209,1.0,,0.0,0.9999999999999998,5,
Blade,202012,0.0,1.0,,,10,0.0
Edge,202312,,,,,1,
Haskell,201811,0.5512987012987014,0.56,0.0,0.5232499665922065,13,0.4285714285714286
Fennel,202310,0.3,1.0,0.0,0.8962406251802889,2,0.0
Logos,202211,0.4,,0.0,0.946394630357186,2,0.5
Logos,202310,6.5,,0.0,0.7565714951074927,4,
Edge,202408,,,,,1,
Reason,201809,1.5,0.3333333333333333,0.0,0.0,2,
PostScript,201904,1.0,1.0,0.0,0.0,2,0.0
Jinja,202501,0.10277777777777777,0.5897435897435898,0.0,0.3333333333333333,9,
RMarkdown,202504,0.0,,,,1,
Smarty,202111,0.0,,,,6,
LLVM,202101,2.75,1.0,0.0,0.9122066329329885,2,
Mustache,202311,0.0,,,,1,
Nix,202206,0.16666666666666666,0.4,0.0,0.8992085220551609,6,0.0
SQF,202311,0.0,1.0,,,2,
Tcl,201901,0.0,,,,1,
Handlebars,202305,0.0,1.0,,,3,0.0
QML,201812,0.0,1.0,,,1,0.0
eC,202212,0.0,,,,1,
Game Maker Language,202306,0.0,,,,1,
BitBake,202504,0.0,1.0,,,3,
Solidity,202312,0.46145833333333325,0.7976190476190476,0.0,0.41289988701581815,11,0.45454545454545453
TSQL,202407,0.0,1.0,,,3,
Verilog,201807,0.0,,,,2,
Makefile,201812,0.0,1.0,,,12,0.5
Zig,202307,0.0,1.0,,,3,0.0
LLVM,202003,2.5,,0.0,0.8649735207179272,2,1.0
VHDL,202111,0.0,1.0,,,5,0.0
Groovy,202104,0.023833309547595265,1.0,0.0,0.4854752972273344,9,0.5
ActionScript,201904,0.04166666666666667,1.0,0.0,0.0,4,
Nasal,202203,0.0,,,,1,
Component Pascal,202211,0.0,,,,1,
Nunjucks,202506,0.0,,,,1,
CUE,202008,0.0,,,,1,
Typst,202001,0.0,,,,1,
Batchfile,202003,0.3584656084656085,0.33333333333333337,0.0,0.8840306227890876,8,0.5714285714285715
Liquid,202106,10.333333333333334,0.3333333333333333,0.0,0.7990656970691267,1,0.5
Scilab,202002,0.0,,,,1,
PowerShell,201811,1.0803571428571428,0.7333333333333333,0.0,0.3827729376770643,13,0.75
Astro,202107,0.0,1.0,,,9,
Rich Text Format,202406,0.0,,,,1,
Scilab,202409,0.0,,,,1,
mcfunction,202307,0.0,,,,1,
Vala,202109,0.47500000000000003,0.25,0.0,0.4591479170272447,2,0.2
Solidity,202004,0.7083333333333334,0.375,0.0,0.46059274829427715,2,1.0
ActionScript,202101,3.0,,0.0,0.5152734452350943,1,0.6666666666666666
Markdown,202012,0.0,,,,1,
Smarty,202503,0.0,1.0,,,4,
eC,202009,0.0,,,,1,
Go Template,202506,0.05664488017429194,1.0,0.0,0.5,6,
Smalltalk,202106,1.0,0.6666666666666666,0.0,0.0,1,
Dart,201802,0.2,1.0,0.0,1.0,3,0.5
Batchfile,202410,0.6931818181818181,0.375,0.0,0.587568968845922,6,0.6666666666666666
ColdFusion,201806,0.0,,,,1,
mcfunction,202311,0.05,,0.0,0.0,2,
AMPL,201909,0.0,,,,2,
Perl,201812,0.4358974358974359,0.6666666666666666,0.0,0.24024101186092028,18,1.0
D,202402,0.25,0.75,0.0,0.8763576394898526,3,0.5
OCaml,201809,0.0008865248226950354,1.0,0.0,0.473197315178593,8,
WebAssembly,202010,0.25,0.6666666666666666,0.0,0.9709505944546688,2,
ZAP,202401,7.333333333333333,0.2857142857142857,0.0,0.8675712546007924,1,0.0
Less,202011,1.2,1.0,0.0,0.9591479170272446,3,
AMPL,201805,0.125,,0.0,1.0,1,1.0
Groovy,202410,0.09226190476190474,0.875,0.0,0.603759374819711,11,1.0
TeX,201807,0.13333333333333333,0.8888888888888888,0.0,0.4999999999999999,11,0.20000000000000004
Perl,201912,0.3242603550295858,0.375,0.0,0.2,17,1.0
BASIC,202104,0.0,,,,1,
Squirrel,202010,0.0,,,,1,
Agda,202411,0.0,,,,1,
MDX,201911,2.057226705796038,0.575657894736842,0.09090909090909091,0.820373676442046,2,0.6666666666666666
Groovy,202112,0.0182370820668693,0.6666666666666667,0.0,0.6500224216483541,8,0.6666666666666666
Groovy,202102,0.029411764705882353,1.0,0.0,0.9182958340544894,7,1.0
Go Template,202411,0.1349206349206349,0.5,0.0,0.9899343783255763,7,
Smarty,201807,0.0,,,,3,
Mustache,202204,0.027777777777777776,0.8,0.0,0.0,3,0.5
Mermaid,202504,0.008771929824561403,1.0,,0.0,2,
ReScript,202305,0.0,,,,2,
Svelte,202104,0.6742561381606326,0.2816849816849817,0.11740890688259108,0.5624484662360805,10,0.6666666666666666
GAP,201902,0.14705882352941177,0.75,0.5,0.8649735207179272,2,1.0
TSQL,201807,0.0,,,,3,
Blade,201907,0.0,,,,2,
Fortran,202204,2.1416666666666666,0.59375,0.09523809523809523,0.6656296475960857,6,
Clojure,202005,0.15384615384615385,0.5,0.0,0.8992042989107536,8,1.0
Tree-sitter Query,202311,2.5384615384615383,0.75,0.14285714285714285,0.8735613158480575,1,0.6666666666666666
mcfunction,202009,0.0,,,,1,
Smarty,201906,0.15789473684210525,0.6666666666666666,0.0,0.9182958340544894,2,0.0
Clojure,201910,0.2753623188405797,0.5882352941176471,0.2222222222222222,0.7529394396301594,7,0.0
eC,201901,0.0,,,,1,
ZAP,202201,0.5287356321839081,0.5555555555555556,0.14285714285714285,0.6364779684533771,1,1.0
Fennel,202107,2.078088578088578,0.0,0.0,0.7426906315926729,2,1.0
SQF,202008,0.22580645161290322,0.5714285714285714,0.0,0.72483409150576,1,
MDX,201906,2.032516339869281,0.7745098039215685,0.0,0.849451381980352,2,0.5526315789473684
Inform 7,202310,0.0,,,,1,
GDScript,202005,0.0037643207855973812,0.7142857142857143,0.4,0.940725014049597,3,1.0
Gherkin,202009,0.8723404255319149,0.5714285714285714,0.36363636363636365,0.8564833177469674,2,
Forth,202003,0.018518518518518517,,,0.0,2,
Markdown,202506,0.006916084119074279,,,0.0,16,
Fennel,202006,0.20689655172413793,0.14285714285714285,0.6666666666666666,1.0,1,1.0
Gherkin,202001,3.4761904761904763,0.6363636363636364,0.0,0.43405772317417063,1,
Nim,202204,0.6333333333333333,0.6238095238095238,0.0,0.6899212931934815,6,0.8
D,202304,0.35294117647058826,0.75,0.19047619047619047,0.5984209843076568,3,1.0
Markdown,202311,0.006866126484759264,,,0.0,12,
JSON,202307,0.03172309533433193,0.42857142857142855,0.0,0.0,4,
Nunjucks,202109,0.0,1.0,,,6,
Gherkin,202301,0.1693037974683544,0.7222222222222222,0.0,0.3796252782037196,4,0.0
ZenScript,202009,0.5705521472392638,0.0,0.0,0.6695346152063893,1,1.0
JSON,201903,0.003257328990228013,0.9411764705882353,0.0,0.0,1,
Hack,202106,0.0,,,,1,
Vim Script,202004,0.7107548701298702,0.5,0.0,0.45384558992496227,20,0.7777777777777778
EJS,202008,0.007518796992481203,0.0,0.0,0.0,7,0.0
Roff,202009,0.5833333333333333,1.0,0.0,0.8699155297736259,3,0.6666666666666667
Twig,202411,0.011494252873563218,,,0.0,3,
reStructuredText,202309,0.0,,,,1,
ABAP,202211,0.0,,,,2,
Mustache,202412,0.0,,,,1,
Stylus,202302,0.0,,,,4,
SAS,202302,,,,,1,
Perl,201804,0.34739583333333335,0.5,0.0,0.2623702383012827,18,0.5
Sass,202310,,,,,1,
Visual Basic,202311,,,,,1,
Visual Basic .NET,202503,0.0,,,,2,
SystemVerilog,202212,,,,,2,
SystemVerilog,202012,,,,,1,
Batchfile,202408,0.24444444444444444,0.75,0.0,0.8545739585136224,8,1.0
Pascal,201804,0.5581395348837209,1.0,0.0,0.7000385860104787,8,0.5
Processing,202012,0.0,,,,5,
Forth,202008,0.0,,,,2,
ASL,202304,,,,,1,
KiCad Layout,201811,,,,,1,
Erlang,202408,0.2,0.0,0.0,1.0,2,
YARA,202103,,,,,1,1.0
BitBake,202403,,,,,2,
Common Lisp,202310,0.75,,0.0,0.9182958340544894,5,0.0
Smarty,202212,0.0,1.0,,,5,0.0
Stylus,202502,,,,,1,
Jinja,202408,0.05714285714285714,0.8888888888888888,,0.0,9,
Blade,202308,0.0,1.0,,0.0,8,
Nix,202302,0.13095238095238093,0.0,0.5714285714285714,0.7746507276168523,11,
Pascal,202502,0.1,,,0.0,7,
Typst,202111,,,,,1,
ASL,202105,0.25,,0.0,0.0,4,
Common Lisp,202107,0.0,,,,5,
Scheme,202210,0.0,,,,3,
FreeMarker,202401,,,,,1,
SystemVerilog,201804,,,,,1,
Pascal,202501,0.0,1.0,,,5,
Gleam,202504,0.25,,0.0,0.0,2,
ShaderLab,202102,0.16666666666666666,,0.0,0.0,3,
Processing,202303,,,,,2,
Groovy,201904,1.557142857142857,0.8125,0.33333333333333337,0.6636920199460741,8,1.0
GDScript,202406,0.0,1.0,,,8,0.0
Blade,201807,,,,,1,
Stata,201806,,,,,1,
OpenSCAD,202407,,,,,1,
Common Lisp,202106,0.0,0.5,,,4,0.0
AutoHotkey,202105,3.0,,0.0,0.9182958340544894,4,1.0
VBScript,202205,,,,,1,
Dart,201809,0.75,0.0,0.0,0.6500224216483541,5,0.5
WebAssembly,202106,25.5,,0.4,0.8153419238179913,2,
Emacs Lisp,201804,1.065934065934066,0.0,0.0,0.6887218755408672,11,1.0
Scheme,201809,0.0,,,,2,
Cuda,202004,,,,,1,1.0
Scheme,201804,0.025,,,0.0,3,
Less,202501,0.0,1.0,,,2,
Smali,202412,1.0,,0.0,0.0,1,
q,202010,,,,,1,
Vim Script,202401,1.0465686274509804,0.5,0.0,0.8223168399313453,11,1.0
Verilog,202506,0.0,,,,6,
EmberScript,202301,7.0,1.0,0.0,0.9211854965885543,1,1.0
Fennel,202506,,,,,2,
CMake,201807,0.6666666666666667,,0.0,0.0,4,1.0
Astro,202101,0.05128205128205129,1.0,0.0,0.946394630357186,7,
Haskell,202406,0.375,1.0,0.0,0.9999999999999998,11,0.0
TeX,201905,0.0,1.0,,,12,0.0
AGS Script,202307,0.0,,,,1,
D,202102,0.8809523809523809,0.75,0.6666666666666666,0.779417428890471,3,0.5
GLSL,201902,0.0,,,,2,
HCL,201903,0.14285714285714288,1.0,,0.9182958340544894,10,0.0
RAML,202204,0.0,,,,1,
Emacs Lisp,201812,1.175,0.3333333333333333,0.0,0.4725112172284146,12,0.8
Racket,202003,0.0,,,,2,
QML,202303,1.5,0.5,0.0,0.9999999999999998,2,1.0
Papyrus,202301,0.0,,,,1,
Erlang,201908,0.0,,,,1,
Groovy,202501,0.6,1.0,,0.0,6,
Elixir,201910,0.35485455974842767,0.7529411764705882,0.1,0.5544823902557494,18,0.5714285714285714
YAML,202303,0.0,,,,2,
YARA,202106,0.0,,,,1,
Visual Basic .NET,202108,0.0,1.0,,,3,0.0
POV-Ray SDL,201908,0.0,,,,1,
Twig,202401,0.3957142857142857,0.0,0.0,0.5,2,1.0
Zig,202212,0.07407407407407407,1.0,,0.0,4,
Typst,202404,0.25,,0.0,0.0,2,1.0
F#,202105,0.0,,,,5,
Nunjucks,202209,0.0,1.0,,,6,
UnrealScript,202403,0.0,,,,2,
Zig,202401,0.25,1.0,,0.0,4,0.0
Perl,201907,0.6193181818181819,0.625,0.06666666666666667,0.7556759382404259,18,0.6666666666666667
GDScript,201911,0.23456790123456792,0.6666666666666666,0.0,0.7644009072626592,3,0.3333333333333333
Rich Text Format,201903,0.0,,,,2,
Clojure,202412,0.047619047619047616,1.0,0.0,1.0,6,
VBScript,201901,0.0,,,,2,
Verilog,201910,1.087465564738292,,0.0,0.5837354763347729,6,1.0
YARA,202311,0.0,,,,1,
Tree-sitter Query,202506,1.3,0.5,0.0,0.8479836109346182,1,
ASP.NET,202403,0.0,,,,1,
XSLT,201805,0.5,,0.0,0.3333333333333333,5,0.0
Handlebars,201807,0.0,,,,1,
Squirrel,202102,0.0,,,,1,
mcfunction,202305,1.5,0.0,0.0,0.9182958340544894,2,1.0
Haskell,201905,0.32568825510001975,1.0,0.0,0.384123967142861,13,0.2
EJS,202305,0.03571428571428572,,0.0,0.0,8,
Pascal,202105,0.35843079922027293,1.0,0.0,0.30609861135149646,11,1.0
F#,202202,0.0,,,,5,
M4,202006,0.0,,,,1,
Handlebars,202002,0.0,,,,3,
SourcePawn,202308,0.25,1.0,,0.0,2,
F#,202002,0.0,,,,3,
Astro,201908,1.0,0.5,0.0,0.9854752972273344,5,
Visual Basic .NET,202001,0.0,,,,4,
VBA,202203,0.0,1.0,,,1,0.0
Jinja,202009,0.6519480519480519,0.8333333333333334,0.0,0.4361104253809094,8,
Batchfile,202004,0.14285714285714285,,,0.0,2,
EmberScript,202406,0.2857142857142857,,,1.0,1,0.0
Liquid,202202,0.6428571428571429,0.6,0.0,0.946265187221801,2,0.6666666666666666
Component Pascal,202412,0.0,,,,1,
Batchfile,202212,2.1145833333333335,0.0,0.0,0.9824627894863303,7,1.0
Emacs Lisp,202106,1.4464769647696476,0.6359649122807017,0.08333333333333333,0.8251276860123947,15,0.7142857142857143
Emacs Lisp,202407,1.9613962592431493,0.5,0.0,0.5074597497508722,17,0.6666666666666666
Stylus,202002,0.3333333333333333,,0.0,0.0,3,
Scheme,202311,1.0,,0.0,0.9182958340544894,5,1.0
Jinja,202102,0.14566544566544565,0.95,0.0,0.6501990436543997,9,0.0
XSLT,202209,0.2152777777777778,0.16666666666666666,0.0,0.48419625702061125,6,1.0
Forth,202011,0.0,,,,1,
Forth,202101,0.0,,,,1,
Lean,202410,0.0,1.0,,,1,
POV-Ray SDL,201911,0.0,,,,1,0.0
Emacs Lisp,201807,1.9166666666666667,0.0,0.0,0.7017835053356738,14,1.0
RAML,201911,0.0,,,,1,
Solidity,202107,0.65625,0.4444444444444444,0.14285714285714285,0.8444510693867247,7,1.0
Lean,202405,0.0,0.9473684210526315,,,1,
Nix,202003,0.03190184049079754,1.0,0.6666666666666666,0.8263230812990678,6,
Fennel,202012,0.2857142857142857,0.0,0.0,0.5816718657178868,1,1.0
Solidity,202010,0.0,,,,4,
Nix,202012,0.48396825396825405,0.578125,0.23076923076923078,0.8047474045087499,7,0.6666666666666666
WDL,201902,0.023809523809523808,,,0.0,2,
XSLT,201907,0.6242937853107344,0.4,0.125,0.771729311475694,5,0.5
Astro,201812,0.16666666666666669,0.5,0.0,0.0,3,0.5
PLpgSQL,201910,0.2,1.0,0.0,0.0,5,0.0
DM,202001,0.0,,,,2,
OMNeT++ MSG,202503,0.0,1.0,,,1,
Fennel,202109,0.6320638820638821,0.0,0.0,0.6644312378537138,2,0.8571428571428572
ZenScript,202111,0.6571428571428571,1.0,0.0,0.6530853258545933,1,1.0
PureBasic,202403,0.0,,,,1,
VBA,202404,0.0,,,,1,
Nextflow,201912,0.0,,,,1,
Bicep,202310,0.0,1.0,,,3,0.0
Markdown,202302,0.00927852688688602,,,0.0,8,
JSON,202309,0.03490788983101211,0.6666666666666666,0.0,0.3333333333333333,4,0.0
JSON,202407,0.018518518518518517,0.2857142857142857,0.0,0.5032583347756457,4,
Yacc,202204,0.0,1.0,,,1,0.0
JSON,202308,0.014928381711250237,1.0,,0.0,4,
DM,202008,0.0011299435028248588,0.9375,0.0,0.7219280948873623,5,0.0
Assembly,201905,0.015873015873015872,1.0,,0.0,4,0.0
Markdown,202201,0.006857142857142858,,,0.0,5,0.0
Gherkin,202410,0.2582236842105263,0.5625,0.0,0.6879524672404819,2,
F#,202301,1.0,,0.0,0.8112781244591328,6,
F#,202207,0.7428571428571429,0.0,0.0,0.6745913216261503,5,1.0
Tcl,202206,0.0,,,,4,
KiCad Layout,202308,,,,,1,
TeX,201907,0.2222222222222222,,,0.0,14,
Stata,201808,,,,,1,
OCaml,201912,0.12500000000000003,0.0,0.0,0.0,11,1.0
GLSL,202209,0.0,1.0,,,4,
Edge,202503,,,,,1,
Logos,202412,1.0,,,0.0,5,0.0
Raku,202009,,,,,1,
Common Lisp,201907,0.0,,,1.0,4,
VHDL,202212,,,,,5,
Typst,202003,,,,,1,
q,201902,,,,,1,
ASP.NET,202303,,,,,1,
Clojure,202302,0.08333333333333333,0.8333333333333333,0.0,0.0,6,0.0
Jinja,201908,0.32527472527472534,0.0,0.0,0.19359936758692484,7,1.0
Pascal,202301,0.0,,,,11,
OpenSCAD,202411,0.0,1.0,,,3,
Stylus,202407,,,,,1,
Processing,202201,,,,,2,
VHDL,202303,,,,,2,
CMake,201801,1.5,1.0,0.0,0.5,4,0.33333333333333337
Haxe,202505,0.9166666666666666,0.75,0.0,0.9591479170272448,5,
Smalltalk,202403,,,,,1,
QML,202103,,,,,1,
PLpgSQL,202312,0.0,1.0,,,2,0.0
Nim,201912,2.0,,0.0,1.0,5,
PureScript,202009,0.0,,,,3,
Assembly,202210,0.0007692307692307692,1.0,0.0,0.0,7,
Nim,201811,,,,,2,
Zig,202405,0.0,1.0,,,5,0.0
Bikeshed,202312,,,,,2,0.5
PLpgSQL,202204,,,,,1,
VHDL,202201,,,,,2,
PowerShell,202310,0.12354126370083816,0.5833333333333334,0.0,0.4518539851607506,27,0.47142857142857136
MATLAB,202308,0.004790419161676647,1.0,0.0,0.8112781244591328,17,
Zig,202411,0.0625,,0.0,0.9182958340544894,6,1.0
Haskell,201805,0.0,,,,14,
Pascal,202012,0.4148148148148148,1.0,0.0,1.0,9,0.5
Edge,202309,1.0,,0.0,0.0,1,
Common Lisp,202004,2.2,0.0,0.0,0.9379278332214116,5,1.0
Jinja,202304,0.016666666666666666,0.8,,0.0,11,0.0
ActionScript,201808,,,,,1,
Emacs Lisp,201802,1.2857142857142858,,0.0,0.43048202372184063,12,0.5
SystemVerilog,202106,,,,,1,
Ren'Py,202410,,,,,1,
Roff,202204,0.3,,0.0,0.9182958340544894,4,1.0
Jinja,201907,0.47045700671431656,0.375,0.0,0.75,10,1.0
GDScript,202404,0.0,1.0,,,4,
PowerShell,201803,0.8125,1.0,0.0,0.9324867603589636,8,0.25
Twig,202008,8.0,0.0,0.0,0.8194483718728035,1,0.5
Cuda,202005,,,,,1,
EJS,201801,1.0,1.0,0.0,0.0,1,0.0
Processing,201805,1.0,,,0.0,2,0.0
Emacs Lisp,201811,0.29250000000000004,0.3125,0.05555555555555555,0.41405083691237804,13,0.8
Bikeshed,202211,4.0,,0.0,1.0,1,
Roff,202005,2.0,,0.0,0.946394630357186,2,1.0
AutoHotkey,202205,0.6666666666666667,,0.0,1.0,4,0.0
ShaderLab,202103,,,,,3,
Fennel,201808,,,,,1,
LLVM,202007,5.0,1.0,0.0,0.9464119282150146,2,
CMake,202408,0.04166666666666667,1.0,0.0,0.0,10,1.0
Processing,202107,0.0,,,,3,
Nim,202008,0.5,,0.0,0.0,4,
Gnuplot,202104,0.0,,,,1,
Mustache,202301,0.0,1.0,,,4,
Markdown,201907,0.0,,,,1,
TSQL,202401,0.0,1.0,,,3,0.0
Smarty,202204,0.16666666666666666,1.0,,0.0,5,
Mustache,202107,0.4107142857142857,0.3333333333333333,0.0,0.4591479170272447,3,1.0
Roff,202212,0.0,1.0,,,4,
Astro,202112,0.0,1.0,,,7,
PureScript,201901,0.0,0.5,,,2,0.0
F#,202501,1.1818181818181819,0.0,0.0,0.7371541433154378,2,
Scheme,202401,0.0,1.0,,,4,
Puppet,201912,0.0,1.0,,,1,
BitBake,201801,6.0,0.5,0.0,0.9406293985087261,1,0.8
Handlebars,201802,0.0,,,,1,
IDL,201905,0.0,,,,1,
Erlang,201907,0.16666666666666666,,,0.0,4,0.0
Just,201811,0.0,,,,1,
Liquid,202211,0.11904761904761904,0.8571428571428571,0.0,0.8649735207179272,2,1.0
POV-Ray SDL,201810,0.0,,,,1,
Groovy,202407,1.1047619047619046,0.9,0.0,0.8864662616942568,10,1.0
WebAssembly,202102,4.833333333333333,0.0,0.3333333333333333,0.7646917904434272,2,
AutoHotkey,202104,5.666666666666667,,0.0,0.7725760985994748,2,0.6666666666666666
Nim,202103,0.41666666666666663,0.0,0.0,0.9709505944546688,3,1.0
AngelScript,202102,0.0,,,,1,0.0
MDX,202112,0.4189664502164502,0.6875,0.0,0.7881663530175425,7,0.41666666666666663
Erlang,202103,0.0,0.6666666666666667,,,5,0.0
Bikeshed,202206,4.5,0.16666666666666666,0.16666666666666666,0.8876198327001701,2,0.5
Mustache,202201,0.1111111111111111,0.8,0.0,1.0,2,
Mermaid,202404,0.0,1.0,,,1,0.0
GDB,201812,0.0,,,,1,
PLpgSQL,201806,0.0,,,,2,
XSLT,202403,4.718181818181819,0.45000000000000007,0.3,0.5277109660222882,7,1.0
Go Template,202407,0.4715886354541817,0.8571428571428571,0.5,0.561348541879063,7,0.3333333333333333
Gleam,202307,0.14285714285714285,,0.0,0.0,1,1.0
Squirrel,202208,0.09090909090909091,,0.0,0.0,1,1.0
DM,202206,0.004140786749482402,0.75,0.0,1.0,3,1.0
POV-Ray SDL,202111,0.125,,,0.0,1,
Handlebars,202011,0.0,,,,1,
ShaderLab,201901,0.0,,,,3,
AMPL,201910,0.0,1.0,,,2,
AL,202209,1.5,0.16666666666666666,0.2857142857142857,0.8060986113514965,1,1.0
Fennel,202409,2.4,0.0,0.0,0.6489147142258604,2,1.0
Fortran,202405,1.5666666666666664,0.1111111111111111,0.2,0.6614141130717106,4,1.0
Common Workflow Language,201811,0.0,,,,1,
Verilog,201906,0.1346153846153846,1.0,0.0,0.5916727785823274,4,1.0
DM,201811,0.0,,,,3,
Rebol,202103,0.0,,,,1,
Tree-sitter Query,202503,2.6,0.5,0.0,0.8414244348357776,1,
Astro,202306,0.6666666666666666,0.8333333333333334,0.0,0.8962406251802889,10,0.5
Fennel,202112,1.5555555555555556,0.0,0.0,0.7819195967685221,2,1.0
Nunjucks,202104,0.0037593984962406013,1.0,,0.0,7,0.0
DM,201911,0.0,,,,2,
Just,202010,0.0,,,,1,
Smarty,202409,0.0,1.0,,,3,
Fennel,202210,2.8017241379310343,,0.0,0.8889784416260984,2,0.5
Rust,201801,0.6204065542300836,0.3055555555555555,0.0,0.5963548893006563,16,0.7619047619047619
Rich Text Format,202210,0.0,1.0,,,2,
DM,202212,0.0,,,,4,
Fortran,202305,0.4065417781742492,0.5833333333333333,0.0,0.36414221195146634,7,
EJS,202306,0.006535947712418301,0.9,0.0,0.0,7,0.0
MDX,202109,1.1555555555555557,0.775,0.017543859649122806,0.857515102894495,7,0.75
MDX,201902,3.18347780404518,0.6692307692307693,0.003257328990228013,0.45247408867354444,2,0.6874999999999999
Nim,202011,0.0,,,,5,
Puppet,201801,2.3469387755102042,0.2727272727272727,0.7058823529411765,0.7334274881612496,1,0.8
Smarty,202201,1.0,0.0,0.0,1.0,4,0.5
Svelte,202201,0.3288671023965142,0.6565656565656566,0.12984218077474896,0.6137732729767316,19,0.6666666666666667
Astro,201804,0.6,0.0,0.0,0.7896900821428474,2,1.0
Apex,201903,2.5,1.0,0.0,0.9609640474436812,3,
Visual Basic .NET,202304,0.4,,0.0,1.0,2,1.0
VHDL,201906,0.0,,,,2,
Fluent,202401,0.0,1.0,,,1,
Nextflow,201905,0.0,,,,1,
VHDL,202102,0.0,,,,3,
Reason,202212,0.0,,,,4,
Roff,201910,0.0,,,,3,
Tcl,202011,0.0,,,,2,
Tcl,202212,0.0,,,,2,
Slim,202204,0.0,,,,1,
Nunjucks,202002,0.0,,,,1,
Stylus,202211,0.5,0.5,0.0,0.9182958340544894,4,1.0
Jinja,202409,0.04848484848484849,1.0,0.0,0.5,14,0.0
HCL,201810,0.1423611111111111,1.0,0.0,0.5,7,0.6666666666666666
Puppet,202404,,,,,1,
Haxe,201912,,,,,1,
Nushell,202501,0.0,,,,3,
Processing,202209,0.0,,,,4,
Puppet,201906,0.0,1.0,,,2,0.0
Yacc,202302,,,,,1,
PowerShell,202001,2.714285714285714,0.6666666666666666,0.125,0.9735425666975441,11,0.7142857142857143
Racket,201811,0.0,1.0,,,2,
Typst,202207,,,,,1,
q,202304,,,,,1,
Verilog,201812,,,,,2,
Visual Basic,202405,,,,,1,
AutoHotkey,202207,0.38888888888888884,1.0,0.0,0.0,5,0.5
Assembly,201902,0.0,,,,5,0.0
Jsonnet,202107,,,,,1,
CoffeeScript,202306,0.0,1.0,,,3,
Objective-C,202501,0.75,1.0,0.0,0.9999999999999998,14,
Bicep,202012,,,,,1,
Starlark,202403,,,,,1,
GDScript,202301,0.0,,,,6,0.0
VHDL,202411,1.0,,0.0,0.0,4,
MATLAB,201807,0.2222222222222222,1.0,0.0,0.0,15,0.0
CoffeeScript,201907,0.52046783625731,0.9166666666666667,0.0,0.6388388143998674,9,0.5
AutoIt,202011,,,,,1,
Gnuplot,201903,,,,,1,
Pascal,201809,0.0,,,,8,
ASL,202503,,,,,2,
BitBake,202112,0.0,,,,2,
CUE,202107,,,,,1,
AngelScript,202310,,,,,1,
ShaderLab,202001,0.0,,,,2,
Rich Text Format,202101,1.0,,0.0,0.9182958340544894,3,
ShaderLab,201812,,,,,1,
Stata,202203,,,,,2,0.0
Verilog,202304,1.0,,0.0,0.473197315178593,9,
Puppet,201808,,,,,1,
Perl,202212,0.9154761904761907,0.6,0.0,0.5864124299174447,15,0.5
CUE,202204,,,,,1,
Solidity,202101,0.4920634920634921,1.0,0.0,0.9992492479956566,6,1.0
Stata,202002,,,,,1,
Pawn,202103,,,,,2,
Stata,202311,,,,,1,
Fennel,202402,0.35714285714285715,,0.0,0.7641913951834827,2,1.0
EJS,201906,0.0,,,,2,
Edge,202310,,,,,1,
AutoHotkey,202310,2.3333333333333335,,0.0,0.6487982101190619,3,0.4
Verilog,202404,0.0,1.0,,,12,0.0
AutoHotkey,202311,1.5,,0.0,0.8962406251802889,5,0.5
AutoHotkey,202403,7.5,,0.0,0.4668925688346108,3,1.0
MDX,202104,11.301709401709402,0.32456140350877194,0.0261437908496732,0.8222136409915184,4,0.6666666666666666
ShaderLab,202311,1.0,,,0.0,1,0.0
Haskell,201809,1.0,,0.0,0.8948450410714237,10,0.33333333333333337
Less,201903,3.0,,0.0,0.9999999999999998,1,
CAP CDS,202412,0.0,,,,1,
Tcl,202304,0.0,,,,1,
Racket,201802,0.0,1.0,,,2,0.0
SQF,202302,0.0,,,,1,
Common Workflow Language,202102,0.0,,,,1,
Common Lisp,202001,1.2666666666666666,0.0,0.0,0.6666666666666667,5,0.5
Visual Basic .NET,202308,0.0,,,,2,
GAP,201804,0.0,,,,1,
GAP,202009,0.0,,,,2,
WGSL,202506,0.0,,,,1,
Rich Text Format,201805,0.0,1.0,,,2,
Blade,202408,0.0,1.0,,,6,0.0
Prolog,202002,0.0,,,,1,
ASP.NET,202306,0.0,,,,1,
Zig,202208,0.0,,,,3,
Batchfile,202312,0.2094017094017094,1.0,0.0,0.38711835920662874,7,0.5
q,202202,0.0,,,,1,
Squirrel,202202,1.0,,0.0,1.0,1,1.0
mcfunction,202411,0.5,,,0.0,1,1.0
EmberScript,202303,12.666666666666666,0.0,0.0,0.7312103275831362,1,
SystemVerilog,202411,0.0,,,,3,
GAP,201809,0.0,,,,1,
RMarkdown,202109,0.0,,,,1,
Visual Basic .NET,201901,0.0,,,,2,
Svelte,201912,0.15592705167173251,0.18181818181818182,0.18181818181818182,0.8593443379020057,7,0.25
Nim,201901,2.3666666666666667,0.5,0.0,0.9226754683112182,4,0.5
Jsonnet,202304,0.0,1.0,,,1,0.0
GLSL,202405,0.5420212765957447,0.0,0.0,0.49005742946519026,6,
Monkey C,202010,7.0,0.6666666666666666,0.0,0.7708036670144927,1,
Clojure,202505,0.09523809523809523,0.5,0.0,0.0,6,
BitBake,202205,0.0,,,,3,
Open Policy Agent,202203,0.0,,,,1,
YAML,202212,0.0,,,,1,
Go Template,202109,0.0,,,,1,
Julia,202001,0.9106811245351352,0.40700631507083124,0.10476190476190475,0.8265202649183144,16,0.7777777777777778
Mustache,202207,0.0,1.0,,,2,
q,202008,0.0,,,,1,
MoonScript,202103,4.0,,0.0,0.7959585933443496,1,1.0
mcfunction,202503,1.7142857142857142,0.5,0.0,0.603759374819711,1,
AGS Script,202112,0.6666666666666666,0.0,0.0,0.8232176699986968,1,0.5
ABAP,202101,0.0,,,,2,
Scala,201909,0.33171278042288677,0.6408730158730159,0.0,0.48571654176459966,23,0.5
Vim Script,201806,1.0575757575757576,0.0,0.0,0.43153903927301573,13,0.7142857142857143
Elm,202301,0.11250000000000002,0.5833333333333333,0.0,0.4591479170272447,4,0.0
Julia,201903,0.5151463298506128,0.5083333333333333,0.1,0.7786564871835345,10,0.0
Handlebars,202112,0.0,,,,3,
EmberScript,202108,0.7142857142857143,0.0,0.0,0.9709505944546688,1,1.0
Scheme,202008,0.14285714285714285,0.0,0.0,0.0,2,1.0
Twig,202504,0.5,0.0,0.0,0.5,3,
Less,202004,0.3333333333333333,1.0,,0.0,3,1.0
EJS,202407,0.0,,,,4,
Smarty,202304,0.0,,,,4,
Solidity,202105,0.02857142857142857,0.9,0.0,0.0,7,
Bicep,202206,0.0,,,,2,
EJS,202309,0.027777777777777776,1.0,,0.0,9,
PostScript,202311,0.0,,,,4,
ASL,202011,1.71875,0.0,0.1111111111111111,0.8965447565818132,4,0.9090909090909091
LLVM,202410,0.2857142857142857,,0.0,0.9697238998682473,3,1.0
WDL,201907,0.3333333333333333,,0.0,0.9182958340544894,1,1.0
Go Template,202301,0.0,,,,3,
D,201904,2.3333333333333335,0.4,0.0,0.7609029801617619,2,
Fortran,202409,2.0583333333333336,0.7083333333333333,0.14285714285714285,0.8158422304319343,4,1.0
DM,202112,0.047619047619047616,0.8,0.0,0.8112781244591328,7,0.0
Cuda,202103,0.0,,,,1,
Batchfile,202007,1.6818181818181817,0.0,0.0,0.4591479170272447,2,1.0
Fennel,202003,0.6923076923076923,0.0,0.3333333333333333,0.8527924884900403,1,1.0
SQF,202011,0.058823529411764705,1.0,0.0,0.0,1,
Prolog,201801,0.0,,,,1,
Jinja,201802,0.08002883922134102,0.625,0.0,0.9194578348843971,3,0.5
EJS,202102,0.0,,,,3,
ASP.NET,201906,0.0,1.0,,,2,
ZenScript,202409,0.22727272727272727,,0.0,0.9609640474436812,1,0.5
Fennel,202104,0.1724137931034483,0.0,0.0,0.7219280948873623,1,1.0
Agda,202406,0.05555555555555555,1.0,,0.0,1,
Fortran,202108,4.141666666666667,0.8333333333333334,0.038461538461538464,0.36059465802825874,5,0.0
Mermaid,202308,0.09230769230769231,0.5,0.0,0.9591479170272448,1,0.4
Visual Basic 6.0,202209,0.0,,,,1,
DM,202006,0.0,,,,5,
Svelte,202102,0.3203596315733519,0.428030303030303,0.1590909090909091,0.5201669174587499,4,0.4285714285714286
Haxe,202008,0.0,,,,1,
GSC,202503,0.0,1.0,,,2,
Scheme,202104,0.013888888888888888,0.5,0.0,0.0,3,0.0
Luau,202406,0.01,1.0,,0.0,1,
GDScript,202202,0.0,1.0,,,6,0.0
MATLAB,202009,0.2064872325741891,1.0,0.0,0.910632653391146,23,0.5
Clean,201801,0.023809523809523808,1.0,0.0,0.0,1,0.0
OCaml,202107,0.7416666666666667,0.4166666666666667,0.0,0.8065736987788261,6,0.75
Scheme,201802,0.0,1.0,,,2,0.0
Ballerina,201909,0.0,1.0,,,1,
JSON,202506,0.0,1.0,,,3,
Nextflow,201805,0.0,,,,1,
GDScript,201803,0.17142857142857143,,0.0,0.9125056054120885,1,1.0
Luau,202412,0.0,,,,2,
Visual Basic .NET,202212,0.25,,0.0,0.0,4,
JSON,202203,0.04444444444444444,0.2903225806451613,0.0,0.18561616332043784,3,
Logos,201905,0.0,,,,1,
WebAssembly,202003,0.0,,,,1,
Gherkin,201809,1.257918552036199,0.15789473684210525,0.07692307692307693,0.5928294127647156,1,
Open Policy Agent,202211,0.0,,,,1,
Cypher,202203,0.0,,,,1,
EJS,202207,0.0,1.0,,,11,0.0
Roff,202211,0.0,,,,4,
Blade,202106,0.0,1.0,,,8,
XSLT,202410,0.5227272727272727,0.5,0.0,0.4999999999999999,7,
Haskell,202004,0.6254317111459968,1.0,0.1,0.535281554534713,16,0.33333333333333337
PureScript,202505,,,,,1,
Blade,202009,0.0,,,,5,
Processing,202302,0.0,,,,2,
PostScript,202201,0.0,1.0,,,4,0.0
Common Lisp,202412,0.0,,,,5,0.0
Zig,202310,0.02,1.0,,0.0,4,
Stylus,202401,0.0,,,,3,
WebAssembly,202202,,,,,1,
Perl 6,202309,,,,,1,
YARA,202501,,,,,1,
AL,202505,,,,,1,
AGS Script,202203,0.42857142857142855,,0.0,0.9182958340544894,2,
Assembly,202202,0.0,,,,5,
Groovy,202503,0.0,1.0,,,5,
Clojure,202303,0.25,0.6666666666666667,0.0,1.0,10,0.6666666666666667
Roff,202108,0.0,,,,2,
DIGITAL Command Language,202307,,,,,1,
1C Enterprise,202104,,,,,2,
GLSL,202102,0.006666666666666666,1.0,,0.0,5,0.0
Reason,202004,,,,,2,
Scheme,202003,,,,,3,
PLpgSQL,202105,,,,,1,
GDScript,202112,0.0,,,,3,
Processing,202111,,,,,2,
Processing,202503,0.0,,,,2,
Pascal,202304,0.5,,0.0,0.0,7,
Pascal,202312,3.0,,0.0,0.9182958340544894,8,1.0
GDScript,202103,,,,,1,
GLSL,202009,0.0,,,,3,
YARA,202308,,,,,1,
PureScript,202202,0.33333333333333337,1.0,0.0,0.0,3,
Clojure,202207,3.2470588235294118,0.5,0.0,0.33333333333333337,9,0.5
Groovy,202108,0.0,,,,9,0.0
q,201808,,,,,1,
OpenSCAD,201903,0.16666666666666666,0.8333333333333333,0.0,0.0,3,0.0
PLpgSQL,202307,0.01282051282051282,1.0,,0.0,4,
Roff,201801,7.0,0.0,0.0,0.5916727785823274,2,1.0
CMake,201907,0.0,,,,5,
Gnuplot,201803,15.0,,0.0,0.8670089610455386,1,1.0
Less,202505,1.0,,0.0,0.0,2,
LabVIEW,202408,8.0,,0.0,0.9283832117695865,1,
Clojure,202002,0.5283180778032036,0.7777777777777778,,0.33333333333333337,8,1.0
Reason,202002,1.0,,,0.0,2,
PostScript,201811,,,,,2,
PostScript,201911,0.3333333333333333,,0.0,1.0,3,
Tree-sitter Query,202309,4.0,0.0,0.0,0.946394630357186,1,0.5
Scilab,202205,0.0,1.0,,,2,0.0
Blade,201805,0.0,,,,2,
Processing,202504,0.0,,,,4,
Pug,202111,0.0,,,,1,
Stylus,202403,0.0,,,,4,
GAP,201808,0.0,,,,1,
ZenScript,202407,0.029411764705882353,,0.0,0.0,2,0.2
Tcl,202012,0.0,1.0,,,3,
Cuda,202408,0.0,,,,1,
Erlang,202106,1.4333333333333333,0.25,0.0,0.9661726161029188,5,1.0
QML,202107,0.0,1.0,,,1,
Haxe,201903,0.0,,,,1,
Batchfile,202303,0.0,1.0,,,5,
Erlang,202307,0.0,0.5,,,2,1.0
Haxe,202311,0.5,,0.0,0.0,2,
PostScript,202007,0.0,1.0,,,3,0.0
Typst,202312,0.0,,,,2,
Clojure,201902,0.21794871794871795,0.9375,0.0,0.9975025463691153,4,0.25
M4,202302,0.0,,,,1,
SQF,202303,0.0,,,,2,0.0
Svelte,201911,0.18159806295399517,0.75,0.3333333333333333,0.7933399197603865,6,0.5
GAP,202401,0.0,1.0,,,2,
AMPL,201803,0.0,,,,1,
AutoHotkey,202506,0.0,,,,3,
Erlang,202101,0.0,1.0,,,3,
GLSL,202503,0.21333333333333337,0.9666666666666667,0.0,0.0,6,
Scheme,202312,0.0,,,,3,
Puppet,202008,0.75,0.0,0.0,0.9182958340544894,1,0.0
POV-Ray SDL,202505,2.6666666666666665,,0.0,0.9056390622295664,1,
ShaderLab,201810,0.0,1.0,,,2,0.0
Bikeshed,202002,26.666666666666668,0.5,0.23076923076923078,0.8465495972888112,1,1.0
Emacs Lisp,202010,2.3448858833474215,0.7857142857142857,0.01212121212121212,0.6334868356846237,15,0.6470588235294118
Verilog,202303,0.0,,,,7,
Starlark,202104,0.0,,,,1,
Crystal,201912,0.0,,,,3,
Less,202104,0.0,1.0,,,5,0.0
Monkey C,202002,0.0,,,,1,
D,201901,0.0,,,,1,
PowerShell,202202,0.14583333333333334,0.8333333333333334,0.0,0.9852281360342515,24,1.0
Roff,201805,0.0,,,,2,
Gleam,202309,0.0,,,,2,
Haskell,201802,0.07045454545454546,0.6666666666666666,0.0,0.0,12,0.25
HCL,201905,0.3765456458826625,0.7285714285714285,0.0,0.15060770051011133,9,0.0
Bicep,202205,0.0,,,,2,
YAML,202309,0.0,,,,1,
HLSL,202106,0.0,,,,1,
Smarty,201908,0.0,,,,3,
Assembly,201909,0.1,,,0.0,2,
YAML,202306,0.0,,,,1,
Dart,201810,0.5416666666666666,0.6,0.0,0.9182958340544894,3,0.0
Crystal,201809,0.0,,,,1,
Monkey C,202205,0.7142857142857143,0.8,0.0,0.9602297178607612,1,
Luau,202409,0.08333333333333333,,0.0,0.0,2,1.0
Rich Text Format,202410,0.0,,,,1,
Handlebars,201811,0.0,,,,1,
Yacc,202211,0.0,,,,1,
POV-Ray SDL,202310,0.1,,0.0,0.0,1,0.5
Visual Basic,201805,0.0,1.0,,,2,0.0
PureScript,201812,1.0,1.0,0.0,0.0,2,
ZenScript,202305,0.01282051282051282,,0.0,0.0,2,0.0
GDScript,201805,0.3162162162162162,1.0,0.2857142857142857,0.4707140159230122,2,0.5
D,202212,0.0,0.6666666666666666,,,2,
Jinja,201909,0.1,0.6666666666666667,0.0,0.0,6,
Groovy,202111,0.013793103448275862,1.0,0.0,0.8112781244591328,12,0.3333333333333333
Zig,202502,0.0,,,,8,
AMPL,201901,0.0,,,,1,
Perl,202304,1.1874840357598977,0.96,0.0,0.5223148239433699,20,0.5
Erlang,202104,0.16666666666666669,1.0,0.0,0.8631205685666311,5,
Verilog,201801,0.0,,,,2,
Scheme,202011,0.0,1.0,,,4,0.0
Haml,202001,0.058823529411764705,1.0,,0.0,1,
Nunjucks,202408,0.16666666666666666,1.0,,0.0,2,
Astro,201910,0.38196078431372554,0.4,0.3,0.7736879385653055,6,0.5
G-code,202107,0.0,1.0,,,1,
TSQL,202307,0.0,,,,1,
Nix,201908,0.8137254901960784,0.6666666666666667,0.4444444444444444,0.7127765711237105,3,0.0
Kaitai Struct,202311,0.0,1.0,,,1,
eC,201902,0.0,,,,1,
WDL,201807,0.021739130434782608,0.75,0.0,0.0,2,0.0
VBA,202403,0.0,,,,1,
D,202307,0.5476190476190477,1.0,0.0,0.8708773627129988,2,0.2
Monkey C,201905,0.0,,,,1,
Tcl,202208,0.0,1.0,,,2,
Fennel,202307,0.23809523809523808,,0.0,0.8445412464587144,2,1.0
Forth,202403,0.0,,,0.0,1,
YAML,202202,0.00625,1.0,,0.0,1,0.0
MDX,201907,0.6668181818181818,0.8777777777777778,0.007722007722007722,0.8632355320815667,3,0.5277777777777778
Cairo,202505,0.2,0.8888888888888888,0.6666666666666666,0.946394630357186,1,
Component Pascal,202208,0.21153846153846154,1.0,0.0,0.8949645376549997,1,0.5
Assembly,202212,0.06666666666666667,1.0,,0.0,6,
Gherkin,201801,0.14925373134328357,0.0,0.0,0.858672711073255,1,0.5
JSON,202212,0.005339885789589282,1.0,,0.0,4,
IDL,201810,0.0,1.0,,,1,
Gherkin,202012,2.4095238095238094,0.2962962962962963,0.11764705882352941,0.614019321578041,1,
GLSL,202501,1.0,1.0,0.0,0.4591479170272447,4,
Rich Text Format,202208,0.0,,,,3,
LiveScript,202012,0.0,,,,1,
Riot,202105,0.0,,,,1,
Hack,202204,0.0,,,,2,
Haml,202212,0.0,,,,1,
Pug,202106,0.0,,,,3,
VBA,202104,0.0,,,,1,
Pug,202009,0.0,,,,2,
Blade,202202,0.010893246187363835,0.9230769230769231,0.0,0.9206198357143047,10,0.0
Visual Basic .NET,202107,0.5,,,0.0,2,
Typst,202109,,,,,1,
AutoHotkey,202402,1.0,,0.0,0.4764097655573916,4,1.0
SAS,201911,,,,,1,
q,201805,,,,,1,
Reason,202011,,,,,1,
Stata,201809,,,,,1,
Common Lisp,201807,1.3333333333333333,,0.0,0.8112781244591328,3,
Jsonnet,202005,,,,,1,
Verilog,202105,0.25,1.0,,0.0,8,0.0
ShaderLab,202007,0.25,,0.0,0.0,4,0.0
Mathematica,201903,,,,,1,
Common Lisp,202201,0.25,1.0,,0.0,6,
Visual Basic,201807,0.0,,,,3,
Logos,202201,3.0,,0.0,0.9999999999999998,2,1.0
OpenSCAD,201805,,,,,2,
Nim,202104,3.5,,0.0,0.4591479170272447,6,1.0
KiCad Layout,202501,,,,,1,
ASL,202403,,,,,2,
Racket,202504,,,,,1,
GLSL,202412,0.09375,1.0,,0.0,6,
Verilog,202108,0.0,,,,5,
Prolog,202201,,,,,1,
Assembly,202404,0.014705882352941176,,0.0,0.0,8,
Erlang,202407,0.0,1.0,,,4,
Ren'Py,202305,,,,,1,
Elixir,202109,0.9090909090909091,1.0,0.0,0.467972348722933,18,0.33333333333333337
Twig,202210,0.0,,,,3,
Visual Basic,202012,,,,,2,
Scheme,202107,1.5,,0.0,0.9182958340544894,3,
ActionScript,201907,2.0,,0.0,0.8112781244591328,2,1.0
Apex,202101,,,,,1,
Puppet,202101,,,,,1,
AngelScript,202312,,,,,1,
AGS Script,202012,1.3333333333333333,0.3333333333333333,0.0,0.9400439301545984,2,0.0
MoonScript,202401,,,,,1,
Ren'Py,202502,,,,,2,
VHDL,202112,0.5,,0.0,0.0,4,1.0
OpenSCAD,201802,,,,,1,
Solidity,202409,0.8333333333333334,0.6363636363636364,0.0,0.9477309221191609,5,0.45454545454545453
WebAssembly,202501,6.0,,0.0,0.9206198357143047,1,
CMake,202008,0.6666666666666667,1.0,0.0,1.0,5,0.5
EJS,202107,0.0,,,,5,0.0
EJS,202011,0.0,,,,2,
D,202502,7.0,,0.0,0.9751060324573735,2,
Batchfile,202407,0.1111111111111111,0.5,0.0,0.0,7,1.0
LilyPond,202501,0.0,,,,1,
Coq,202111,0.0,1.0,,,1,
LLVM,202501,1.0,1.0,0.0,0.9182958340544894,3,
Twig,202206,0.0,,,,2,
ColdFusion,202111,0.0,,,,1,
Cuda,202102,0.0,,,,1,
Handlebars,202202,0.0,1.0,,,4,
Rich Text Format,201810,0.0,,,,2,
OCaml,202206,0.5952380952380952,0.875,0.0,0.40928681479105894,11,0.5
mdsvex,202301,0.0,,,,1,
Component Pascal,202408,0.0,,,,1,
PowerShell,202105,0.7532051282051281,0.96875,0.0,0.7045077139225386,18,0.7000000000000001
Crystal,202103,0.3333333333333333,0.0,0.0,0.0,2,
AGS Script,202405,1.0,0.0,0.0,0.9609640474436812,1,
Zig,202311,0.0,1.0,,,4,
Clojure,201909,2.283333333333333,0.75,0.0,0.43537128974830264,7,0.75
Reason,201911,0.29166666666666663,0.0,0.0,0.0,2,1.0
Roff,201904,0.25,,0.0,0.0,2,1.0
Erlang,201802,0.0,,,,1,
F#,201804,0.0,1.0,,,3,0.0
Tcl,202007,0.33333333333333337,,0.0,0.0,3,
TeX,201909,0.00800753650494583,0.8787878787878788,0.8,0.7484637730572947,18,0.5
Common Lisp,202007,0.6666666666666666,0.0,,0.0,4,0.6666666666666667
Batchfile,202206,0.7333333333333334,0.0,0.0,0.8539929580986685,4,1.0
D,202306,0.3695652173913043,0.6666666666666666,0.0,0.7966950943306089,3,1.0
mcfunction,202304,0.0,,,,1,
FreeMarker,202009,0.0,,,,1,
Monkey C,202101,0.0,,,,1,
GAP,202506,0.0,,,,1,
Logos,202012,0.125,,0.0,0.0,1,
WebAssembly,202004,0.125,,0.0,0.0,2,0.0
Monkey C,202206,0.5,1.0,,0.0,1,
Smarty,201803,0.25,1.0,0.0,1.0,3,1.0
Handlebars,202006,0.0,,,,2,
M4,202309,0.0,,,,1,
Groovy,202506,0.0,1.0,,,6,
Nim,201907,0.9166666666666666,,0.0,0.9591479170272448,3,1.0
TSQL,202102,0.0,,,,2,
Tcl,202305,0.2,0.0,0.0,0.0,2,1.0
VBScript,202006,2.6666666666666665,1.0,0.15384615384615385,0.8352180608218928,1,1.0
Answer Set Programming,202412,0.0,,,,1,
F#,202111,0.14285714285714285,0.0,0.0,0.946394630357186,3,
Blade,202410,0.0,1.0,,,7,0.0
1C Enterprise,202002,0.3333333333333333,,,0.0,2,
Astro,201810,0.4375,0.13333333333333333,0.0,0.5771110923417611,3,0.9090909090909091
Elixir,202504,0.21333333333333337,0.9166666666666666,0.0,0.3060986113514965,15,
GLSL,202011,0.0,,,,2,
LLVM,202503,1.0,,0.0,0.8962406251802891,2,
Monkey C,202404,0.0,1.0,,,2,
Visual Basic .NET,201802,0.0,,,,1,
MDX,202302,0.32115027115027117,0.818939393939394,0.041666666666666664,0.6863801851095261,14,0.7
Julia,202005,1.4677298630025488,0.47470950102529047,0.06222222222222223,0.6982060454058502,18,1.0
Smarty,202011,0.0,0.0,,,3,0.0
CartoCSS,202202,0.0,,,,1,
ZAP,202204,1.125,0.7272727272727273,0.0,0.9080802387420475,1,0.5
Sage,202303,0.0,,,,1,
OCaml,202002,0.2812635928664638,0.7880434782608696,0.1111111111111111,0.877697855371778,14,0.75
Hack,202005,0.0,1.0,,,1,
WDL,201901,0.0,1.0,,,1,0.0
Starlark,202105,0.0,,,,1,
OCaml,202402,0.2280701754385965,0.6000000000000001,0.0,0.846546451336979,7,0.0
Ballerina,202003,0.0,1.0,,,1,
Mathematica,202502,0.0,,,,2,
ZenScript,202406,1.875,,0.0,0.7504895726060559,2,1.0
Inform 7,202312,0.0,,,,1,
Jinja,202006,0.0,0.5833333333333334,,,6,0.5
Svelte,201907,0.06478632478632479,0.625,0.0,0.35445401258218207,4,0.8
Handlebars,202208,0.0,1.0,,,1,0.0
Groovy,201802,0.3197368421052632,0.42,0.0,0.8910865643732512,5,0.75
OMNeT++ MSG,202502,0.0,1.0,,,1,
WDL,201809,0.08,0.5,0.0,0.0,2,
CMake,201802,1.0521885521885521,0.16666666666666669,0.0,0.5252025000253383,4,0.33333333333333337
Tree-sitter Query,202302,2.9565217391304346,0.35714285714285715,0.14285714285714285,0.5711301444575314,1,1.0
Fortran,202309,4.913333333333334,0.6746031746031745,0.5,0.8005446707043089,4,0.0
CUE,202012,0.2,1.0,,0.0,1,
Perl,202005,0.21428571428571427,1.0,0.0,0.45094861793557633,17,
Liquid,202504,0.25,,0.0,1.0,8,
Haskell,201806,0.38095238095238093,1.0,0.0,1.0,10,0.5
Nextflow,201808,0.0,,,,1,
Nix,201901,0.06666666666666668,,0.0,0.0,3,
Mathematica,202301,0.018867924528301886,1.0,,0.0,1,0.0
CUE,202301,0.15,,0.0,0.0,1,
F#,202307,0.25520833333333337,0.7142857142857143,0.8,0.8415259969244246,5,
Nextflow,202002,0.0,1.0,,,1,0.0
Vala,202108,0.1694915254237288,,0.0,0.7519459001351978,3,0.8
SWIG,202502,0.0,,,,1,
Solidity,202203,0.7638603675786891,0.25,0.1,0.7156297408012056,13,0.5
Liquid,202409,0.17261904761904762,0.75,0.0,0.7344977967946406,8,0.5
Nextflow,202207,0.0,,,,1,
JSON,202112,0.023923444976076555,0.5757575757575758,0.0,0.4537163391869449,2,1.0
JSON,201803,0.0050968399592252805,0.7272727272727273,0.0,0.7219280948873623,1,0.5
Svelte,202207,0.2819264069264069,0.9,0.0,0.3906395072928452,23,0.25000000000000006
Hack,202109,0.0,,,,1,
VBA,202105,0.0,,,,1,
Pug,202202,0.0,,,,3,
Rich Text Format,202109,0.0,,,,1,
Stylus,202409,0.0,,,,2,0.0
Visual Basic,201909,,,,,2,
ABAP,202409,,,,,1,
Processing,202101,1.0,,0.0,1.0,3,1.0
Modula-2,201903,,,,,1,
ShaderLab,202312,2.0,,0.0,1.0,2,1.0
MoonScript,202312,,,,,1,
Common Lisp,201806,1.0,0.0,0.0,1.0,4,1.0
ASP.NET,202301,0.0,,,,2,
Cuda,202302,0.0,,,,3,
CoffeeScript,202108,0.1111111111111111,0.75,0.0,1.0,9,1.0
q,201802,,,,,1,
Verilog,202004,0.0,,,,5,
GLSL,202105,0.0,,,,3,
Puppet,201910,0.0,0.0,,,1,0.0
Zig,202206,1.0,0.0,0.0,0.0,3,
Clojure,202504,0.06060606060606061,0.5,0.0,0.0,7,
Processing,202411,0.0,,,,3,
q,201907,,,,,1,
GAP,201906,2.0,,0.0,1.0,2,
Solidity,202311,0.04938271604938271,0.9907407407407408,0.0,0.39879233991228696,13,0.2727272727272727
Squirrel,202503,,,,,1,
Visual Basic,202106,,,,,1,
CoffeeScript,202407,,,,,2,
Logos,202312,8.5,,0.0,0.9489715035575583,4,0.5
SAS,202403,,,,,1,
q,202108,,,,,1,
OCaml,202211,0.5844298245614036,0.8125,0.0,0.773008063362694,11,1.0
Tcl,201811,6.0,,0.0,0.9182958340544894,2,
YARA,202502,,,,,1,
Visual Basic,201911,,,,,2,
Vala,202006,4.0,,0.0,1.0,2,
Nim,202403,1.632804232804233,0.04285714285714286,0.21739130434782608,0.8039180883055419,4,1.0
Logos,202403,3.6666666666666665,,0.0,0.9184725155792699,4,1.0
GDScript,202105,,,,,3,
PostScript,202206,0.0,,,,4,
Bicep,202503,,,,,2,
Processing,201811,,,,,2,
ActionScript,202011,0.0,1.0,,,3,1.0
EJS,201901,0.0,,,,2,
Typst,202504,1.0,,,0.0,2,
Objective-C,202303,0.8333333333333334,1.0,0.0,0.33333333333333326,18,
Less,202305,0.5,,0.0,0.0,3,
Less,202504,,,,,2,
Less,201801,3.0,,0.0,0.9999999999999998,1,0.33333333333333337
Apex,202312,0.0,,,,2,
SourcePawn,202403,0.011764705882352941,,,0.0,1,
Racket,201901,0.0,,,,2,
Racket,201806,0.0,,,,2,
PLpgSQL,202501,0.125,1.0,,0.0,5,
Less,202210,0.25,,0.0,0.0,4,
PLpgSQL,202001,0.0,,,,4,
Astro,202006,0.4270015698587127,0.7,0.0,0.28544697765813043,8,1.0
GLSL,201804,0.3055555555555556,0.0,0.0,0.0,2,1.0
Scilab,202209,0.0,1.0,,,2,
SQLPL,202005,0.0,,,,1,
GLSL,202112,0.5,1.0,0.0,0.0,3,
Common Lisp,202010,0.0625,,0.0,0.0,4,
F#,201909,0.03333333333333333,1.0,,0.0,4,0.0
Stata,202006,0.0,,,,1,
Common Lisp,202409,0.0,,,,6,
Squirrel,202209,0.0,,,,1,
Smarty,202209,0.0,,,,5,
PLSQL,202002,0.0,,,,1,
Fortran,201810,0.0,,,,3,
Monkey C,201810,0.0,,,,1,
Typst,202208,0.0,,,,1,
Forth,201908,0.0,,,,1,
Tcl,202005,0.0,1.0,,,3,
Scilab,202011,0.0,,,,1,
AutoHotkey,202101,0.0,,,,2,
Cuda,202107,0.7666666666666666,,0.0,0.4591479170272447,3,
Jinja,202109,0.22459537842641966,0.9375,0.0,0.7015139198887234,10,1.0
Nim,202502,8.0,0.0,0.0,0.4153735007338397,3,
Nunjucks,201912,0.0,,,,1,
Liquid,202505,0.65625,0.5,0.0,0.4854752972273344,5,
Bikeshed,202412,1.5416666666666667,0.6666666666666666,0.0,0.8341613626222741,3,
ActionScript,202002,1.6111111111111112,,0.2,0.8303676003233043,2,0.75
IDL,202409,1.0,,0.0,0.0,1,
CMake,202410,0.14444444444444446,0.5555555555555556,0.0,0.32365019815155627,11,
POV-Ray SDL,202102,3.5,,0.0,0.7551630862513187,1,1.0
POV-Ray SDL,201803,0.0,,,,1,
RAML,202006,0.0,,,,1,
XSLT,201908,1.3085714285714287,1.0,0.0,0.23042995646859632,5,0.2
Elm,202003,0.2,0.0,0.0,0.0,2,
Apex,202002,0.08333333333333333,0.6666666666666666,0.0,0.0,2,0.0
Fortran,202211,2.84,0.38888888888888884,0.07692307692307693,0.7785708232674997,6,1.0
ReScript,202211,0.0,,,,2,
Scilab,202206,0.0,1.0,,,1,
Blade,201905,0.0,,,,3,0.0
Assembly,202208,0.2,1.0,0.0,0.0,5,1.0
Groovy,201812,0.125,0.75,0.0,0.9206198357143047,4,0.0
F*,201901,0.0,,,,1,
WDL,202104,0.14285714285714285,,,0.0,1,
Groovy,202408,0.058126017205301084,0.5,0.0,0.33333333333333337,12,0.5
Typst,202011,0.0,,,,2,
BitBake,202204,0.05,0.0,0.0,0.0,2,1.0
IDL,201903,0.0,1.0,,,1,0.0
Common Lisp,201809,0.0,1.0,,,6,
CMake,202103,0.0,,,,5,
QML,201806,1.3214285714285714,,0.2222222222222222,0.7654369851575934,1,
Go Template,202304,0.0,,,,4,
Fortran,202006,2.8888888888888893,0.7142857142857143,0.2222222222222222,0.6523414541995283,4,
Motoko,202502,0.0,1.0,,,1,
Nasal,202402,0.0,1.0,,0.9182958340544894,1,
XSLT,202505,0.0,1.0,,,5,
Blade,202007,0.25,,,0.0,6,
Bicep,202406,0.07692307692307693,1.0,0.0,0.0,4,0.0
F#,201812,0.0,,,,3,
Common Lisp,201803,0.5333333333333333,0.5,0.0,0.4591479170272447,7,0.6
ZAP,202312,2.2666666666666666,0.42857142857142855,0.0,0.8309177822012961,1,1.0
ZAP,202409,3.4,0.38461538461538464,0.3333333333333333,0.8396117967566492,1,0.5
Mathematica,202302,0.0,,,,1,
Groovy,202008,0.5,,0.0,1.0,5,
SQF,202408,0.5714285714285714,0.7142857142857143,0.6666666666666666,0.9886994082884974,1,1.0
YARA,202205,0.0,,,,1,
CUE,202209,0.2894736842105263,,0.0,0.9940302114769566,1,
Blade,202104,0.0,1.0,,,8,
Nunjucks,202005,0.0,1.0,,,3,0.0
Game Maker Language,202411,0.039473684210526314,1.0,0.0,0.0,1,
Component Pascal,202302,0.0,,,,1,
Svelte,202002,0.31732690725285057,0.5173611111111112,0.25,0.7229994083194048,4,0.875
Nim,202405,0.6875,0.038461538461538464,0.0,0.9969562518473083,6,
BASIC,202107,0.0,1.0,,0.0,1,
Nextflow,202211,0.0,,,,2,
Markdown,202209,0.013676606834934893,,,0.0,7,0.0
Gherkin,201909,2.6382978723404253,0.5428571428571428,0.0,0.571341139328809,1,
MDX,201808,3.7041420118343193,0.6984126984126984,0.0110803324099723,0.9012025651039647,1,0.475609756097561
Gherkin,202405,0.33164556962025316,0.3333333333333333,0.15384615384615385,0.6105434823170547,2,
Gherkin,202407,0.20588235294117646,0.6071428571428571,0.0,0.6417113163330485,2,
reStructuredText,202408,0.0,,,,1,
CoffeeScript,202211,0.0,,,,2,
CoffeeScript,202109,0.0,1.0,,,7,
Elm,202109,0.0,,,,1,
Less,202206,0.16666666666666666,0.0,0.0,0.0,2,
Visual Basic,202210,0.0,,,,1,
Tcl,202205,0.0,,,,1,
Handlebars,202307,0.0,,,,1,
VHDL,202501,,,,,3,
Common Lisp,201810,,,,,2,
ActionScript,202012,0.0,1.0,,,3,0.5
EJS,202304,0.0,,,,12,
GDScript,202312,0.4027777777777778,1.0,0.0,0.30609861135149646,9,0.5
Smarty,202109,0.0,,,,4,
Visual Basic .NET,202111,2.0,,0.0,0.0,1,
FreeMarker,202305,,,,,1,
AGS Script,202404,0.16,0.0,0.0,0.8112781244591328,2,1.0
GDScript,202209,0.3333333333333333,,0.0,1.0,7,1.0
Erlang,202202,1.0,,,0.0,2,
Stylus,202112,0.0,,,,2,
Vala,202102,0.0,,,,2,
Typst,202008,,,,,1,
Tcl,202401,0.0,,,,2,
Stata,201803,,,,,2,
Stata,201801,6.0,,0.0,1.0,2,1.0
TSQL,202409,,,,,1,
Erlang,202111,,,,,2,
Pawn,202405,,,,,3,
CUE,202208,,,,,1,
Crystal,201909,,,,,2,
eC,202102,,,,,1,
Assembly,202306,0.0,1.0,,,7,0.0
Tcl,201803,,,,,1,
Erlang,202403,0.0,1.0,,,4,
Smalltalk,202103,,,,,2,0.0
GLSL,202205,0.25,0.0,0.0,0.0,2,
CoffeeScript,201809,1.1761904761904762,0.7619047619047619,0.0,0.7671862836961658,8,0.0
WebAssembly,202207,,,,,1,
VBScript,202406,,,,,2,
VHDL,202404,2.0,,0.0,1.0,4,
Reason,202105,0.0,,,,3,1.0
Roff,202109,0.0,,,,3,
Gnuplot,201904,1.0,,0.0,0.0,1,
Bicep,202411,0.0,1.0,,,3,
Verilog,202111,0.25,,,0.0,6,0.0
Blade,202501,0.0,1.0,,,6,
ShaderLab,202003,0.0,,,,2,1.0
Cuda,202406,,,,,1,
Limbo,202107,,,,,1,
Stata,201807,,,,,1,
q,202001,,,,,1,
Clojure,202212,0.0,,,,8,
Vue,201804,0.25000000000000006,1.0,0.0,0.0,15,0.6666666666666666
Stata,202205,,,,,1,
Fennel,202412,7.0,,0.0,0.9852281360342515,2,1.0
Assembly,202301,0.25,1.0,0.0,0.0,7,0.0
Monkey C,202204,0.0,0.0,,,1,
Gleam,202405,1.5454545454545454,1.0,0.0,0.4591479170272447,2,0.0
Assembly,202006,1.25,,0.0,0.33333333333333337,7,1.0
PostScript,202212,0.0,,,,4,
PLpgSQL,202102,,,,,1,
Roff,202307,1.0,,0.0,1.0,2,1.0
OCaml,202009,0.4170403280929597,0.6166666666666667,0.0,0.6321743055827576,10,0.8
PostScript,202502,0.0,,,,3,
F#,202206,0.0,1.0,,,5,0.0
SAS,202004,,,,,1,
CMake,201806,1.6666666666666667,0.0,0.0,0.43156028428331555,3,1.0
Verilog,202107,0.6666666666666666,,0.0,0.8962406251802889,5,0.6666666666666667
Common Workflow Language,202002,0.0,,,,1,
RobotFramework,202412,0.0,,,,1,
F#,201911,0.0,,,,3,
G-code,202201,0.0,,,,1,
Clojure,202105,0.9757575757575758,0.875,0.0,0.930341890344648,7,0.5
GDScript,202009,0.3333333333333333,,0.0,0.0,4,
LiveScript,201912,0.0,,,,1,
M4,202502,0.0,,,,1,
Modula-2,201911,0.5,,,0.0,1,0.0
Racket,202411,2.3333333333333335,0.0,0.0,0.9852281360342515,2,
1C Enterprise,202208,0.0,,,,1,
Jinja,201806,0.17855421686746986,0.6666666666666666,0.0,0.11243002220567129,5,1.0
FreeMarker,202103,0.0,,,,1,
MATLAB,201809,0.17857142857142858,1.0,0.0,0.0,14,0.33333333333333337
Racket,201902,0.0,1.0,,,2,0.0
Markdown,202002,0.0,,,,2,
AngelScript,202112,0.0,,,,2,
Forth,202402,0.0,,,,1,
LilyPond,202312,0.0,,,,1,
ABAP,202503,0.2,,0.0,0.0,1,
M4,202112,0.0,,,,1,
M4,201809,0.0,,,,1,
Pascal,202111,0.9032258064516129,1.0,0.0,0.8692273212484024,7,1.0
ASL,202102,0.8,,0.0,0.9426312039378821,3,1.0
GDB,201810,0.0,,,,1,
Bicep,202408,0.0,1.0,,,2,
CMake,202111,2.2180894308943087,1.0,0.0,0.3313434038256522,8,0.0
OCaml,202309,0.49288350026357414,0.8333333333333334,0.0,0.8940673242049256,11,0.5
Rich Text Format,201804,0.0,1.0,,,2,0.0
GSC,202504,0.0,,,,2,
ActionScript,202004,1.125,1.0,0.0,0.9359446974458658,2,0.6666666666666666
Batchfile,202001,1.6666666666666667,1.0,0.0,0.9602297178607612,3,0.0
Nushell,202410,0.0,,,,2,
LLVM,202502,0.08080808080808081,,0.0,0.8194483718728035,3,
GAP,201806,2.1666666666666665,,0.0,0.961236604722876,1,
LabVIEW,201904,1.8,0.3333333333333333,0.0,0.9874687506009635,1,
HLSL,202107,0.0,1.0,,,1,
Common Lisp,202012,1.8148148148148149,0.0,0.0,0.2883245069059757,4,1.0
Astro,202203,0.0,1.0,,,9,
VBA,202206,0.0,,,,2,
OpenSCAD,202109,0.0,1.0,,,3,
LLVM,202212,0.4444444444444444,,0.0,0.946394630357186,3,0.0
Haskell,202101,0.31114341085271324,0.9107142857142857,0.125,0.5056108798455847,11,0.5
Agda,202404,0.0,,,,1,
Bikeshed,202106,1.6666666666666667,0.3333333333333333,0.0,0.7559044077422279,1,1.0
Smarty,201910,0.0,,,,2,
Component Pascal,202306,0.0,,,,1,
Inform 7,202403,0.0,,,,1,
VBA,202408,0.0,,,,1,
Nunjucks,202202,0.019999999999999997,1.0,,0.0,10,
Groovy,202106,0.6607142857142857,1.0,0.0,0.4854752972273344,9,0.5
Tree-sitter Query,202112,2.8461538461538463,0.7142857142857143,0.0,0.7510130995649976,1,0.5714285714285714
Rich Text Format,202209,0.0,,,,2,
MoonScript,202007,0.0,,,,1,
Cairo,202408,0.0,,,,1,
CMake,202006,0.06666666666666667,0.6666666666666666,0.0,0.0,5,
Sass,202207,0.0,,,,1,
Fennel,202101,0.08571428571428572,,0.0,0.0,1,1.0
ZAP,202404,3.25,0.4,0.2222222222222222,0.7857916493015822,1,
MDX,202203,3.0910714285714285,0.5238095238095238,0.0,0.6521855090889158,6,0.5000000000000001
Batchfile,202208,0.20634920634920634,0.5,0.0,0.0,5,0.0
GDScript,202504,0.27962962962962956,1.0,0.0,0.0,11,
Solidity,202106,0.19753086419753085,0.9166666666666667,0.0,0.8024052436705212,6,
GDScript,201908,0.04081632653061224,1.0,0.0,1.0,1,0.0
Nim,202001,0.0,,,,3,0.0
Gherkin,202212,0.3201320132013201,0.5,0.0,0.4607492878258264,3,0.0
ZenScript,202204,0.25170068027210885,1.0,0.0,0.8565976434838222,1,1.0
Haml,201912,0.47318611987381703,0.55,0.0,0.8463962929459218,1,0.4
Assembly,201810,0.0,,,,4,
VBA,202009,0.0,,,,1,
CoffeeScript,201808,0.8768656716417911,0.75,0.2,0.7134991967632587,5,1.0
Blade,202105,0.0,1.0,,,10,
CoffeeScript,202212,0.0,,,,3,
Makefile,202108,1.0211548033847684,0.7817460317460317,0.0,0.601040918370156,18,0.5
Batchfile,202308,0.1844444444444444,1.0,0.0,0.8624170457528799,7,1.0
Stylus,202106,0.0,,,,3,
CoffeeScript,202208,0.0,0.6666666666666666,,,2,0.0
Smalltalk,202301,3.0,,,0.0,2,1.0
AGS Script,202312,,,,,1,
Pascal,202503,0.41666666666666663,,0.0,0.5,6,
Vala,202407,,,,,1,
Scheme,202105,0.0,,,,3,
Common Workflow Language,202209,,,,,1,
Assembly,202008,0.0,,,0.0,4,
SystemVerilog,202405,4.25,0.5,0.0,0.9239674573461862,4,0.42857142857142855
Haxe,202503,4.5,0.3333333333333333,0.0,0.46531411220828894,2,
NSIS,202007,,,,,1,
SAS,202301,,,,,1,
Coq,202109,0.0,,,,2,
OpenSCAD,202204,2.3333333333333335,,0.0,0.8631205685666311,3,
Racket,202503,,,,,1,
Smalltalk,202506,,,,,1,
AutoIt,202103,,,,,1,
FreeMarker,202206,,,,,1,
Haskell,202403,0.058823529411764705,1.0,0.0,1.0,11,0.5
Stata,202406,,,,,1,
Erlang,202309,0.0,,,,2,
Apex,202206,0.0,,,,3,
Twig,202402,3.0,,0.0,0.9182958340544894,1,1.0
OpenSCAD,202408,,,,,2,
Processing,202003,,,,,3,
Blade,201803,0.0,,,,2,
OCaml,202306,0.15425531914893614,0.7417582417582417,0.1,0.9069030241623942,13,0.0
Gleam,202406,3.0,,0.0,0.9182958340544894,1,1.0
Elixir,201811,0.2364705882352941,0.32222222222222224,0.0,0.42957787733432673,8,1.0
SystemVerilog,202309,,,,,1,
Solidity,201907,1.0862068965517242,0.5588235294117647,0.25,0.2370742188615214,4,1.0
Smali,202305,3.0,,0.0,0.0,1,
OpenSCAD,201905,0.0,,,,3,
Clojure,201903,0.725,0.25,0.0,0.9381788197449261,8,0.5
Typst,202406,3.0,,0.0,0.8783471047618534,3,1.0
ShaderLab,202308,1.0,,0.0,1.0,2,0.5
Less,202105,0.0,,,,2,
DM,202202,0.0003333333333333334,1.0,0.0,0.0,5,
Blade,201806,0.0,,,,2,
Agda,202412,0.0,,,,1,
FreeMarker,202105,0.0,,,,1,
AL,202402,0.0,1.0,,,2,
D,201810,0.0,,,,1,
GAP,202406,0.0,,,,3,
CoffeeScript,201901,0.25957446808510637,0.9523809523809523,0.0,0.46059274829427715,6,
PLSQL,202009,0.0,,,,1,
Forth,202210,0.0,1.0,,,3,
GLSL,202005,0.0,,,,3,
Visual Basic 6.0,202212,0.0,,,,1,
CartoCSS,202408,0.0,,,,1,
Astro,202106,0.07142857142857144,1.0,0.0,0.0,9,
GAP,202012,0.0,,,,1,
Gnuplot,202002,0.0,1.0,,,1,0.0
Coq,201906,1.0,,,0.0,1,0.0
BitBake,202207,0.0,,,,2,
Zig,202407,0.3666666666666667,0.8333333333333333,0.0,0.9456603046006401,6,0.3333333333333333
Nasal,202211,8.0,0.0,0.0,0.9886994082884974,1,1.0
HCL,201811,0.25,0.6666666666666666,0.0,0.9999999999999998,7,0.6666666666666667
MoonScript,202104,2.5,,0.0,0.9709505944546688,1,1.0
ShaderLab,202310,0.6666666666666666,0.5,0.0,1.0,1,0.5
Scheme,202010,0.0,,,,3,
Twig,202204,0.0,1.0,,,4,
Visual Basic .NET,202012,0.0,,,,2,
Nix,202010,0.23148148148148145,0.65,0.3333333333333333,0.6842367259204867,5,0.5
Liquid,202311,0.18055555555555555,0.8,0.0,0.9421567638998996,3,0.75
Zig,202109,0.1111111111111111,0.6666666666666666,0.0,0.0,3,0.5
Nunjucks,201805,0.0,,,,1,
Mustache,202206,0.0,1.0,,,2,
Rich Text Format,202503,0.0,,,,1,
OpenSCAD,202403,0.0,,,,2,
Nim,202503,2.857142857142857,0.2,0.6666666666666666,0.946394630357186,4,
Emacs Lisp,201901,2.5555555555555554,0.0,0.0,0.8975938614486516,15,1.0
Tcl,202004,0.0,,,,1,
Luau,202503,0.0,,,,3,
XSLT,201809,0.4888888888888889,0.0,0.0,0.8971031793141535,4,1.0
Julia,202504,0.3698032961190856,0.7,0.037037037037037035,0.9074520666696964,22,
Elm,201904,0.6666666666666666,,0.0,0.0,1,1.0
Dart,201812,0.7064516129032258,,0.0,0.24999999999999994,8,0.5
Smali,202311,0.3333333333333333,1.0,0.0,0.0,1,0.0
EJS,202406,0.028571428571428574,,0.0,0.0,7,
Less,202002,1.1666666666666665,1.0,0.0,0.9629610647945144,3,1.0
EJS,202005,0.36,1.0,0.0,0.473197315178593,5,0.5
Visual Basic .NET,202306,0.0,,,,2,
Assembly,202206,0.0,,,,6,
EmberScript,202208,2.125,0.0,0.0,0.8009579130471371,1,1.0
Nunjucks,202302,0.05,1.0,,0.0,5,
TeX,201801,0.05456349206349205,0.0,0.0,0.0,11,0.6666666666666666
GLSL,202410,1.0415151515151515,0.375,0.2916666666666667,0.5516597947088449,5,1.0
eC,201906,0.0,,,,1,
Smalltalk,201903,0.0,1.0,,,6,0.0
Astro,202008,0.3333333333333333,0.5,0.0,0.9528195311147832,8,1.0
ZenScript,202502,0.0,,,,2,
Apex,202406,0.0,,,,1,
PLpgSQL,201803,0.03515625,1.0,0.0,0.8527924884900404,2,1.0
Move,202311,0.05555555555555555,1.0,,0.0,1,
PLSQL,201911,0.0,1.0,,,2,0.0
Open Policy Agent,202201,0.0,,,,1,
Stata,201904,0.047619047619047616,,0.0,0.0,1,
Tree-sitter Query,202310,0.5789473684210527,0.4,0.0,0.9713256910609174,1,0.7
Reason,201908,3.0,,0.0,0.7896900821428474,2,
ZenScript,202312,0.0,,,,2,
Scala,201905,0.7244476933073425,0.6301247771836007,0.19047619047619047,0.641651023311062,16,0.7142857142857143
Ada,202104,0.030303030303030304,1.0,,0.0,1,
TSQL,201906,0.010846560846560847,1.0,,0.0,10,0.0
DM,202502,0.0,1.0,,,10,
Luau,202308,0.0759493670886076,1.0,0.0,0.8631205685666311,1,1.0
EJS,202303,0.075,1.0,0.0,0.9182958340544894,10,
Handlebars,202111,0.0,,,,2,
Markdown,202211,0.0134565180246102,,,0.0,8,
JSON,202501,0.0103359173126615,0.4444444444444444,0.0,0.5435644431995964,3,
Rich Text Format,201806,0.0,1.0,,,2,0.0
Stylus,202103,0.0,,,,2,
Less,202202,0.0,,,,2,0.0
VBA,202211,0.0,,,,2,
Pug,202012,0.0,,,,3,
BitBake,202111,0.0,,,,2,
Visual Basic .NET,202406,,,,,1,
Visual Basic .NET,202102,,,,,1,
SQL,202505,,,,,1,
Nim,202105,1.0,,0.0,0.0,4,
KakouneScript,202111,,,,,1,
GLSL,202505,1.0476190476190474,0.25,0.0,0.9603099178571525,4,
Go Template,202209,0.0,,,,4,
CoffeeScript,202402,0.0,1.0,,,2,
GLSL,202506,0.3333333333333333,1.0,0.0,0.0,4,
LabVIEW,201906,,,,,1,0.0
Nim,201911,0.33333333333333337,,0.0,0.0,3,
Typst,202105,,,,,1,
Erlang,202312,,,,,1,
PureScript,201806,1.0,1.0,0.0,0.0,3,
OpenSCAD,202305,,,,,2,
Visual Basic .NET,202309,0.0,,,,2,0.0
Clojure,202007,0.24242424242424243,0.16666666666666666,0.25,0.7389264570842955,5,
D,202010,0.5,,0.0,0.0,3,1.0
CMake,201910,0.0,,,,3,1.0
Haxe,202006,0.0,,,,2,
SAS,202009,,,,,1,
Racket,202311,,,,,1,
Groovy,202109,0.0,1.0,,,10,0.0
Cuda,202211,,,,,1,
Batchfile,201804,0.5,,0.0,0.0,2,1.0
Limbo,202203,,,,,1,
Bicep,202404,0.0,,,,2,
Cuda,202403,,,,,1,
EmberScript,202505,1.0,,,0.0,1,
MoonScript,202412,,,,,1,
Cuda,202502,,,,,1,
Scheme,202004,0.0,,,,2,
SystemVerilog,202004,,,,,1,0.0
Less,202401,0.0,1.0,,,3,
Verilog,202411,0.3333333333333333,,0.0,0.0,10,0.0
Edge,202410,,,,,1,
Verilog,201808,0.0,,,,3,
Logos,202505,,,,,3,
Haxe,202501,1.0,1.0,0.0,1.0,3,
Processing,202005,,,,,2,
Bikeshed,202406,2.8452380952380953,0.5,0.4,0.8877472988038233,2,0.5
ActionScript,202008,,,,,1,0.0
Logos,202501,1.0,,0.0,0.0,3,
Liquid,202403,0.0,1.0,,,6,
Logos,202109,6.0,,0.0,0.9697238998682473,2,0.5
Liquid,202212,5.0,,0.0,1.0000000000000002,1,1.0
LLVM,202011,3.0,1.0,0.0,0.9697238998682473,2,
Less,202503,,,,,2,
Tree-sitter Query,202412,12.0,0.0,0.0,0.8070027314271102,1,1.0
GDScript,202505,0.33333333333333337,1.0,0.0,0.0,8,
MDX,202303,3.666711185427763,0.6487179487179487,0.17142857142857143,0.8103775264546879,14,0.6
Liquidsoap,202506,0.0,,,,1,
M4,201807,0.0,,,,1,
1C Enterprise,202103,0.0,,,,2,
Jai,202401,0.0,,,,1,
AutoHotkey,202307,0.0,,,,3,
YAML,202301,0.0,,,,1,
RobotFramework,202306,0.0,,,,1,
Coq,201909,0.0,,,,1,
Jinja,201812,0.07407407407407407,0.8333333333333334,0.0,0.946394630357186,7,
Modelica,201807,0.9411764705882353,0.0,0.0,0.954434002924965,1,1.0
POV-Ray SDL,202307,0.5,,,0.0,1,
Solidity,201910,0.8690476190476191,0.8333333333333333,0.2222222222222222,0.20952816835881072,2,0.0
Nasal,202403,0.0,,,,1,
1C Enterprise,202211,0.0,,,,3,
Handlebars,202405,0.0,,,,1,
DM,201801,0.0,,,,1,
LabVIEW,201901,0.0,1.0,,,1,
Forth,202112,0.25,,,0.0,2,
POV-Ray SDL,201812,0.0,,,,1,
Stata,201902,0.3333333333333333,,0.0,0.0,2,1.0
ASP.NET,202408,0.0,1.0,,,2,0.0
Cypher,202005,0.0,,,,1,
HCL,201909,0.15873015873015872,0.75,0.0,0.0,8,0.0
Jsonnet,202401,0.0,,,,2,
reStructuredText,202304,0.0,,,,1,
F#,202102,0.08333333333333333,0.0,0.0,1.0,4,1.0
Smalltalk,202407,0.0,,,,1,
Crystal,202412,0.0,,,,2,
EmberScript,202201,1.0,1.0,,0.0,1,
Scilab,202405,0.0,,,,1,
Jinja,201811,0.008695652173913044,0.95,0.0,0.0,6,0.0
PureScript,201902,0.0,0.5,,,4,0.3333333333333333
ActionScript,201909,0.6,,0.0,0.9182958340544894,1,1.0
LilyPond,202311,0.0,,,,1,
M4,201806,0.0,,,,1,
Nushell,202405,0.0,1.0,,,1,
LilyPond,202209,0.0,,,,1,
F#,202309,0.13333333333333333,,0.0,1.0,3,
Answer Set Programming,202503,0.08333333333333333,,,0.0,1,
Astro,201909,0.8187499999999999,0.2,0.25,0.9128078110670204,5,1.0
QML,202412,0.0,,,,1,
SQLPL,202003,0.0,1.0,,,1,
Nix,202102,0.6861761426978819,0.45,0.1111111111111111,0.7463120656300724,5,0.5
Fluent,202501,0.0,1.0,,,1,
Roff,202001,0.0,1.0,,,3,
Jinja,202205,0.6818181818181818,0.75,0.0,0.5,6,1.0
AutoHotkey,202201,0.25,,0.0,0.0,5,0.0
Prolog,201910,0.0,,,,1,
ASP.NET,202505,0.0,1.0,,,2,
DM,201901,0.0,,,,1,
Rich Text Format,202008,0.05,0.8,0.0,0.0,3,
DM,201903,0.0,,,,1,
Nim,202101,0.0,1.0,,,6,
Inform 7,202401,0.0,,,,1,
Limbo,201903,0.0,,,,1,
GLSL,202407,0.6411290322580645,0.5,0.0,0.4854752972273344,2,
Liquid,202103,1.2244897959183674,0.6,0.15384615384615385,0.7742396798393851,1,1.0
Component Pascal,202406,0.0,,,,1,
Assembly,201801,0.0,,,,2,
F#,202401,0.09581646423751686,0.75,0.0,0.4123493675869248,3,0.6
JSON,202205,0.04601950339713107,0.8235294117647058,0.0,0.4591479170272447,3,
JSON,202401,0.011684782608695652,0.7333333333333333,0.0,0.0,4,
Rich Text Format,201802,0.0,1.0,,,1,0.0
Markdown,202112,0.004126082251082251,,,0.0,4,
JSON,202204,0.05558904660126779,0.5166666666666667,0.0,0.12611972410549455,3,
Stylus,202207,0.4,,0.0,0.0,5,1.0
Gherkin,202303,0.1568627450980392,0.5357142857142857,0.0,0.5703304920228489,3,
Nim,202207,1.5795454545454544,0.6875,0.17777777777777778,0.5502377185364957,6,1.0
Handlebars,202206,0.005681818181818182,0.9705882352941176,0.0,0.0,2,0.0
Nunjucks,202201,0.005270092226613966,1.0,,0.0,11,0.0
Logos,202504,,,,,3,
ActionScript,201805,,,,,1,
IDL,202211,,,,,1,
Modula-2,202211,,,,,1,
Nasal,202409,,,,,1,
Racket,202108,,,,,2,
Pawn,202008,,,,,1,
mcfunction,202309,0.6666666666666666,0.0,0.0,0.0,2,1.0
OpenSCAD,202105,0.0,,,,2,
Vala,202104,,,,,1,
Liquid,202208,0.7272727272727273,1.0,0.0,0.9056390622295664,2,0.5
PureScript,202210,,,,,1,
Cuda,202309,,,,,1,
Assembly,201903,0.0,,,,4,0.0
SQL,202407,,,,,1,
Puppet,202309,0.42857142857142855,1.0,,0.0,2,
SourcePawn,202212,,,,,1,
Raku,201910,,,,,1,
Vala,202010,,,,,1,
Nim,201903,0.6666666666666667,,0.0,0.0,4,
Processing,201802,,,,,1,
UnrealScript,202212,,,,,1,
GDScript,202101,0.5,1.0,0.0,0.0,3,0.0
ASL,202212,,,,,2,
Assembly,201809,0.0,1.0,,,3,
Apex,201906,0.0,,,,3,
ColdFusion,201812,1.0,,,0.0,1,1.0
WebAssembly,202405,3.0,,0.0,0.9182958340544894,1,
q,201904,,,,,1,
MoonScript,202311,,,,,1,0.0
VBScript,201903,5.0,,0.0,0.8649735207179272,2,0.0
q,201906,,,,,1,
F#,201811,0.0,,,,3,
PureScript,201802,,,,,1,
BitBake,202011,,,,,1,
Pascal,202206,2.0,,0.0,0.9182958340544894,6,
VBScript,201805,2.0,,0.0,1.0,1,
Bikeshed,202408,,,,,3,
Verilog,201805,,,,,1,
Racket,202103,,,,,2,
PostScript,201806,0.0,,,,3,
WebAssembly,202111,29.0,,0.0,0.8935991231452852,1,
Fennel,202407,1.2222222222222223,,0.0,0.9940302114769566,2,
Vala,202003,,,,,2,
Nim,202402,2.1123595505617976,0.09523809523809523,0.13333333333333333,0.505343391075187,4,1.0
Processing,202004,1.0,0.0,0.0,0.9182958340544894,4,1.0
Reason,201804,1.5,0.0,0.0,0.9999999999999998,2,1.0
CMake,201804,6.5,0.5,0.0,0.961236604722876,4,
Clojure,201804,1.1944444444444442,0.0,0.0,0.6666666666666667,5,1.0
Open Policy Agent,202411,0.0,,,,1,
ReScript,202207,0.0,,,,1,
PowerShell,201912,1.25,1.0,0.0,0.8948450410714237,11,0.75
Sage,202407,0.0,,,,1,
Just,201905,0.0,,,,2,
D,201809,0.1,0.5,0.0,0.0,2,
CartoCSS,202303,,,,,1,
CoffeeScript,202411,0.0,1.0,,,2,
TeX,201805,0.10982142857142857,1.0,0.0,0.30609861135149646,11,0.5
GLSL,202408,0.8888888888888888,,0.0,1.0,4,
Open Policy Agent,202108,0.0,,,,1,
MDX,202007,0.6667479674796748,0.48809523809523814,0.011299435028248588,0.8653326929654938,6,0.7777777777777777
ColdFusion,201805,0.0,1.0,,,2,0.0
BASIC,202012,0.0,,,,1,
Go Template,202310,0.06666666666666667,,0.0,0.0,5,
Crystal,202010,0.2,0.5,0.0,0.0,2,
Monkey C,202208,0.6666666666666666,1.0,0.0,1.0,1,
Batchfile,202008,0.07905982905982906,1.0,0.0,0.4056390622295664,6,0.0
Gnuplot,201804,1.0,0.0,0.0,0.9602297178607612,1,1.0
KakouneScript,202106,3.25,0.5,0.5,0.8777875964952415,1,1.0
Bikeshed,202207,3.8333333333333335,,0.25,0.7262963177166071,2,1.0
Fortran,202206,0.4969267598343685,0.95,0.0,0.42019193773614466,8,
YAML,202402,0.0,,,,1,
Kaitai Struct,202405,0.0,,,,1,
EJS,202310,0.0,1.0,,,9,
UnrealScript,202102,0.0,,,,1,
Forth,202105,0.0,,,,1,
TSQL,201911,0.0,1.0,,,10,0.0
Nim,202002,0.0,1.0,,,5,
Modula-2,202205,0.0,,,,1,
Stylus,201909,0.0,,,,2,0.0
Batchfile,201810,0.16666666666666666,,,0.0,1,
AMPL,201812,0.0,,,0.0,1,
Zig,202406,0.0,,,,3,
Prolog,202001,0.0,,,,1,
Nunjucks,202409,0.1111111111111111,1.0,,0.0,3,
Makefile,202005,2.031385281385281,0.5833333333333333,0.0,0.7075857065741082,19,0.2
Smarty,202210,0.0,1.0,,,4,0.0
Elm,201910,0.0,1.0,,,2,
FreeMarker,202112,0.0,,,,2,
Less,202403,0.0,,,,3,1.0
RMarkdown,202304,0.0,,,,1,
YAML,202206,0.0,,,,1,
IDL,202505,0.0,1.0,,,1,
F#,202302,0.8,1.0,0.0,0.4056390622295664,6,
EJS,202203,0.11111111111111113,1.0,0.0,0.0,9,
OCaml,202203,0.07966457023060798,0.8,0.0,0.4814805323972572,7,0.0
Fennel,202102,0.037037037037037035,,0.0,0.0,1,
LLVM,201810,0.0,1.0,,,1,
AutoHotkey,202008,0.0,,,,2,
Nextflow,202112,0.0,,,,1,
Svelte,202001,0.13841229653172446,0.5622119815668203,0.15384615384615385,0.6972609009122182,6,0.6363636363636364
Liquid,202003,0.78125,0.6666666666666666,0.5,0.7463685701896878,1,0.3333333333333333
Fennel,201909,0.5147058823529411,0.0,0.2222222222222222,0.7844523476923978,1,1.0
Stylus,202108,0.0,,,,4,
Liquid,202005,0.0,0.0,,0.0,1,1.0
ZenScript,202501,0.125,1.0,0.0,0.6913698302025114,2,
WebAssembly,201811,0.0,,,,1,
JSON,202312,0.013014317252038759,0.5,0.0,0.0,4,0.0
JSON,202002,0.06779661016949153,0.7951807228915663,0.0,0.647497472344651,1,
Open Policy Agent,202208,0.0,,,,1,
F#,202006,0.125,,0.0,1.0,4,
G-code,202212,0.0,,,,1,
TSQL,202108,0.0,,,,9,
Common Lisp,202204,0.0,,,,4,
ASL,202204,,,,,2,
Verilog,202005,0.0,,,,6,
Erlang,202006,0.09090909090909091,0.5,0.0,0.9182958340544894,4,
WebAssembly,202108,1.0,,0.0,0.0,1,
F#,201912,0.0,,,,2,
ABAP,202401,0.4,,0.0,0.0,2,1.0
Julia,201906,0.29750949049946973,0.36038961038961037,0.07407407407407407,0.7463966600517546,13,0.5
Pawn,202303,1.0,,,0.0,2,
Smalltalk,202201,,,,,2,
BitBake,202210,0.0,1.0,,,5,0.0
ActionScript,201906,0.0,,,,3,
ActionScript,202212,,,,,1,
Verilog,202202,1.4807692307692308,,0.0,0.8816495147708621,9,1.0
Vim Script,201805,0.7113275613275613,0.5,0.0,0.4712227576229671,13,0.8571428571428572
Groovy,202304,0.0,1.0,,,6,
Cuda,202301,,,,,1,
Scheme,202112,0.5,,,0.0,3,0.0
Nim,202210,1.0729166666666665,0.16666666666666666,0.2,0.8527503021693569,6,1.0
Vim Script,202506,0.6,1.0,0.0,0.5,8,
LabVIEW,202503,,,,,1,
Scheme,202301,0.0,,,,3,
SystemVerilog,201912,,,,,1,
Erlang,202205,0.16666666666666669,1.0,0.0,0.0,7,
Limbo,202011,,,,,1,
Pawn,202407,1.0,,0.0,0.0,2,
Stata,202401,,,,,1,
Scheme,202506,,,,,1,
Smalltalk,202011,,,,,1,
Limbo,202205,,,,,1,
ActionScript,202411,,,,,1,
ShaderLab,202307,0.02564102564102564,1.0,,0.0,4,0.0
Stata,202409,1.0,,0.0,0.0,2,
Common Lisp,202211,1.0,,0.0,0.5,5,
Haxe,202003,,,,,1,
SystemVerilog,202401,0.0,,,,3,
MDX,202106,2.6728169014084506,0.3076923076923077,0.0,0.728683570320034,5,0.6666666666666667
Solidity,201806,2.105263157894737,0.43333333333333335,0.2857142857142857,0.8235914274823162,4,0.0
SAS,201912,,,,,1,
Roff,202302,0.0,1.0,,,4,
CMake,202301,0.05555555555555555,0.6875,0.0,0.0,11,0.0
Edge,202409,2.0,,0.0,0.0,1,
1C Enterprise,202006,,,,,2,
SystemVerilog,202310,0.0,,,,3,
Pascal,202203,1.5,,0.0,0.33333333333333337,9,1.0
ASL,202208,,,,,1,0.0
Pawn,202012,,,,,1,
Fennel,202410,0.0,,,,2,
Assembly,202004,0.0,,,,5,
Edge,202501,,,,,1,
Puppet,202102,,,,,1,
OpenSCAD,202405,,,,,2,
Blade,201911,,,,,1,
Modula-2,202102,,,,,1,
Verilog,202306,,,,,5,
Astro,202206,0.0,1.0,,,6,
CoffeeScript,202005,0.33333333333333337,1.0,0.0,0.0,8,0.0
Bikeshed,202503,13.0,,0.0,0.8697261093006626,2,
Groovy,202107,0.14405594405594405,0.6666666666666667,0.0,0.3779639646317377,6,0.6666666666666666
AutoHotkey,202305,2.0,,0.0,1.0,3,
ShaderLab,202410,2.0,,0.0,1.0,1,1.0
Pascal,202205,0.33333333333333337,1.0,0.0,0.0,6,0.5
Odin,202506,0.0,,,,1,
Cuda,201905,0.0,,,,1,
q,202201,0.0,,,,1,
Verilog,201901,0.0,,,,2,
Elm,201903,0.0,,,,3,
Haskell,202302,0.29320054945054946,1.0,0.0,0.5448173843392357,11,1.0
Rich Text Format,202211,0.0,,,,2,
DTrace,202211,0.0,,,,1,
Nasal,202501,0.0,,,,1,
Nunjucks,202310,0.5869135802469135,0.8148148148148148,0.8888888888888888,0.227269062816986,3,0.5
Go Template,202306,0.0,,,,4,
Roff,202310,0.0,,,,3,
IDL,202412,0.0,1.0,,,1,
Monkey C,202009,0.0,1.0,,,1,0.0
Roff,202004,0.4,,0.0,1.0,6,1.0
DTrace,202112,0.0,,,,1,
Erlang,202102,0.2,0.5333333333333333,0.0,0.4603099178571525,6,0.6666666666666666
HLSL,202201,0.0,,,,1,
Cuda,202012,0.0,,,,1,
Cirru,202108,0.0,1.0,,,1,
Twig,202205,0.0,,,,3,0.5
Stylus,202107,0.0,,,,2,
Just,202105,0.0,,,,1,
Visual Basic .NET,201905,0.0,,,,1,
D,202108,2.0444444444444443,0.0,0.0,0.9560508879454322,3,1.0
Papyrus,202001,0.0,,,,1,
XSLT,202111,0.002551020408163265,1.0,,0.0,8,0.0
Erlang,201904,0.3,0.75,0.0,0.3333333333333333,5,0.3333333333333333
Jinja,202306,0.2380952380952381,0.0,0.0,0.33333333333333326,10,0.6666666666666666
Erlang,202302,0.2,1.0,,0.0,1,
Typst,202410,1.9,0.5,0.2222222222222222,0.8434696365843981,2,1.0
HLSL,202105,0.0,,,,1,
CartoCSS,201808,0.0,,,,1,
CartoCSS,202002,0.0,,,,1,
Modelica,201905,0.6666666666666666,0.5,0.0,0.6500224216483541,1,
PureScript,202004,1.7666666666666666,0.2,0.0,0.8966479170272448,3,1.0
DM,201810,0.0,,,,3,
Squirrel,202204,0.0,,,,1,
Prolog,201802,0.0,,,,1,
Mathematica,202501,0.0,,,,2,
Stylus,201803,0.0,,,,1,
BitBake,202505,0.3333333333333333,0.75,0.0,0.7666031096732475,3,
GDScript,201905,0.5172413793103449,0.0,0.0,0.8173454221465101,1,1.0
Tree-sitter Query,202504,1.375,0.6666666666666666,0.0,0.8949645376549995,1,
Stata,202001,0.0,,,,1,
Tree-sitter Query,202202,1.8888888888888888,0.2,0.0,0.9456247942583758,1,0.75
Nix,201911,0.4375,0.25,0.4,0.7576900267123766,3,1.0
ASP.NET,202504,0.0,1.0,,,3,
Blade,202409,0.0,,,,4,
Haxe,202104,0.25,,0.0,0.9999999999999998,3,1.0
Game Maker Language,202502,0.0,,,,2,
Sass,202405,0.0,,,,2,
Racket,201903,0.25,0.0,0.0,0.0,3,1.0
RMarkdown,202207,0.2916666666666667,1.0,0.0,0.9852281360342515,1,1.0
AMPL,201806,0.08571428571428572,1.0,0.0,0.9182958340544894,1,1.0
ZAP,202207,2.5185185185185186,0.6,0.3076923076923077,0.7120894166406797,1,0.33333333333333337
ZenScript,202405,0.2222222222222222,,0.0,0.9999999999999999,1,0.28571428571428575
Yacc,202309,0.13793103448275862,1.0,0.0,1.0,1,1.0
Liquidsoap,202504,0.0,,,,1,
CUE,202212,0.13333333333333333,,0.0,0.9709505944546688,1,
Go Template,202308,0.0,,,,4,
IDL,201811,0.0,1.0,,,1,
Blade,201912,0.0,,,0.0,4,
Gherkin,202106,0.6140350877192983,0.6428571428571428,0.0,0.44651979742032955,2,
Component Pascal,202204,0.009259259259259259,,0.0,0.0,1,0.0
Jsonnet,202409,0.007042253521126761,1.0,,0.0,1,
Jsonnet,202406,0.008333333333333335,1.0,,0.0,3,
Starlark,202303,0.1111111111111111,1.0,,0.0,2,
Gherkin,201812,0.6466165413533834,0.3157894736842105,0.11764705882352941,0.5842014905692956,1,1.0
JSON,202102,0.11971830985915492,0.1282051282051282,0.0,0.5225593745369408,1,1.0
JSON,202007,0.035637149028077755,0.28125,0.0,0.5058356302242968,1,
Rich Text Format,202204,0.0,1.0,,,4,
CoffeeScript,202309,,,,,1,
TSQL,202009,0.0,1.0,,,11,0.0
Nasal,202205,,,,,1,0.0
Gnuplot,202411,,,,,1,
Pawn,202308,,,,,2,
GAP,201909,1.0,,,0.0,1,0.0
GLSL,201806,0.0,1.0,,,2,
Processing,201903,1.8333333333333335,0.0,0.0,0.8609640474436812,3,1.0
ABAP,202312,0.0,,,,3,
Modula-2,202009,,,,,1,
GAP,202502,,,,,1,
Common Lisp,201911,1.0,0.0,0.0,0.2908359328589434,4,1.0
SourcePawn,202210,,,,,1,
1C Enterprise,202003,,,,,2,
Sass,202501,,,,,1,
KiCad Layout,202311,,,,,1,
TeX,201804,0.013654279279279279,0.8333333333333333,0.0,0.4547567364410264,9,0.25
OpenSCAD,202108,0.0,1.0,,,3,
Bicep,202004,,,,,1,
Crystal,202203,,,,,1,
Pascal,202207,0.0,,,,8,
GAP,201901,1.0,,,0.0,1,
Assembly,202203,0.0,,,,3,
Objective-C++,202111,,,,,1,
Processing,201910,0.027777777777777776,,0.0,0.0,4,1.0
Haxe,202009,0.0,,,,2,
Forth,202207,,,,,1,
ShaderLab,202104,0.0,,,,3,0.0
Clojure,202402,,,,,3,
Solidity,202001,0.17857142857142858,0.8,0.0,0.7219280948873623,3,
Groovy,202309,0.008928571428571428,0.6666666666666667,,0.0,12,1.0
CUE,202305,4.0,,0.0,1.0,1,
KiCad Layout,202406,,,,,1,
SystemVerilog,202009,,,,,1,
GDScript,202405,0.1,1.0,0.0,0.0,7,1.0
PostScript,201804,0.09090909090909091,,0.0,0.0,2,
AutoHotkey,202407,1.0,,,0.0,2,1.0
Processing,202202,,,,,2,1.0
CMake,202001,0.44000000000000006,1.0,0.0,0.32501121082417705,6,0.0
Assembly,202103,0.0,,,,5,
PLpgSQL,202004,2.0,,0.0,0.946394630357186,2,1.0
EJS,201910,0.0,,,,2,
Processing,201912,,,,,3,
CMake,201904,0.0,1.0,,,4,0.0
Less,201905,0.0,1.0,,,3,0.0
Haxe,201804,0.0,,,,2,
Erlang,202010,0.375,0.5416666666666667,0.0,0.8205068019007633,6,1.0
Haxe,202212,0.0,,,,3,
Agda,202309,0.0,,,,1,
RobotFramework,202502,0.0,,,,1,
AGS Script,202007,0.0,,,,1,
Makefile,201811,3.0208333333333335,1.0,0.0,0.4391735523809267,12,1.0
ASP.NET,202308,0.0,,,,1,
Game Maker Language,202402,0.0,,,,1,
Gherkin,202007,0.6176470588235294,0.75,0.0,0.559137580385488,2,
Cypher,202011,0.5,,0.0,0.0,1,
LLVM,202102,2.5,,0.0,0.9709505944546688,1,
ASL,202006,1.1666666666666665,1.0,0.0,0.9211854965885543,4,1.0
Fortran,201803,0.0,,,,2,
Monkey C,201809,0.0,,,,1,
Gherkin,201907,0.6617647058823529,0.625,0.0,0.6076486909420564,2,
Odin,202401,0.0,0.5,,,1,
Processing,202001,0.0,,,,4,
Monkey C,202202,0.6666666666666666,0.75,0.0,1.0,1,
Smali,202207,0.0,,,,1,
mcfunction,202209,1.6666666666666667,,0.0,0.9709505944546688,1,1.0
Bikeshed,202302,2.0,1.0,0.0,0.6500224216483541,1,0.6666666666666667
HCL,201912,0.15441176470588236,0.5555555555555556,0.0,0.5,8,0.0
M4,202503,0.0,,,,1,
Standard ML,201904,0.0,,,,1,
Elm,202006,0.0,,,,1,
Pug,201908,0.0,,,,1,
Tcl,201910,0.0,1.0,,,1,0.0
Fortran,202103,7.416666666666667,0.4,0.09523809523809523,0.6632482601931922,4,0.5
EmberScript,202002,2.75,1.0,0.0,0.782775952814142,1,
Vim Script,201802,0.8111111111111112,0.5,0.0,0.8119803326365094,10,0.8
YAML,202406,0.0,,,,2,
Game Maker Language,202203,0.0,,,,1,
Gleam,202403,0.0,1.0,,,3,0.0
MDX,202306,0.25025274725274727,0.727281746031746,0.0,0.6754018703189032,13,0.3076923076923077
Reason,202006,0.0,,,,2,
Verilog,202002,1.0,1.0,0.0,0.7219280948873623,8,1.0
Cuda,201805,0.05,,0.0,1.0,2,
ASP.NET,202305,0.0,1.0,,,1,
TSQL,202304,0.0,,,,3,
Racket,202006,0.05263157894736842,1.0,0.0,0.946394630357186,2,
Liquid,202412,0.5555555555555556,0.0,0.0,0.8670089610455387,3,1.0
Astro,202011,0.012500000000000002,,0.0,0.0,6,
ActionScript,201911,0.45454545454545453,,0.0,0.8812908992306927,2,1.0
Raku,201810,0.007407407407407408,,0.0,0.6500224216483541,1,
LabVIEW,202307,0.36363636363636365,,,0.0,1,
Mustache,202108,0.0,1.0,,,2,
Gleam,202404,0.225,0.5,0.0,0.0,2,1.0
Liquid,202312,0.4843304843304844,0.5,0.2,0.8273124670703781,3,0.6666666666666666
Logos,202205,0.6333333333333333,1.0,0.0,0.473197315178593,3,0.5
Batchfile,202306,0.2974358974358974,1.0,0.0,0.4263962442450202,4,1.0
ANTLR,202309,0.0,1.0,,,1,
Component Pascal,202505,0.0,1.0,,,1,
Clojure,201803,0.8067226890756303,1.0,0.0,0.6525087134487675,6,0.5
WDL,201905,0.0,,,,2,
Fennel,201906,0.45454545454545453,0.375,0.4,0.9654013672997088,1,
FreeMarker,202109,0.10344827586206896,0.8,0.0,0.7896900821428474,3,1.0
ReScript,202404,0.0,,,,2,
MDX,202001,0.8304761904761905,0.823076923076923,0.0,0.8175913092708407,3,0.5217391304347827
templ,202409,0.0,,,,1,
Scheme,202103,0.75,1.0,0.0,0.9999999999999998,2,0.0
EmberScript,201905,1.6590909090909092,0.35714285714285715,0.4444444444444444,0.8261125437415611,1,
Component Pascal,202203,0.34146341463414637,0.0,0.5,0.9417346261113355,1,1.0
Nextflow,202309,0.7,0.6666666666666666,0.0,0.9852281360342515,2,0.0
DM,202012,0.0,1.0,,,5,
GLSL,202101,0.023255813953488372,,0.0,0.0,2,
JSON,202305,0.01696428571428571,1.0,,0.0,4,
Gherkin,202109,1.93,0.391304347826087,0.0,0.6698999467589426,1,1.0
Jsonnet,202408,0.0,1.0,,,2,
Nunjucks,201810,0.0,1.0,,,1,
Apex,201807,0.25,,0.0,0.0,2,
JSON,201802,0.023076923076923078,0.6666666666666666,0.0,0.7896900821428474,1,1.0
Open Policy Agent,202407,0.0,,,,1,
JSON,202012,0.05759162303664921,0.17647058823529413,0.0,0.4522035434836906,1,1.0
Open Policy Agent,202302,0.0,,,,1,
Visual Basic .NET,202403,0.0,,,,1,
ReScript,202206,0.0,,,,1,
Hack,202206,0.0,,,,2,
VHDL,202010,,,,,1,
Racket,201808,,,,,1,
CoffeeScript,202206,0.0,1.0,,,6,
Scheme,202108,0.0,,,,2,
Smalltalk,201905,0.0,,,0.0,3,
Stylus,202304,0.0,,,,2,
Visual Basic,202302,,,,,1,
Cuda,202412,,,,,4,0.0
Modula-2,202302,,,,,1,
Modelica,201810,,,,,1,
KiCad Layout,201906,,,,,1,0.0
Scheme,202106,0.0,,,,3,
Visual Basic,202505,,,,,2,
VHDL,202211,,,,,3,
Reason,201904,,,,,1,
OCaml,202004,0.25577812018489987,0.14141414141414144,0.07407407407407407,0.852909724889057,16,0.8999999999999999
Perl,201906,0.17662337662337665,0.5,0.0,0.0,17,0.0
SQL,202501,,,,,1,
Smalltalk,202410,0.0,,,,2,
Clojure,202111,1.5,1.0,,0.0,6,0.0
1C Enterprise,202202,,,,,3,
VHDL,202007,0.0,,,,2,
OpenSCAD,201809,0.0,,,,2,
RAML,202203,1.0,,0.0,0.0,1,1.0
Objective-C++,201802,,,,,1,
BitBake,202202,4.0,,0.0,1.0,1,
Batchfile,202205,0.23888888888888887,0.0,0.0,0.4591479170272447,6,
Assembly,202104,1.0,1.0,,0.5,3,0.0
Reason,201906,,,,,1,1.0
EJS,201811,0.0,1.0,,,2,0.0
BitBake,201903,3.0,,0.0,0.9182958340544894,1,0.0
PostScript,202006,0.0,1.0,,,3,0.0
ShaderLab,202212,,,,,3,
GAP,201904,0.0,,,,2,
RAML,202007,0.0,,,,1,
Visual Basic .NET,202010,0.0,,,,4,
Handlebars,202301,0.0,,,,3,
Just,202004,0.0,,,,1,
IDL,202002,0.0,,,,1,
BitBake,202104,0.0,,,,3,0.0
Handlebars,202106,0.0,,,,3,
Erlang,201905,0.0,0.0,,,4,
Monkey C,202501,0.5,0.0,0.0,0.0,1,
Racket,202102,0.25,0.5,0.0,0.0,2,
Reason,201901,1.5,0.5,0.0,0.8783471047618534,2,
ABAP,202304,0.0,,,,2,
DM,201804,0.0,,,,2,
Blade,202107,0.0,1.0,,,4,
Common Lisp,201802,0.0,,,,6,
Nasal,202204,0.0,,,,1,
Batchfile,202405,0.09759358288770054,1.0,0.0,0.26811537863490015,12,0.4
Odin,202311,0.0,1.0,,,1,
HCL,201808,0.17771739130434783,0.7142857142857143,0.0,0.0,9,0.75
Verilog,201902,0.16666666666666669,1.0,0.0,1.0,4,0.5
Processing,201808,0.25,0.0,0.0,0.0,2,
Ada,202103,0.0,,,,1,
CartoCSS,201902,0.0,,,,1,
Beef,202501,0.0,,,,1,
Hack,202305,0.42857142857142855,1.0,,0.0,1,
GDB,201903,0.0,,,,1,
D,202406,0.6666666666666666,1.0,0.0,0.8112781244591328,3,0.5
Slim,202102,0.0,,,,1,
Haxe,202504,2.242424242424242,0.5,0.0,0.5798871120762399,3,
Astro,201802,0.6875,0.0,0.0,0.6840384356390417,2,1.0
Nix,201808,0.0,,,,1,
Haxe,202201,0.8235294117647058,0.3333333333333333,0.25,0.8432890611892102,3,1.0
CMake,202010,0.017543859649122806,0.5,,0.0,5,0.0
Less,202209,0.6111111111111112,0.5,0.0,0.8596610491977072,2,0.5
Groovy,202303,0.02197802197802198,1.0,0.0,0.0,10,1.0
Visual Basic .NET,202501,0.0,,,,1,
F#,201901,0.0,,,,4,
F*,201805,0.0,,,,1,0.0
Solidity,202012,0.75,1.0,0.0,0.9182958340544894,6,1.0
IDL,201812,0.0,1.0,,,1,
Nix,202002,0.3787878787878788,0.6875,0.0,0.9426831892554923,4,
Julia,201807,0.5039251207729469,0.32499999999999996,0.0,0.8583882102062727,11,0.8888888888888888
Erlang,201801,0.0,,,,3,
ABAP,202204,0.0,,,,1,
GLSL,202305,0.24324324324324326,0.6666666666666666,0.0,0.5032583347756457,1,
Nextflow,202102,0.0,,,,1,
Nextflow,202206,0.0,,,,2,
Nextflow,201809,0.0,,,,1,
Luau,202310,0.06451612903225806,1.0,0.0,0.0,1,
PostScript,202210,0.7083333333333333,1.0,0.0,0.9519839065438829,4,
DM,202105,0.0034188034188034192,0.9761904761904762,0.0,0.0,5,
TSQL,202406,0.0,1.0,,,3,
Gherkin,202411,1.8857142857142857,0.0,0.2222222222222222,0.6661165514827723,1,
WebAssembly,201804,0.0,,,,1,
Gherkin,201911,0.9316239316239316,0.14285714285714285,0.0,0.6260446946951962,1,1.0
ZenScript,202007,0.44029850746268656,0.5,0.0,0.5072422149624726,1,0.6666666666666666
Markdown,202204,0.011949521913297498,,,0.0,8,
Markdown,202203,0.03144922369049692,,,0.0,5,
JSON,201912,0.00960698689956332,0.9178082191780822,0.0,0.7363291000862667,1,
Roff,202210,0.0,,,,1,
Pug,202105,0.0,,,,3,
LiveScript,202204,0.0,,,,1,
LilyPond,202203,0.0,,,,1,
Monkey C,202407,,,,,1,
Sass,202308,0.0,,,,2,
KiCad Layout,202506,,,,,1,
Modula-2,202304,,,,,1,
Forth,201910,1.0,,,0.0,1,
Haxe,202408,0.6666666666666666,0.5,0.0,0.5,4,0.0
SystemVerilog,202111,0.0,,,,2,
SystemVerilog,202307,,,,,1,
Mustache,202211,0.0,,,,3,
Gherkin,202306,0.5357142857142857,0.5769230769230769,0.0,0.4007610291620886,2,
D,202007,,,,,1,
Visual Basic,202112,,,,,2,
Nix,202308,0.16666666666666666,0.8,0.0,0.4222706232293572,10,0.8
Apex,201808,,,,,1,
ABAP,202207,0.0,,,,2,
Puppet,202310,0.0,1.0,,,2,
EJS,202506,0.0,,,,6,
OpenSCAD,202007,0.0,,,,2,
Blade,201908,,,,,1,
MoonScript,202505,1.0,1.0,0.0,0.0,1,
Clojure,202208,0.9375,0.5,0.0,0.9315602842833155,8,
KiCad Layout,202106,,,,,1,
Smarty,202105,0.0,,,,2,
Scheme,201910,0.0,,,,2,
Pawn,202204,0.3333333333333333,0.0,0.0,0.0,2,1.0
Reason,202403,,,,,1,
Common Lisp,202503,0.0,1.0,,,4,
Clojure,202209,0.04519774011299435,0.75,0.0,0.8112781244591328,7,
PureScript,202312,1.0,,0.0,0.0,1,1.0
BitBake,201910,,,,,1,
Tcl,201909,4.0,,0.0,1.0,1,
CoffeeScript,202009,0.0,,,,6,
AutoHotkey,202202,0.0,1.0,,,5,0.0
q,202302,,,,,1,
Processing,201806,0.375,,0.0,0.9182958340544894,3,
Modula-2,202203,,,,,1,
1C Enterprise,202403,9.0,0.0,0.0,0.0,1,0.5
SystemVerilog,201903,,,,,1,
EJS,201907,0.0,,,,3,
PostScript,202010,0.0,1.0,,,4,
PostScript,201901,,,,,2,
XSLT,201807,0.34090909090909094,0.5,0.0,0.0,4,0.6
YAML,202209,0.0,,,,2,
GLSL,201801,0.16666666666666666,1.0,,0.0,2,0.0
Lean,202309,0.0,1.0,,,1,0.0
Twig,202308,0.0,,,,2,0.0
reStructuredText,201801,0.0,,,,1,
Jsonnet,202403,0.0030303030303030303,1.0,,0.0,2,
Blade,201811,0.0,,,,2,
Jai,202409,0.0,,,,1,
TeX,201810,1.1661290322580644,0.8333333333333334,0.0,0.8845065116313678,13,0.6
M4,202102,0.0,,,,1,
GLSL,202206,0.39473684210526316,1.0,0.0,0.5665095065529053,2,1.0
Perl,202008,0.550925925925926,0.4166666666666667,0.0,0.49515843240911145,22,0.6666666666666667
mdsvex,202503,0.0,,,,1,
Squirrel,202104,0.0,,,,1,
Pascal,202209,0.6666666666666666,1.0,0.0,0.2883245069059757,8,1.0
Bikeshed,202409,1.0,1.0,0.0,0.0,3,
Crystal,202111,0.0,,,,1,
LLVM,202409,3.333333333333333,,0.0,0.732563149024146,3,1.0
Erlang,202409,0.16666666666666666,,0.0,0.0,2,
Apex,202408,0.5,,0.0,0.0,2,0.0
Jinja,202406,0.04444444444444444,0.9761904761904762,0.0,0.473197315178593,10,0.0
TSQL,202505,2.0,1.0,0.0,0.9182958340544894,1,
Gleam,202501,0.08333333333333334,,0.0,0.0,4,
Blade,202112,0.0,1.0,,,3,0.0
Stylus,202410,0.0,,,,2,
Visual Basic 6.0,202205,0.0,,,,1,
Nunjucks,202309,0.14285714285714285,1.0,,0.0,3,
Roff,202102,0.0,,,,3,
Papyrus,202102,0.0,1.0,,,1,0.0
Nushell,202403,0.0,1.0,,,2,
Svelte,201802,0.0,1.0,,,1,0.0
eC,201910,0.0,,,,1,
Scala,201810,0.4468409521261311,0.4791666666666667,0.023809523809523808,0.5381771813550622,18,0.6666666666666666
LLVM,202203,0.010416666666666666,0.8,0.0,0.0,4,0.5
Vim Script,202403,0.7875,1.0,0.0,0.2599459601983515,12,0.6666666666666666
PLSQL,202204,0.0,,,,1,
Astro,202104,2.5,0.5,0.0,1.0,4,1.0
Astro,201811,0.2857142857142857,0.42857142857142855,0.0,0.8112781244591328,4,0.75
Fennel,201908,0.5,0.0,0.0,1.0,1,
DM,201803,0.0,,,,2,
HLSL,202212,0.0,,,,1,
Svelte,202007,0.12121632257119848,0.2640625,0.21383647798742136,0.827779644357771,13,0.5
ShaderLab,201905,0.0,1.0,,,2,
Monkey C,202106,2.4444444444444446,0.6666666666666666,0.4,0.9477954545532472,1,
Scilab,202111,0.0,,,,1,
Open Policy Agent,202502,0.0,,,,2,
Elm,201908,0.0,1.0,,,1,
LLVM,201903,0.0,,,,1,
PostScript,202107,0.16666666666666669,1.0,0.0,0.0,5,
ReScript,202405,0.0,,,,2,
Pawn,202212,0.0,,,,1,
D,201912,0.0,,,,1,
Kaitai Struct,202402,0.0,,,,1,
Squirrel,201906,0.0,,,,1,
Nix,202009,2.2,0.36363636363636365,0.4,0.732035069804465,2,1.0
Clean,201805,0.0,1.0,,,1,0.0
Groovy,202201,0.007936507936507936,1.0,0.0,0.4591479170272447,7,0.0
SQF,202310,0.05555555555555555,1.0,,0.0,2,
ABAP,202403,0.21875,1.0,0.0,0.9852281360342515,2,
D,202303,0.27419354838709675,0.8,0.0,0.9256134079485959,2,0.6666666666666666
Tree-sitter Query,202405,6.071428571428571,0.2,0.0,0.7625427942073217,1,1.0
Haxe,202202,0.23809523809523808,0.25,0.4,0.8238654610595805,4,0.33333333333333337
EmberScript,201902,0.24528301886792453,0.5,0.0,0.7559699029892673,1,
Hack,202004,0.0,,,,1,
D,202302,0.2152777777777778,0.625,0.0,0.6853905987908366,4,0.6666666666666666
OpenEdge ABL,201805,0.0,,,,1,0.0
Open Policy Agent,202103,0.0,,,,1,
Visual Basic 6.0,202207,0.0,,,,1,
DIGITAL Command Language,202212,0.0,,,,1,
CoffeeScript,202002,0.2857142857142857,1.0,0.0,0.0,9,0.0
Nextflow,202212,0.0,,,,1,
Astro,201807,0.5202020202020201,0.16666666666666666,0.0,0.7611175407153927,3,0.9047619047619047
SystemVerilog,202109,0.0,,,0.0,2,
Nix,201801,0.0,,,,1,
PureScript,201907,1.007462686567164,0.8461538461538461,0.0,1.0,2,0.0
WebAssembly,201803,0.0,,,,1,
MDX,201806,1.825657894736842,0.6666666666666666,0.017543859649122806,0.8809704858522082,2,0.6231884057971012
mcfunction,202007,0.10526315789473684,0.8,0.0,1.0,1,0.5
Rich Text Format,201801,0.0,,,,1,
Nextflow,202209,0.0,,,,1,
Twig,201907,0.5704225352112676,0.5,0.0,0.0,2,0.5
ZenScript,202206,0.7216494845360825,0.0,0.0,0.7888400916378361,1,0.7999999999999999
Gherkin,202104,3.0309278350515463,0.12121212121212122,0.0625,0.5790544969240062,1,1.0
Jsonnet,202503,0.012,1.0,,0.0,1,
Slim,202105,0.0,,,,1,
Handlebars,202302,0.0,,,,3,
Riot,202203,0.0,,,,1,
TSQL,202104,0.0,,,,8,
FreeMarker,202007,0.0,,,,2,
ReScript,202108,0.0,,,,1,
Julia,201905,0.4591287636130685,0.43472906403940886,0.20634920634920634,0.7818583151003684,10,0.75
F#,202012,0.16666666666666669,,,0.0,6,
WebAssembly,202412,2.0,,,0.0,1,
Modula-2,202012,,,,,1,
Racket,202402,,,,,1,
Fortran,201807,0.0,,,,2,
Smalltalk,202501,,,,,1,
Modula-2,201908,,,,,1,
Bicep,202504,0.0,1.0,,,3,
q,202106,,,,,1,
SAS,202401,,,,,1,
1C Enterprise,202404,,,,,1,
ColdFusion,201810,,,,,1,0.0
Standard ML,202401,,,,,1,
NSIS,201802,,,,,1,
OpenSCAD,202102,0.0,,,,3,
Pascal,202405,0.7,,,0.0,5,
ASP,202112,,,,,1,
GDScript,202407,0.0,,,,5,
ASL,202306,,,,,2,0.0
Zig,202203,0.0,,,,3,
q,202003,,,,,1,
Apex,201802,,,,,1,
ActionScript,202408,,,,,1,
GLSL,202002,2.0,0.0,0.0,0.0,1,1.0
Bikeshed,202210,5.0,,0.0,0.9609640474436812,2,
Bicep,202405,,,,,1,
CoffeeScript,201905,1.558139534883721,0.8571428571428571,0.0,0.6345192443221499,6,0.0
1C Enterprise,202502,,,,,2,
KiCad Layout,202307,,,,,1,
Clojure,202304,0.6666666666666666,1.0,0.0,0.4324867603589636,7,1.0
Erlang,201903,0.42857142857142855,0.0,0.0,0.0,4,1.0
Erlang,202502,0.6666666666666667,1.0,0.0,1.0,3,
QML,201801,1.0,,0.0,0.0,1,
Smali,202406,6.0,,0.0,0.0,1,
Stata,201911,,,,,1,
eC,202005,,,,,1,
BitBake,202001,,,,,1,
Scheme,202211,0.0,,,,3,
Assembly,202001,0.0,,,,4,
PostScript,202101,2.0,,0.0,1.0,2,1.0
Processing,201911,0.0,1.0,,,4,0.0
Logos,202404,,,,,4,0.0
PostScript,202004,0.0,,,,3,
PostScript,202001,0.0,1.0,,,2,
D,202505,2.0,,0.0,1.0,1,
Less,202407,3.0,,0.0,0.9999999999999998,2,
Roff,202311,0.0,,,,1,
Bicep,202401,0.0,1.0,,,2,
AL,202307,0.6666666666666666,1.0,0.0,0.9009398437049279,3,1.0
Nextflow,202012,0.0,,,,1,
Gherkin,202403,0.22823218997361477,0.23076923076923078,0.13333333333333333,0.7107875662000469,2,
TSQL,202310,0.0,,,,4,
Visual Basic 6.0,202310,0.0,,,,1,
Nunjucks,201907,0.0,1.0,,,1,
Prolog,202011,0.0,,,,1,
SQF,202404,0.0,,,,1,
Haxe,202004,0.75,0.0,0.0,0.0,2,
Tcl,202003,0.0,1.0,,,2,
CoffeeScript,202011,0.5,1.0,0.0,0.0,4,
AGS Script,202209,1.1,0.0,0.0,0.9456603046006401,1,
GDScript,202302,0.25,,0.0,0.0,4,1.0
AGS Script,202410,0.14285714285714285,0.0,0.0,0.0,1,
D,202504,1.5,0.0,0.0,0.9182958340544894,1,
Common Lisp,202205,0.25,,0.0,0.0,5,1.0
NSIS,202011,0.0,,,,1,
DM,202111,0.00641025641025641,1.0,0.0,0.0,4,0.0
Rich Text Format,201908,0.0,,,,2,0.0
LLVM,202205,1.0,1.0,0.0,0.920619835714305,3,
OpenSCAD,202107,0.0,1.0,,,3,
Papyrus,202502,0.0,,,,1,
Vim Script,202107,2.325,1.0,0.0,0.700168555461051,15,0.0
Jinja,201803,0.3357903357903358,0.6,0.3333333333333333,0.9391735523809267,5,
SQF,202405,0.0,1.0,,,1,
Jsonnet,202309,0.13636363636363635,1.0,,0.0,2,
Haxe,201811,0.0,1.0,,,1,
Monkey C,202108,0.16666666666666666,1.0,0.0,0.0,2,
Processing,202009,0.5,,0.0,0.0,4,
1C Enterprise,201910,0.0,,,,1,
Bikeshed,202201,3.5,0.0,0.0,0.7494754942621032,1,0.5
Common Workflow Language,202108,0.0,,,,1,
BitBake,202410,0.0,,,,1,
VHDL,202009,0.0,,,,2,
LilyPond,202303,0.0,,,,1,
Just,202504,0.0,1.0,,,1,
Batchfile,202107,1.3489177489177488,0.0,0.1111111111111111,0.6116040924180306,5,
QML,201808,0.8,,0.0,0.8112781244591328,1,
EmberScript,202003,3.25,0.5,0.0,0.8175195311866702,1,1.0
LLVM,202408,0.6666666666666667,,0.0,0.9807931175908108,3,
Verilog,202010,0.16470588235294117,1.0,0.0,0.32501121082417705,8,1.0
YAML,202404,0.0,,,,1,
Nextflow,202502,0.27659574468085113,0.1111111111111111,0.0,0.6327462690434793,9,
RAML,201912,0.0,,,,1,
Smarty,202407,0.0,1.0,,,2,
LLVM,202305,0.12698412698412698,0.0,0.0,0.9528195311147831,3,0.0
Pascal,202010,0.38095238095238093,1.0,0.0,0.0,7,1.0
ASP.NET,202310,0.0,,,,1,
Lean,202408,2.1666666666666665,,0.0,0.9828586897127057,1,
CartoCSS,201910,0.0,,,,1,
Bikeshed,202105,1.3181818181818181,0.25,0.16666666666666666,0.8517335164859964,1,
Mustache,201902,0.0,,,,1,
XSLT,202301,0.04,1.0,,0.0,6,0.0
DM,202002,0.00028011204481792715,1.0,,0.0,2,0.0
CartoCSS,202004,0.0,,,,1,
Liquid,202407,0.043154761904761904,0.875,0.0,0.44342975357145736,8,0.0
Vala,201803,0.0,,,,1,0.0
Roff,202410,0.0,1.0,,,1,0.0
Crystal,202411,0.5,1.0,0.0,0.0,2,
Liquid,202502,0.6,1.0,0.0,0.9182958340544894,5,
WebAssembly,202012,0.32142857142857145,0.3333333333333333,0.0,0.946265187221801,2,
Cairo,202504,0.22077922077922077,1.0,0.0,0.9975025463691153,1,
DM,202304,0.0,1.0,,,4,
WebAssembly,202001,0.0,,,,1,
Gherkin,202207,1.3181818181818181,0.2647058823529412,0.13333333333333333,0.42329373377592705,2,
VBA,202106,0.0,,,,1,
MDX,202204,2.053243827402585,0.4930555555555556,0.014814814814814814,0.657101877613498,6,0.4333333333333334
Haml,202202,0.0,,,,1,
Modula-2,202405,,,,,1,
Pascal,202107,0.7499999999999999,1.0,0.0,0.4993736489680842,8,1.0
CUE,202408,,,,,1,
SWIG,202505,,,,,1,
Smalltalk,201810,,,,,1,
Pawn,202506,,,,,1,
Smarty,202505,0.0,,,,2,
D,202404,0.25,1.0,,0.0,4,0.0
Twig,202209,0.0,1.0,,,3,
VHDL,202210,,,,,3,0.0
Racket,201803,0.0,1.0,,,2,0.0
Pawn,202209,,,,,1,
PureScript,202404,1.0,,0.0,0.0,1,
PureScript,202109,0.8749999999999999,1.0,0.0,0.4591479170272447,5,0.0
Visual Basic .NET,202103,0.0,,,,3,
Stata,202304,,,,,1,
Game Maker Language,202407,0.0,1.0,,,2,
Nim,201909,0.0,1.0,,,3,0.0
Bicep,202402,,,,,1,
q,202305,1.0,,0.0,0.0,1,1.0
PostScript,202406,,,,,3,
Racket,202112,,,,,2,
q,202101,,,,,1,
Visual Basic,202202,0.0,,,0.0,3,
Bikeshed,202310,2.6666666666666665,1.0,0.0,0.8194483718728035,2,
Twig,201908,1.0,,0.0,0.0,1,1.0
Processing,202212,0.0,,,,3,
Pawn,202109,,,,,2,
PostScript,202506,0.0,,,,3,
Squirrel,202201,,,,,1,
Common Lisp,202210,0.0,,,,5,
PostScript,202305,,,,,3,
EJS,201902,0.0,1.0,,,2,0.0
q,202007,,,,,1,
Common Lisp,202011,,,,,2,
Verilog,202409,0.33333333333333337,,,0.0,8,0.0
EJS,201804,1.0,,0.0,0.0,1,0.0
Haxe,202107,0.0,0.0,,1.0,2,1.0
Logos,202411,,,,,3,0.0
PostScript,202109,0.0,,,,4,
BitBake,201806,45.0,,0.0,0.8858823787256097,1,1.0
Standard ML,201901,0.0,,,,1,
Pascal,201912,0.3333333333333333,,,0.0,7,
SQLPL,201901,,,,,1,
Sass,202205,0.0,,,,2,
Nunjucks,202206,0.0,1.0,,,4,
Crystal,201803,0.0,,,,1,
Gnuplot,201802,0.6666666666666666,1.0,0.0,0.0,1,
BitBake,202301,0.0,,,,3,
Vala,201911,0.0,1.0,,,1,0.0
GDScript,202004,0.0,,,,2,
EmberScript,202212,1.0,,0.0,1.0,1,
Markdown,202102,0.010676156583629894,,,0.0,2,
CartoCSS,202102,0.0,,,,1,
Prolog,201911,0.0,,,,1,
UnrealScript,202304,0.0,,,,1,
Smarty,201903,0.25,1.0,0.0,0.43156028428331555,5,
Bikeshed,202505,0.16666666666666666,1.0,0.0,0.0,2,
Blade,202102,0.0,1.0,,,9,
Scheme,201901,0.0,,,,3,
LiveScript,201807,0.0,,,,1,
LookML,201907,0.0,1.0,,,1,
LLVM,202302,0.0,,,,3,
SWIG,202106,0.0,,,,1,
Assembly,202405,0.0,1.0,,,10,0.0
1C Enterprise,202205,0.0,,,,2,
Go Template,202307,0.0,,,,3,
LLVM,201809,0.0,,,,1,
LLVM,202308,0.9166666666666667,1.0,0.0,0.782775952814142,3,1.0
Mustache,201908,0.0,,,,2,
Dart,201904,0.9689102564102563,0.96,0.0,0.4001239072282005,14,0.6666666666666666
ZAP,202501,15.666666666666666,0.1111111111111111,0.0,0.8409519550777497,1,
Metal,202407,0.42857142857142855,,0.0,0.9182958340544894,1,1.0
Elm,201810,0.0,1.0,,,2,0.0
OpenSCAD,202212,0.0,,,,1,
EmberScript,202211,1.125,1.0,0.0,0.809656833416415,1,
EmberScript,202209,2.625,0.0,0.0,0.9083019215194811,1,1.0
RMarkdown,202305,0.0,,,,1,
Pug,201901,0.0,,,,1,
Tree-sitter Query,202307,2.0,0.3333333333333333,0.0,0.8437590816619513,1,0.5
Roff,201906,0.1515151515151515,0.0,0.0,0.6500224216483541,3,1.0
DM,201808,0.0,,,,2,
Rich Text Format,202302,0.0,,,,2,
Jsonnet,202312,0.7,0.0,0.0,0.914100892018565,1,1.0
KakouneScript,202104,0.0625,0.3333333333333333,0.0,0.0,1,0.33333333333333337
ZAP,202106,0.19298245614035087,0.6666666666666666,0.0,0.6110383905522615,1,0.6666666666666666
AMPL,201905,0.0,,,,2,
DM,202108,0.007766587289450113,0.9444444444444444,0.4,0.4764097655573916,7,0.0
Visual Basic .NET,201801,0.0,1.0,,,1,0.0
q,202112,0.05,,0.0,0.0,1,1.0
ZAP,202012,0.014925373134328358,0.8333333333333334,0.0,0.0,1,
ASL,202312,0.5,1.0,,0.0,2,1.0
OCaml,202103,0.6509024064171123,0.30000000000000004,0.13068181818181818,0.5869342234820941,9,0.6666666666666667
Smarty,202208,0.4105263157894738,1.0,0.0,0.0,6,0.6666666666666667
Prolog,202202,0.0,,,,1,
Nextflow,202304,0.0,,,,2,
Tree-sitter Query,202211,1.6875,0.5555555555555556,0.0,0.9312334930590322,1,0.4285714285714286
ZenScript,201912,0.0,1.0,,,1,0.5
G-code,202506,1.9523809523809523,1.0,0.16666666666666666,0.85814514553712,1,
Apex,202404,0.0,,,,1,
Roff,202306,0.0,,,,1,
ZAP,202209,2.5555555555555554,0.78125,0.13333333333333333,0.7615342177922292,1,1.0
Less,201904,1.5,,0.0,0.9999999999999998,2,0.0
Vala,202002,0.3269230769230769,0.2,0.0,0.6703000322400705,1,0.875
Smalltalk,201812,0.0014911463187325257,1.0,1.0,0.5435644431995964,5,0.0
Forth,202005,0.010638297872340425,,,0.0,2,
Nextflow,202202,0.0,,,,1,
Nextflow,202009,0.0,,,,1,
Nextflow,201806,0.0,,,,1,
Nextflow,201908,0.0,,,,1,
Gherkin,202504,0.6923076923076923,0.0,0.2,0.7566167198088776,1,
Assembly,202205,0.4,1.0,0.0,0.0,8,
JSON,202211,0.019466415975103735,0.5,0.0,0.0,4,
Assembly,202010,0.0,1.0,,,6,
Gherkin,202302,0.11360239162929744,0.5263157894736843,0.13333333333333333,0.6420973330756451,3,
JSON,202303,0.029449873293935606,0.26666666666666666,0.0,0.0,4,
F#,202103,1.0,1.0,0.0,0.8112781244591328,4,1.0
Just,202212,0.0,,,,1,
CMake,201911,1.0454545454545454,1.0,0.0,0.0,5,0.0
Racket,202008,0.0,,,,2,
ABAP,202209,0.0,,,,2,
Zig,202201,0.5,1.0,,0.0,4,0.0
Erlang,202109,0.25,1.0,,0.0,2,
PostScript,202411,,,,,3,
Common Lisp,201801,0.0,,,,5,
1C Enterprise,202409,,,,,1,
Racket,201801,,,,,1,
GDScript,202212,0.0,,,,4,
CUE,202308,,,,,1,
Pascal,201903,0.0030441400304414,1.0,,0.0,9,0.0
Common Lisp,202109,0.0,0.0,,,4,0.0
Puppet,201807,2.0,,0.0,0.0,1,
Less,202405,,,,,2,
Puppet,201806,,,,,1,
CUE,202403,,,,,1,
Smarty,202101,,,,,1,
Fennel,202501,0.5454545454545454,,0.0,0.9697238998682473,2,
Nix,202112,0.06308950431466988,0.5,0.5,0.9363649184897272,6,1.0
CMake,202205,0.25,1.0,,0.0,7,0.0
OCaml,201807,0.004335260115606936,0.5,0.0,0.9182958340544894,7,1.0
Verilog,202109,3.1666666666666665,,0.0,0.8679005653524494,5,0.5
Batchfile,202311,0.5705266955266954,0.8333333333333334,0.0,0.45486209296820085,9,1.0
Nix,202205,0.30851063829787234,0.5384615384615384,0.36363636363636365,0.8218088606143155,3,0.5
PostScript,202306,,,,,3,
ShaderLab,202101,0.5,1.0,0.0,0.0,3,1.0
UnrealScript,202408,0.0,,,,1,
Less,202009,0.0,,,,5,
Jai,202402,0.0,,,,1,
Jai,202307,0.0,,,,1,
Common Lisp,202305,0.0,,,,4,
EmberScript,202203,0.6666666666666666,,0.0,1.0,1,0.0
D,201902,0.5,0.0,0.0,0.0,2,1.0
Gherkin,202203,0.35639412997903563,0.6136363636363636,0.0,0.5697992153294134,3,0.0
Bikeshed,202308,11.75,1.0,0.25,0.4551689749935013,2,0.0
GDScript,202210,0.75,,0.0,0.9182958340544894,4,1.0
Erlang,201811,0.0,,,,2,
Crystal,202108,3.5,,0.0,0.9910760598382222,2,1.0
Common Lisp,202209,0.13333333333333333,0.0,0.0,1.0,5,1.0
Verilog,202104,0.25,,0.0,1.0,4,
Reason,201805,2.6666666666666665,0.0,0.0,0.6695919455357792,2,1.0
PLSQL,202003,0.0,,,,1,
Roff,201908,0.5,,0.0,0.9182958340544894,2,1.0
ReScript,202107,0.0,,,,1,
Slim,202112,0.0,,,,1,
Scheme,201801,0.0,,,,2,
YAML,202307,0.0,,,,1,
mcfunction,202112,0.3333333333333333,,0.0,0.0,1,1.0
Processing,201908,1.6666666666666667,,0.0,0.9602297178607612,2,
Sass,201906,0.0,,,,1,
MDX,202003,1.1163120567375886,0.5722222222222222,0.005649717514124294,0.8258566155683915,3,0.6875000000000001
Fortran,201912,0.2679324894514768,0.8461538461538461,0.0,0.42520734321240256,2,0.0
Smalltalk,202101,0.0,1.0,,,1,
Common Lisp,202005,2.3333333333333335,,0.0,0.9852281360342515,6,0.0
Handlebars,202303,0.0,1.0,,,3,0.0
WDL,201810,0.0,,,,2,
Perl,202207,0.1116883116883117,0.6666666666666666,0.0,0.0,12,1.0
MDX,202004,0.9844298245614036,0.8854166666666666,0.012269938650306749,0.7701050033477767,3,0.7692307692307694
D,202107,0.16666666666666666,0.0,0.0,0.0,2,1.0
ReScript,202407,0.0,,,,1,
Liquid,202404,0.3333333333333333,,0.0,0.0,3,1.0
Handlebars,202005,0.0,,,,1,
CartoCSS,201805,0.5714285714285714,,0.0,0.8112781244591328,1,1.0
FreeMarker,202204,0.2857142857142857,1.0,,0.0,2,
Bikeshed,202008,5.142857142857143,0.0,0.0,0.7959058880655442,1,1.0
WDL,202307,0.0,1.0,,,1,
QML,202202,0.0,,,,1,
AMPL,201907,0.038461538461538464,0.9285714285714286,0.0,0.9182958340544894,2,0.0
Luau,202410,0.25,1.0,0.0,0.0,2,1.0
Blade,202208,0.0,1.0,,,4,0.0
Mustache,202112,0.12121212121212122,0.9166666666666667,0.0,1.0,3,
XSLT,202006,1.080952380952381,0.5,0.25,0.7286806617871389,9,1.0
Processing,202406,0.0,,,,2,
GAP,201907,0.125,1.0,0.0,0.0,1,0.0
XSLT,202309,0.7883116883116882,0.8500000000000001,0.14285714285714285,0.8876116368440841,7,
Sage,202404,0.14285714285714285,,,0.0,1,
Mermaid,202505,0.020833333333333332,0.0,0.0,0.9999999999999998,2,
Erlang,202007,0.4145299145299145,0.0,0.0,0.4350359108023453,4,1.0
Rich Text Format,201809,0.0,,,,1,
Fortran,202011,1.9358974358974357,0.6764705882352942,0.0,0.669143073187919,3,0.3333333333333333
Gherkin,202010,1.9090909090909092,0.9166666666666667,0.0,0.7771103501241666,2,
Nix,202207,0.6411784177424693,0.3333333333333333,0.05,0.8490114965206956,5,0.6666666666666667
Bikeshed,201911,0.6666666666666666,0.3333333333333333,0.0,0.8783471047618534,1,
Luau,202309,0.0,,,,1,
WDL,201909,0.0,1.0,,,2,
CUE,202210,0.11904761904761904,0.75,0.0,0.9602297178607612,1,1.0
Nextflow,201910,0.0,,,,1,
Tree-sitter Query,202208,2.051282051282051,0.5625,0.09090909090909091,0.8231218806299773,1,0.4444444444444444
Gherkin,202002,5.333333333333333,0.32,0.13333333333333333,0.4889883718553794,1,
Fluent,202406,0.0,1.0,,,1,
ANTLR,202306,0.0,,,,1,
Jsonnet,202412,0.0,1.0,,,2,
Visual Basic .NET,202210,0.0,,,,1,
Handlebars,202007,0.0,,,,2,
EJS,202209,0.0,1.0,,,15,0.0
OpenSCAD,201801,,,,,2,
Ada,202101,,,,,1,
VBScript,202210,,,,,1,
BitBake,202208,0.0,,,,4,
Vala,202201,,,,,1,
Scheme,202409,0.0,,,,3,
Smarty,202010,0.025641025641025644,1.0,,0.0,4,
Scheme,201808,0.0,,,,2,
ActionScript,202505,,,,,1,
KiCad Layout,201801,,,,,1,
Common Lisp,202111,0.0,0.0,,,5,
VHDL,202402,0.0,,,,3,
BitBake,202503,,,,,2,
ShaderLab,201904,0.0,1.0,,,2,0.0
Objective-C++,201911,,,,,1,
Pawn,202111,0.6,,0.0,0.9182958340544894,2,1.0
Zig,202505,0.041666666666666664,1.0,,0.0,4,
Just,202303,,,,,1,
MoonScript,202407,,,,,1,
Erlang,202304,,,,,1,
Roff,202011,0.0,1.0,,,4,
VBScript,202304,,,,,1,
CMake,202101,1.0,,,0.0,4,
Reason,202305,,,,,2,
Racket,202301,,,,,1,
Jsonnet,202101,,,,,1,
Clojure,202408,0.0,1.0,,,6,
PureScript,202302,0.0,1.0,,,2,
SQF,202411,0.0,1.0,,,2,
Twig,202303,0.3333333333333333,,,0.0,3,0.0
Stylus,202406,0.0,,,,2,
Pawn,202312,5.0,,0.0,1.0,3,1.0
Reason,202111,,,,,1,
AL,202202,,,,,1,
SystemVerilog,202207,,,,,2,
PureScript,201804,0.6666666666666666,0.0,0.0,0.0,2,1.0
Modula-2,202204,,,,,1,
SQL,202404,,,,,1,
WebAssembly,202407,3.0,,0.0,0.9182958340544894,1,1.0
Nim,202211,2.6611111111111114,0.5454545454545454,0.2,0.7748971501313627,7,
Pascal,202006,0.25,1.0,0.0,0.0,6,
Typst,202005,,,,,1,
QML,202403,3.0,,0.0,0.9999999999999998,1,1.0
SAS,202011,,,,,1,0.0
Sass,202301,1.0,,,0.0,1,
Reason,201912,9.0,1.0,0.0,0.8288713632524444,2,0.0
Fennel,202209,8.0,,0.0,0.7846601488850093,2,0.75
Nushell,202312,0.0,,,,1,
Common Workflow Language,202304,0.0,,,,1,
NSIS,201905,1.5,,,0.0,1,
Sass,202302,0.0,,,,1,
Sage,202502,0.0,,,,1,
reStructuredText,201805,0.0,,,,1,
IDL,201907,0.0,1.0,,,1,
BitBake,202303,0.0,1.0,,,2,0.0
Monkey C,202201,0.0,,,,1,
PureScript,201803,0.125,,0.0,0.0,1,
Crystal,202107,2.0,0.5,0.0,0.946394630357186,1,1.0
SWIG,202009,0.0,,,,1,
Cirru,201906,0.0,,,,1,
ReScript,202009,0.0,,,,1,
ABAP,202202,0.0,,,,2,
Handlebars,202209,0.0,,,,2,
Stylus,202004,0.0,,,,4,
RMarkdown,202503,0.0,1.0,,,1,
Nushell,202502,0.0,,,,2,
Handlebars,202205,0.0,,,,1,
AMPL,201809,0.0,,,,1,
Zig,202304,0.35416666666666663,0.75,0.0,0.4591479170272447,3,0.6666666666666666
Monkey C,202305,2.0,0.6666666666666666,0.0,0.8427376486136672,1,
POV-Ray SDL,202105,2.4,,0.0,0.75,1,1.0
AutoHotkey,202405,4.1,,0.0,0.40105324605596254,4,1.0
Vala,201807,0.0,,,,1,
Markdown,202010,0.0,1.0,,,2,
GDScript,201902,0.0,,,,1,
Agda,202407,0.0,,,,1,
PLpgSQL,201911,0.7777777777777779,1.0,0.0,0.4591479170272447,4,1.0
ZenScript,202212,0.375,,0.0,0.9999999999999998,2,
Logos,202206,0.0,1.0,,,3,0.0
Visual Basic 6.0,202011,0.0625,,,0.0,1,
EmberScript,201910,1.0,0.6666666666666666,0.0,1.0,1,
Svelte,202008,0.7229166666666667,0.5,0.2727272727272727,0.8917615361155258,5,0.7142857142857143
Sage,202406,0.0,,,,1,
Crystal,201911,0.0,1.0,,,2,0.0
SQLPL,201906,0.0,1.0,,,1,
Cuda,202010,0.0,,,,1,
Stylus,201811,0.0,,,,1,
SWIG,202007,0.0,,,,1,
Nix,202109,0.4042553191489362,0.6,0.36363636363636365,0.7914828824569079,4,1.0
LabVIEW,201803,0.5,0.5,0.0,0.8868595071429147,1,0.5
EJS,202001,0.0125,,,0.0,5,
Julia,201801,0.32467532467532473,0.5625,0.16666666666666666,0.5897997111715177,8,0.5
PLpgSQL,202412,0.0,,,,4,
G-code,201912,0.0,1.0,,,1,
Bicep,202207,0.0,0.5,,,2,1.0
TSQL,202201,0.0,,,,7,
Gherkin,202112,1.140495867768595,0.375,0.0,0.49092069466289406,1,1.0
MDX,201912,0.7731363076631619,0.8918918918918919,0.0,0.8032583282846386,3,0.7037037037037038
Twig,202408,0.056338028169014086,,,0.0,3,1.0
Slim,202303,0.0,,,,1,
CoffeeScript,202301,0.0,,,,4,
Handlebars,202105,0.0,,,,3,
YAML,202403,0.0,,,,1,
Processing,201904,1.3333333333333333,,0.0,1.0,3,1.0
Pawn,202304,3.0,,0.0,0.9999999999999998,3,1.0
Visual Basic .NET,202302,0.0,1.0,,,3,0.0
Processing,202011,,,,,3,
Modula-2,201812,,,,,1,
AutoHotkey,202502,1.5,,0.0,0.0,3,
Cuda,202305,,,,,1,
Yacc,202209,,,,,1,
SAS,202102,,,,,1,
Cuda,202112,1.0,,0.0,0.0,2,1.0
ASL,202405,,,,,2,0.0
Go Template,202401,0.0,,,,5,
Assembly,202108,0.03125,,0.0,0.0,5,1.0
Vala,201805,,,,,1,
Smalltalk,202408,,,,,1,
eC,202101,,,,,1,
SAS,202311,,,,,1,
mcfunction,202401,0.0,0.0,,,1,
PostScript,202410,,,,,3,
Edge,202504,,,,,1,
CMake,202012,0.13333333333333333,1.0,0.0,0.946394630357186,4,
Modula-2,202411,,,,,1,
VBScript,201907,1.0,,,0.0,1,0.0
Pascal,201805,0.05864197530864197,1.0,0.0,0.9494520153879485,9,
Edge,202306,,,,,1,
Processing,202207,,,,,1,
Twig,202312,0.5,0.5,0.0,0.0,4,0.25
Nim,202501,3.6666666666666665,0.0,0.0,0.9074246850599206,3,
Rich Text Format,202011,0.08571428571428572,1.0,0.0,0.0,2,1.0
Elm,201804,0.0,1.0,,,3,
NSIS,201902,,,,,1,
Scheme,201908,,,,,2,0.0
Cuda,202003,2.0,,0.0,0.4591479170272447,2,1.0
BitBake,201811,12.0,,0.0,0.9439592513355664,1,1.0
AL,202308,7.0,0.8333333333333333,0.0,0.8932941324021465,2,0.33333333333333337
RMarkdown,202303,0.0,,,,1,
SQF,202104,0.0,,,,1,
DTrace,202104,0.0,,,,1,
DM,202010,0.0001492091912861832,1.0,,0.0,6,
Slim,202103,0.0,,,,1,
ZenScript,202402,0.047619047619047616,,0.0,1.0,3,1.0
GDScript,202211,0.0,,,,6,
RAML,201905,0.0,,,,1,
mcfunction,202408,0.0,,,,1,1.0
Haxe,202405,,,,0.0,3,
Gleam,202502,0.0,1.0,,,2,
Nunjucks,202412,0.0,,,,1,
UnrealScript,202306,1.0,,0.0,0.0,2,
BitBake,202304,0.0,1.0,,,3,
Ren'Py,202409,0.3333333333333333,,0.0,0.0,1,1.0
Reason,201910,0.5416666666666666,1.0,0.0,0.4591479170272447,2,1.0
YAML,202407,0.0,,,,2,
Stylus,201902,0.0,,,,1,
G-code,202206,0.0,,,,1,
PowerShell,201801,0.9743589743589742,0.625,0.3333333333333333,0.6986111093213445,9,0.2857142857142857
YAML,202305,0.0,,,,1,
OCaml,202302,3.0,,0.0,0.8763576394898523,3,1.0
Smarty,201912,0.33333333333333337,,0.0,0.0,3,
Twig,201911,0.7857142857142857,0.3333333333333333,0.0,0.8383685150260664,1,1.0
Smali,202307,1.625,,0.0,0.9957274520849256,1,1.0
Smarty,201801,0.0,,,,3,1.0
WDL,202103,0.18181818181818182,1.0,,0.0,1,
Julia,201806,0.1188034188034188,0.0,0.0,0.23449779679464058,4,
Assembly,202410,0.043478260869565216,1.0,0.0,1.0,7,1.0
Monkey C,202111,0.55,0.95,0.0,0.9940302114769566,2,
Slim,202111,0.0,,,,1,
PLpgSQL,201904,0.0,1.0,,,4,0.0
ASL,202012,12.954545454545453,,0.0,0.9230614430761312,2,0.8
ZAP,202112,1.1612903225806452,0.625,0.0,0.7485552113567171,1,0.0
ColdFusion,201808,0.0,,,,2,
Less,201910,1.125,0.5,0.0,0.5618834549413552,3,0.33333333333333337
Haxe,202109,5.9,0.3333333333333333,0.125,0.7546093492086645,2,0.6666666666666666
Fluent,202407,0.0,,,,1,
Rich Text Format,201808,0.0,,,,1,
CMake,201810,0.05747126436781609,0.5,0.0,0.9940302114769566,5,1.0
Astro,202003,1.1428571428571428,0.7142857142857142,0.0,0.8892634028114123,6,1.0
ZenScript,202104,1.2295081967213115,0.5,0.05128205128205128,0.6167904002097927,1,0.8571428571428572
Gherkin,202312,0.7142857142857143,0.4,0.2857142857142857,0.490455969541432,2,
Motoko,202311,0.0,1.0,,,1,
Nextflow,202404,0.3129158794052411,0.35714285714285715,0.5833333333333333,0.6105736275851199,4,0.33333333333333337
Assembly,201907,0.5,,0.0,0.0,2,
Open Policy Agent,202307,0.0,1.0,,,1,
CoffeeScript,202210,0.0,1.0,,,4,
Visual Basic,202003,,,,,2,
Scilab,202301,0.0,,,,1,
Visual Basic,202103,,,,,1,
Sass,202502,,,,,1,
Common Lisp,201910,0.5,0.0,0.0,0.0,4,1.0
Erlang,202203,0.0,1.0,,,2,
Pawn,202412,,,,,2,
Stylus,202206,0.0,,,,2,
ASP,202306,,,,,1,
KiCad Layout,202408,,,,,1,
AGS Script,202503,,,,,1,
Visual Basic .NET,202203,,,,,1,
Prolog,202307,,,,,1,
1C Enterprise,202304,,,,,2,
OCaml,202208,0.3888888888888889,0.5,0.0,0.5,10,
AGS Script,201810,,,,,1,
F#,202004,0.3412698412698413,0.0,0.0,0.0,6,1.0
Crystal,202305,,,,,1,
WebAssembly,202307,1.0,,0.0,0.0,1,
Bicep,202002,,,,,1,
Forth,201809,,,,,1,0.0
Racket,201912,16.0,,0.0,0.8620485698650452,2,1.0
Scilab,202410,,,,,1,0.0
Visual Basic,202307,,,,,1,
Forth,202102,,,,,1,
Stata,202309,0.0,0.0,,,1,0.0
ASP,202201,,,,,1,
Solidity,202007,1.2580645161290323,0.38461538461538464,0.4444444444444444,0.8769780082983475,2,
PostScript,201807,0.0,,,,3,
Cuda,202001,,,,,1,
VHDL,202307,,,,,2,
Processing,202103,0.0,,,,4,
q,202011,,,,,1,
Cuda,201908,11.0,,0.0,0.9940302114769566,1,1.0
PostScript,202205,0.0,1.0,,,4,
q,202006,,,,,1,
AutoHotkey,202304,,,,,2,
PostScript,202211,1.0,,0.0,1.0,4,
Bikeshed,202107,7.0,,0.0,0.9629610647945144,1,1.0
Open Policy Agent,202505,0.0,,,,2,
PLpgSQL,202009,0.0,,,,2,
Scilab,202408,0.0,,,,1,
SWIG,202105,0.0,,,,1,
Smarty,202310,0.0,,,,2,
Batchfile,202505,0.33511904761904765,0.6,0.0,0.4653382790366966,9,
Modula-2,202401,0.0,,,,1,
PureScript,202002,0.16666666666666666,0.5,0.0,0.0,3,0.0
Nim,201902,0.7,,0.0,0.914100892018565,3,
WebAssembly,202011,3.75,1.0,0.0,0.8856014073204163,2,1.0
Roff,201902,0.0,,,,1,
Game Maker Language,202204,0.0,,,,1,
WDL,201812,0.0,,,,1,
RobotFramework,202505,0.0,,,,1,
Apex,201905,2.5,,0.0,0.9602297178607612,3,
Haxe,202410,0.4642857142857143,1.0,0.0,0.9999999999999998,3,0.33333333333333337
ABAP,202011,0.2857142857142857,,0.0,0.0,1,
Blade,202005,0.0,,,,3,0.0
Go Template,202210,0.0,,,,3,
Nasal,202311,0.0,,,,2,
Stata,202109,1.1428571428571428,0.75,0.0,0.5,2,0.0
Nim,202007,0.6111111111111112,0.5,0.0,0.46030991785715236,5,1.0
MDX,201908,2.337704918032787,0.6133333333333333,0.011235955056179775,0.8089360513865046,2,0.6216216216216217
Typst,202310,2.25,,0.0,0.8783471047618534,1,
ASP.NET,201804,0.0,,,,1,
reStructuredText,202311,0.0,,,,1,
Rich Text Format,202506,0.0,1.0,,,2,
PLpgSQL,202403,0.25,1.0,0.0,0.0,4,
EmberScript,202411,1.0,1.0,0.0,1.0000000000000002,1,0.0
Bicep,202302,0.0,1.0,,,2,
HLSL,202109,0.0,1.0,,,1,0.0
XSLT,202308,0.24285714285714288,0.75,0.3333333333333333,0.6215205686031319,7,0.0
Astro,201803,0.875,0.14285714285714285,0.0,0.5916727785823274,1,1.0
Less,202205,0.5833333333333334,0.0,0.0,0.8322488896002306,2,
Starlark,202302,0.6666666666666666,1.0,,0.0,1,
ShaderLab,202006,0.0,,,,3,
SourcePawn,202401,2.111111111111111,0.6666666666666666,1.0,0.8997437586982626,1,
Ballerina,202010,0.0,,,,1,
G-code,202112,0.0,1.0,,,1,
Stylus,201908,0.0,,,,3,
Standard ML,201809,0.0,1.0,,,1,0.0
TSQL,201809,0.0,1.0,,,3,
DM,202305,0.0,1.0,,,5,0.0
ABAP,202201,0.34615384615384615,0.0,0.0,0.9182958340544894,2,1.0
Groovy,201905,0.40525030525030525,0.8250000000000001,0.0,0.5887106419146824,7,0.0
PureScript,201903,0.2696078431372549,1.0,0.0,0.4591479170272447,4,0.0
Squirrel,202009,0.0,,,,1,
Handlebars,201810,0.0,,,,1,
Visual Basic .NET,201810,0.0,,,,1,
Solidity,202102,0.2756178420735383,0.6000000000000001,0.14285714285714285,0.5310007490714421,9,0.33333333333333337
Mustache,202101,0.011494252873563218,0.9166666666666666,0.0,0.0,4,0.0
WDL,202306,0.047619047619047616,1.0,,0.0,1,
Lean,202401,0.14705882352941177,0.9166666666666666,0.0,0.8649735207179272,1,
Jsonnet,202308,0.08695652173913043,0.5,0.0,1.0,1,0.5
Smalltalk,201811,0.03333333333333333,0.0,0.0,0.0,2,
QML,202201,0.0,,,,1,
Handlebars,202211,0.0,1.0,,,3,0.0
Nix,201904,0.4552238805970149,0.3333333333333333,1.0,0.6683008476463943,2,1.0
Rich Text Format,201807,0.0,1.0,,,1,0.0
TSQL,201908,0.0,,,,5,
Rich Text Format,201909,0.014925373134328358,1.0,,0.0,2,0.0
IDL,202504,0.011904761904761904,,0.0,0.0,1,
JSON,201809,0.01773049645390071,0.5714285714285714,0.0,0.8112781244591328,1,
JSON,202003,0.060897435897435896,0.48148148148148145,0.0,0.2974722489192897,1,
PureScript,202406,0.0,,,,1,
LiveScript,202103,0.0,,,,1,
SAS,202007,,,,,1,
ShaderLab,202206,0.25,,0.0,0.0,4,0.5
Processing,202306,0.0,1.0,,,4,
Pawn,202311,,,,,1,
Sass,202304,1.0,,,0.0,1,
Pawn,202104,,,,,1,
Coq,202010,0.0,1.0,,,2,
SQL,202411,,,,,1,
AGS Script,202302,,,,,1,
Bicep,202501,0.0,1.0,,,2,
Visual Basic,201908,,,,,1,
VHDL,202504,,,,,5,
ColdFusion,202412,,,,,1,
KiCad Layout,202401,,,,,1,
GLSL,202411,0.4544159544159544,0.6666666666666666,0.5,0.2612796872684704,5,
QML,202108,,,,,1,
Visual Basic .NET,202310,0.0,,,,2,
q,201811,,,,,1,
Smali,202411,5.0,,0.0,0.9709505944546688,1,1.0
Pawn,202410,,,,,1,
KiCad Layout,201803,,,,,1,0.0
SAS,202206,,,,,1,
Verilog,201806,,,,,2,
SystemVerilog,202412,0.0,,,,5,
Reason,201909,1.2222222222222223,0.3333333333333333,0.0,0.7500083823333363,2,1.0
Erlang,202303,2.0,1.0,0.0,1.0,3,1.0
Pascal,202007,,,,,4,1.0
Common Workflow Language,202303,4.0,,0.0,0.8112781244591328,1,
Crystal,201804,0.5,,0.0,0.0,2,
Smalltalk,202210,0.0,,,,2,
Erlang,202001,0.33333333333333337,0.5,0.0,0.0,4,0.0
OpenSCAD,202010,0.0,,,,2,
PLpgSQL,202401,,,,,1,
Pawn,202106,,,,,1,
SystemVerilog,202303,,,,,2,
Stylus,202007,0.0,,,,5,
q,201809,,,,,1,
PLpgSQL,202302,,,,,1,
Racket,202009,,,,,2,
Twig,202203,0.0,1.0,,,3,
Cuda,201909,2.0,,0.0,0.0,1,1.0
Blade,201801,,,,,1,
ActionScript,201910,5.0,,0.0,0.9709505944546688,2,1.0
Bikeshed,202007,3.0,,0.0,0.9999999999999998,1,1.0
Less,202201,0.0,,,,2,
Handlebars,201812,0.0,,,,1,
Stylus,202011,0.3333333333333333,,0.0,0.0,6,1.0
Liquid,202209,6.0,1.0,0.0,0.8836333707797248,2,0.5
Scilab,201912,0.0,,,,1,
Coq,202002,0.0,1.0,,,2,0.0
PLSQL,202105,0.0,,,,1,
Just,202109,0.0,,,,1,
EJS,201802,0.0,,,,2,0.0
PostScript,201809,0.3333333333333333,0.0,0.0,0.0,2,1.0
D,202101,0.0,,,,3,
RMarkdown,202410,0.0,,,,1,
DTrace,202102,0.0,,,,1,
Visual Basic 6.0,202008,0.0,,,,1,
Jsonnet,202210,0.0,1.0,,,1,0.0
M4,201810,0.0,,,,1,
Coq,202011,0.0,1.0,,,1,
Processing,202312,0.008620689655172414,1.0,0.0,1.0,3,
Luau,202504,0.0,,,,2,
ASL,202005,5.388888888888888,,0.0,0.6068642330857764,4,1.0
Liquid,202304,0.0,1.0,,,4,0.0
AutoHotkey,202303,0.0,,,,3,
Smalltalk,202009,0.05555555555555555,1.0,,0.0,2,
M4,202001,0.0,,,,1,
LookML,202003,0.0,1.0,,,2,0.0
Batchfile,201906,0.0,,,,1,0.0
VHDL,202001,0.0,,,,1,0.0
Monkey C,202112,0.375,0.6666666666666666,0.0,0.9182958340544894,2,
Nix,201909,0.45999999999999996,0.3333333333333333,0.4,0.4375,5,1.0
1C Enterprise,202407,0.0,1.0,,,1,
Twig,202207,0.34523809523809523,1.0,0.0,0.0,3,0.0
Racket,201809,0.0,1.0,,,2,0.0
SWIG,202104,0.0,,,,1,
SQLPL,201808,0.3333333333333333,1.0,0.0,0.0,1,
Solidity,201804,0.976190476190476,0.7,0.2222222222222222,0.6433636348502484,3,0.0
CAP CDS,202405,0.0,,,,1,
Apex,201910,0.0,,,,1,
Common Workflow Language,202305,0.3333333333333333,1.0,,0.0,1,
POV-Ray SDL,201903,0.0,,,,1,
GDScript,201906,0.1111111111111111,,,0.0,1,
IDL,202311,0.25,,0.0,0.0,1,1.0
IDL,202410,0.07692307692307693,0.6666666666666666,0.0,0.0,1,
GLSL,202304,1.0416666666666667,0.25,0.0,0.6566327315955583,6,
Smarty,202403,0.0,1.0,,,2,
QML,202102,0.47368421052631576,,0.4,0.7421885017062524,1,
LabVIEW,202407,0.4739229024943311,0.0,1.0,0.4631061063673332,2,0.0
SQF,202004,0.47058823529411764,0.7777777777777778,0.0,0.5435644431995964,1,
Fennel,202312,0.0,,,,2,
Fennel,202204,4.590909090909091,0.0,0.0,0.8460465021561981,2,1.0
Open Policy Agent,202104,0.0,,,,1,
Visual Basic,201808,0.08823529411764706,1.0,0.0,0.0,2,0.5
Nextflow,202108,0.0,,,,1,
Solidity,201901,1.813953488372093,0.7333333333333333,0.16,0.6086241314942356,2,1.0
ZenScript,202105,1.0416666666666667,0.6666666666666666,0.0,0.829043771408638,1,0.6666666666666666
CAP CDS,202505,0.0,1.0,,,2,
Nix,202004,0.23880597014925373,0.47058823529411764,0.3333333333333333,0.7804101905467146,5,
F#,202305,0.0,1.0,,,4,
MDX,201809,2.134453781512605,0.7,0.0196078431372549,0.9055314553533194,2,0.4918032786885244
Markdown,202205,0.007941680512924036,,,0.0,7,
Markdown,202407,0.004442133588328199,1.0,,0.0,11,0.0
Jsonnet,202407,0.003289473684210526,1.0,,0.0,2,
JSON,201812,0.0022471910112359553,1.0,,0.0,1,0.0
MDX,201804,2.0153846153846153,0.6590909090909091,0.01606425702811245,0.8688055099729612,1,0.5789473684210527
JSON,202011,0.05102040816326531,0.3333333333333333,0.0,0.8812908992306927,1,
ZenScript,202103,0.8160377358490566,0.21428571428571427,0.04938271604938271,0.6967468535241085,1,0.8823529411764705
ZenScript,202001,0.21333333333333335,0.8947368421052632,0.0,0.7537082239954689,1,0.8749999999999999
JSON,202101,0.03611111111111111,0.7704918032786885,0.0,0.7781556622933319,1,1.0
Open Policy Agent,202404,0.0,,,,1,
Rich Text Format,202207,0.0,,,,3,
Rich Text Format,202103,0.0,,,,2,
LiveScript,202212,0.0,,,,1,
Blade,202002,0.125,,,0.0,4,0.0
reStructuredText,202502,0.0,,,,1,
Pascal,202306,3.0,,0.0,0.9182958340544894,6,1.0
Monkey C,202402,,,,,1,
Assembly,202111,0.0,0.5,,,5,
AGS Script,202309,,,,,1,
OpenSCAD,202502,,,,,2,
Haxe,202502,4.0,0.2,0.0,1.0,3,
CoffeeScript,202412,,,,,3,
SystemVerilog,201902,,,,,1,
Visual Basic .NET,202502,0.5,,0.0,0.0,2,
Modelica,202103,,,,,1,
WebAssembly,202503,1.0,,0.0,0.0,1,
Haxe,202305,,,,,2,
Objective-C++,202001,,,,,1,
VHDL,201802,,,,,1,
Common Lisp,202303,0.0,,,,2,
PLSQL,202306,,,,,1,
Assembly,201908,0.0,,,,4,
Apex,202306,0.0,,,,2,
Clojure,202502,0.08333333333333333,0.0,0.0,0.0,5,
AL,202401,,,,,1,
Stata,202102,0.0,,,,2,
AGS Script,202001,,,,,1,
ASL,202108,0.0,,,,3,0.0
Crystal,202104,,,,,1,
PureScript,202007,,,,,2,
OpenSCAD,201911,,,,,1,
ASL,202402,6.0,,0.0,0.9206198357143047,1,
Haskell,202011,0.8039993701779247,0.4388888888888889,0.17857142857142858,0.7883422183314948,12,0.75
Cuda,202504,0.0,1.0,,,2,
Blade,201902,,,,,1,
CartoCSS,202504,2.0,0.0,0.0,1.0,1,
EmberScript,202409,3.0,0.0,0.0,0.9999999999999998,1,1.0
Processing,201907,1.0,0.0,0.0,0.0,2,1.0
Bikeshed,202203,6.0,,0.0,0.9697238998682473,1,1.0
CUE,202109,0.0,,,,1,
Papyrus,202409,0.0,,,,1,
RAML,202201,0.0,,,,1,
Nunjucks,202505,0.0,,,,2,
PLpgSQL,202101,0.0,,,,2,
AngelScript,202202,0.0,,,,1,
GAP,201802,0.125,1.0,,0.0,2,0.0
ABAP,202308,0.0,,,,2,
Batchfile,201811,0.125,0.0,0.0,0.0,2,1.0
Twig,202105,0.0,1.0,,,2,0.0
GAP,202002,0.3333333333333333,0.0,0.0,0.0,1,1.0
DM,201806,0.0,1.0,,,2,
Fluent,202412,0.0,1.0,,,1,
M4,202306,0.0,,,,1,
Monkey C,202207,0.0,0.5,,,2,
ASP.NET,202312,0.0,1.0,,,2,
Nextflow,202210,0.0,,,,2,
ASL,202007,0.0,,,,4,
CartoCSS,202008,0.0,,,,1,
Game Maker Language,202501,0.0,,,,1,
F#,202104,0.4,,0.0,1.0,6,1.0
BitBake,202212,0.0,,,,1,
Mathematica,201809,0.0,,,,1,
POV-Ray SDL,201801,0.0,,,,1,
Gnuplot,201905,1.6,,0.0,0.875,1,
Smali,202502,2.0,,0.0,0.8194483718728035,1,
Bikeshed,202204,2.0,0.0,0.0,0.9101663100395064,1,1.0
Mustache,201909,0.0,,,,1,
Smarty,202007,0.0,,,,3,
QML,202505,0.2,,0.0,0.0,1,
Puppet,202307,0.2,1.0,,0.0,2,
Mermaid,202408,0.008333333333333333,,,0.0,2,
POV-Ray SDL,202304,1.0,,0.0,0.7896900821428474,1,1.0
LabVIEW,202410,0.16666666666666666,1.0,0.0,0.0,1,
WebAssembly,201907,0.0,,,,1,
Nunjucks,202407,0.5,0.5,0.0,0.4591479170272447,3,1.0
Nix,202208,0.22222222222222224,0.4,0.14285714285714285,0.8104060516490437,6,1.0
ActionScript,202003,3.3333333333333335,1.0,0.0,0.8979516371446922,2,1.0
LiveScript,201802,0.0,,,,1,
Fortran,202406,4.105714285714286,0.7166666666666666,0.0,0.5106835999384876,5,0.5
Solidity,201912,0.5555555555555556,0.8,0.0,0.8649735207179272,3,0.0
Tree-sitter Query,202111,1.1,0.5,0.0,0.9084496903145964,1,0.6666666666666667
EmberScript,201810,1.875,0.0,0.0,0.925633916873193,1,1.0
Tree-sitter Query,202012,0.3333333333333333,0.5,0.0,0.7219280948873623,1,0.33333333333333337
QML,202205,0.0,1.0,,,1,
Nunjucks,202308,0.10869565217391304,1.0,,0.0,2,
Common Lisp,202406,0.0,,,,5,
Squirrel,202004,0.0,,,,1,
BASIC,202108,0.0,,,,1,
Nunjucks,202503,0.0,1.0,,,4,
WDL,201805,0.21428571428571427,1.0,0.0,0.0,1,
Jsonnet,202301,0.06060606060606061,0.75,0.0,1.0,1,
CartoCSS,201809,0.0,,,,1,
Fennel,202103,0.0,,,,1,
Elm,201802,0.041666666666666664,1.0,,0.0,1,0.0
PLpgSQL,201801,0.3476923076923077,0.5,0.25,0.9089541320215265,2,0.6666666666666666
Crystal,202409,0.0,,,,1,
Forth,202111,0.0,1.0,,0.0,2,
ABAP,202307,0.058823529411764705,0.0,0.0,1.0,2,1.0
ZenScript,202112,0.08108108108108109,0.0,0.0,0.9999999999999998,2,0.5
Tree-sitter Query,202303,3.185185185185185,0.4666666666666667,0.09523809523809523,0.5930204776643515,1,1.0
Ren'Py,202209,0.0,,,0.0,1,
Stylus,201906,0.0,,,,3,
MoonScript,202101,0.7045454545454546,,0.5,0.6429507989925126,1,1.0
G-code,201906,0.0,1.0,,,1,0.0
ZenScript,202008,0.28865979381443296,,0.0,0.7340706254796822,1,0.7272727272727273
JSON,202202,0.03382070026933436,0.26666666666666666,0.0,0.26395278418916124,3,0.0
JSON,202310,0.03325475499677627,,,0.25,4,
GDScript,201801,0.016042780748663103,0.3333333333333333,0.0,0.8649735207179272,1,0.6666666666666666
Blade,202407,0.0,,,,5,
1C Enterprise,202102,,,,,1,
OpenSCAD,202412,,,,,1,
Gnuplot,202009,,,,,1,
Stata,202411,,,,,1,
OpenSCAD,202301,,,,,2,
QML,202312,,,,,1,
Visual Basic,202305,,,,,1,
Haxe,201902,4.0,,0.0,0.0,2,
Visual Basic,201906,,,,,1,
Solidity,202006,1.3333333333333333,0.6875,0.18181818181818182,0.5872304460741754,2,0.0
Roff,202010,1.425,1.0,0.0,0.49261406801712576,5,1.0
Pawn,202102,,,,,2,
ShaderLab,202108,1.0,,,0.0,3,
OpenSCAD,202005,,,,,2,
Gleam,202411,0.0,,,,3,
PostScript,201909,0.0,1.0,,,3,0.0
Perl 6,202009,,,,,1,
Twig,201910,2.0,0.0,0.0,0.0,1,
Cypher,202301,0.0,,,,1,
WebAssembly,202408,1.0,,,0.0,1,
AngelScript,202410,1.5096153846153846,,0.0,0.4591479170272447,2,1.0
PureScript,202005,0.0,1.0,,,2,
Nim,202106,0.0,,,,3,
Cypher,202012,,,,,1,
Vala,202207,6.142857142857143,,0.0,0.825011210824177,2,
SAS,202111,,,,,1,
Starlark,202305,7.0,0.0,0.6666666666666666,0.8699155297736259,1,1.0
LLVM,202505,0.0,0.0,,0.0,2,
Common Lisp,202207,0.0,,,,4,
GLSL,202401,2.0,1.0,0.0,0.9396299407490853,4,
Cuda,202410,3.0,1.0,0.0,0.0,1,1.0
Reason,202009,0.5,1.0,,1.0,3,
Less,202001,0.0,,,,3,1.0
Less,201806,6.0,1.0,0.0,0.9591479170272448,1,0.0
ColdFusion,202201,0.0,,,,1,
Nunjucks,202306,0.0,1.0,,,3,
F#,201803,0.0,,,,1,
YAML,202411,0.0,,,,3,
SQF,202312,0.0,1.0,,,1,
Assembly,202105,0.0,,,,3,
SAS,202001,0.0,,,,1,
EmberScript,202502,0.5,0.0,0.0,0.0,1,
Racket,201804,0.0,,,,2,
LLVM,202401,0.1111111111111111,0.0,1.0,0.8112781244591328,3,
Nushell,202309,0.0,,,,1,
eC,202112,0.0,,,,1,
PureScript,201912,1.0,,0.0,1.0,2,1.0
Elm,202302,1.5,,0.0,0.6500224216483541,1,
Typst,202010,0.0,,,,1,
Typst,202505,4.0,0.5,0.0,0.8848616689990431,1,
HCL,201806,0.1111111111111111,0.8333333333333333,0.0,0.0,7,0.3333333333333333
Jinja,202506,0.029411764705882353,1.0,0.0,1.0,10,
WGSL,202306,0.0,1.0,,,1,
Mermaid,202406,0.0,,,,1,
ActionScript,202006,5.0,,0.0,0.7745136606965811,1,0.8571428571428572
Zig,202506,0.0,1.0,,,4,
TSQL,201805,0.03333333333333333,0.0,0.0,0.0,3,
Ballerina,202001,0.0,,,,1,
UnrealScript,202305,0.05,0.5,0.0,0.0,2,1.0
Fortran,202009,1.0055555555555555,0.8636363636363636,0.0,0.9111691411331526,4,1.0
Twig,202306,0.4246031746031746,0.8333333333333334,0.0,0.9324867603589636,2,0.0
Squirrel,202006,0.0,,,,1,
Game Maker Language,201802,0.0,,,,1,
SQLPL,201907,0.0,1.0,,,1,
Nunjucks,202208,0.0,,,,5,
Smarty,202410,0.0,1.0,,,1,
Reason,201802,0.78125,,0.0,0.4591479170272447,2,1.0
Astro,202204,0.01785714285714286,1.0,,0.0,8,
OpenSCAD,202404,0.0,,,,2,
Nim,202009,0.0,,,,3,
SWIG,202501,0.0,,,,1,
MDX,201901,4.057650273224044,0.8529411764705883,0.0,0.4617611323991815,2,0.5660377358490567
Ballerina,201809,0.0,1.0,,,1,0.0
Nunjucks,202011,0.0,,,,3,
Common Workflow Language,202008,0.0,,,,2,
Nextflow,201812,0.0,,,,1,
Luau,202307,0.0,,,,1,
PLSQL,202402,0.0,,,,1,
Rich Text Format,201812,0.0,,,,1,
Fennel,202007,0.7101449275362319,0.0,0.18181818181818182,0.6250218773145164,1,1.0
SQF,202003,0.5,0.5555555555555556,0.6666666666666666,0.756416846528583,1,
Processing,202409,0.0,,,,2,
Markdown,202105,0.0,,,,3,
Fennel,201912,1.5686274509803921,0.4444444444444444,0.15384615384615385,0.6430999495920633,1,1.0
Smarty,202401,0.0,1.0,,,2,0.0
Stylus,201912,0.014925373134328358,1.0,0.0,0.0,3,0.5
Mathematica,201807,0.0,,,0.0,1,
Haxe,201809,0.1320754716981132,0.5,0.0,0.7149555854879349,2,0.3333333333333333
Visual Basic .NET,202005,0.0,1.0,,,5,
Jsonnet,202405,0.0,1.0,,,3,
Motoko,202401,0.0,1.0,,,1,
Jsonnet,202505,0.008333333333333333,1.0,,0.0,1,
reStructuredText,202505,0.0,,,,1,
Logos,202405,1.6666666666666665,0.0,0.0,0.9056390622295665,4,0.16666666666666669
Reason,201808,1.0,1.0,0.0,0.0,2,0.0
Prolog,202104,,,,,1,
Smalltalk,202310,,,,,1,
Scheme,202411,,,,,1,
SWIG,202307,,,,,1,
Pawn,202503,,,,,2,
AutoIt,202002,,,,,1,
OpenSCAD,201902,0.0,,,,3,
Smalltalk,202412,,,,,2,
ASL,202501,,,,,1,
Modula-2,202501,,,,,1,
Limbo,202402,,,,,1,
ShaderLab,202306,0.5032467532467533,0.9285714285714286,0.0,0.4056390622295664,5,0.5
Nix,202106,0.8888888888888888,0.3333333333333333,0.0,0.9528195311147832,5,0.0
OpenSCAD,202303,,,,,1,
Cuda,202007,,,,,2,
Rich Text Format,201904,,,,,1,
F#,202106,0.0,,,,3,
Logos,202101,,,,,1,
Pascal,202001,0.5,1.0,0.0,0.0,5,1.0
Pawn,202211,2.0,,0.0,1.0,1,1.0
Processing,202410,,,,,1,
ASL,202209,,,,,1,
Stata,202111,,,,,1,
PostScript,202203,0.0,1.0,,,4,
Less,201805,7.0,1.0,0.0,0.9755037590061084,1,0.0
Rich Text Format,202401,0.0,,,,1,
Handlebars,202010,0.0,,,,1,
Makefile,202111,1.625,1.0,0.0,0.29662817751367765,17,0.6666666666666666
YAML,202205,0.0,,,,1,
eC,202202,0.0,,,,1,
TSQL,201804,0.030303030303030304,0.5,0.0,0.0,3,
Elm,202410,0.0,,,,1,
Haxe,201803,0.3,1.0,0.0,0.9591479170272448,2,1.0
CartoCSS,201806,0.6666666666666666,,0.0,1.0,1,1.0
Groovy,202105,0.0,1.0,,,9,0.0
Bicep,202304,0.0,,,,1,
Visual Basic .NET,202007,0.0,1.0,,,2,
Nim,201908,2.0,,0.0,0.9801148589303805,4,1.0
Processing,202106,0.0,,,,3,
AGS Script,202202,1.0,1.0,0.0,0.9182958340544894,1,
VBScript,201904,3.5,1.0,0.0,0.9821410328348751,2,0.0
Stylus,202405,0.0,,,,1,
Bicep,202407,0.0,1.0,,,1,
F#,201910,0.027777777777777776,,,0.0,4,
CoffeeScript,202312,0.0,1.0,,,3,
QuickBASIC,202501,0.3333333333333333,,,0.0,1,
Monkey C,202306,0.0,1.0,,,1,
Bikeshed,202010,10.333333333333334,0.3333333333333333,0.0,0.7175552675101745,1,0.0
Lasso,201801,0.0,,,,1,
Handlebars,201902,0.0,,,,1,
CartoCSS,202106,0.0,,,,1,
Scilab,202501,0.0,,,,1,
NSIS,202203,0.0,,,,1,
D,202103,0.16666666666666666,1.0,,0.0,2,
ASL,201908,0.0,,,,1,
BitBake,202402,0.0,1.0,,,1,0.0
mcfunction,202106,0.0,,,,1,
Monkey C,202104,1.8333333333333333,0.4,0.5,0.8260742242427029,1,
POV-Ray SDL,202408,0.8333333333333334,,0.0,0.9709505944546688,1,0.5
DTrace,202009,0.0,,,,1,
POV-Ray SDL,202412,0.14285714285714285,,0.0,0.0,1,1.0
Smali,202312,0.14285714285714285,,0.0,0.0,1,1.0
Vala,202111,0.7532467532467533,,0.0,0.49839581599081834,2,1.0
Smali,202303,0.625,0.0,0.0,1.0,1,
Smarty,201907,0.0,1.0,,,4,0.0
reStructuredText,201811,0.0,,,,1,
Smarty,202408,0.0,1.0,,,3,
M4,202211,0.0,,,,1,
Visual Basic .NET,202006,0.06060606060606061,,,0.0,3,
Liquid,202111,0.6585365853658537,0.3333333333333333,0.0,0.7936059189932491,2,1.0
ASP.NET,202411,0.0,1.0,,,1,
Fortran,202311,7.2,0.2222222222222222,0.0,0.7103762120532386,3,1.0
Vala,201810,0.0,,,,2,
1C Enterprise,202001,0.11764705882352941,,,0.0,3,
ANTLR,202308,0.0,1.0,,,1,
ZAP,202309,9.941176470588236,0.43478260869565216,0.20689655172413793,0.6693166053691237,1,0.5
Fennel,202111,1.2711323763955342,0.0,0.038461538461538464,0.6753129940311893,2,1.0
Smarty,202008,0.0,1.0,,,2,0.0
Apex,202503,0.0,,,,1,
Component Pascal,202207,0.0,1.0,,,1,
ZenScript,202401,0.018518518518518517,,0.0,0.0,2,
Visual Basic .NET,202003,0.48863636363636365,0.0,0.0,0.4854752972273344,4,0.0
Astro,201912,0.3801488833746898,0.7777777777777778,0.2727272727272727,0.618616075642427,5,1.0
ASP.NET,202311,0.0,1.0,,,1,0.0
JSON,202402,0.011467889908256881,0.16666666666666666,0.0,0.0,4,
Just,202503,0.03323262839879154,1.0,,0.0,1,
Riot,202301,0.0,,,,1,
TSQL,202106,0.0,,,,5,
Haml,202203,,,,,1,
Objective-C++,202112,,,,,1,
MoonScript,202305,,,,,1,
Reason,202104,0.0,,,,3,
Zig,202404,0.0,1.0,,,4,
ActionScript,202107,,,,,2,
Zig,202205,0.0,1.0,,,4,0.0
Smalltalk,202212,,,,,1,
Clojure,202309,,,,,4,
AMPL,202112,0.0,1.0,,,1,0.0
Elm,202108,0.0,0.0,,,2,0.0
Sass,202410,,,,,1,
Modula-2,201907,,,,,1,
Nim,201805,,,,,1,
Standard ML,202309,,,,,1,
GDScript,202104,,,,,2,
Objective-C++,202003,,,,,1,
Objective-C++,202010,,,,,1,
Objective-C++,201803,,,,,1,
Objective-C++,202009,,,,,1,
Pascal,202002,0.16666666666666666,0.0,0.0,0.0,6,1.0
Objective-C++,202002,1.0,,0.0,0.0,1,1.0
Modelica,202006,2.0,,0.0,1.0,1,
Twig,202012,1.0,,0.0,0.0,1,
PLpgSQL,202108,,,,,1,
PLpgSQL,202404,0.5,,,0.0,2,
PureScript,201906,0.0,1.0,,,2,0.0
Pawn,202402,0.0,1.0,,,1,0.0
Bikeshed,202208,4.0,,0.0,0.0,2,1.0
Reason,202012,0.0,,,,2,
Roff,201909,0.5,,0.0,0.0,3,
PostScript,202503,3.4,1.0,0.0,0.9501183104592936,3,
PostScript,202108,0.16666666666666669,1.0,0.0,0.0,5,0.0
Liquid,202302,0.33333333333333337,1.0,0.0,0.0,3,0.0
BitBake,201901,12.0,,0.0,0.8401749385838428,1,0.0
ShaderLab,202412,,,,,2,
PostScript,202103,0.0,,,,3,
BitBake,201810,27.0,,0.0,0.8963203170260793,1,0.375
Nunjucks,202004,0.0,,,,3,
Nunjucks,202307,0.16666666666666666,1.0,,0.0,2,
Go Template,202404,1.0,0.75,0.0,0.0,5,0.0
NSIS,201806,0.0,,,,1,
Handlebars,202411,0.0,,,,1,
Fortran,202304,0.9728659140423845,0.6499999999999999,0.0,0.7818626356016662,7,1.0
Erlang,202210,0.5,0.5,0.0,1.0,3,
ShaderLab,202501,0.0,1.0,,,2,
POV-Ray SDL,202406,0.0,,,,1,0.0
Starlark,202107,0.0,,,,1,
EJS,201905,0.0,,,,2,
Processing,202305,0.0,,,,3,
POV-Ray SDL,202212,0.3333333333333333,,0.0,0.0,1,
D,202309,0.25,,0.0,1.0,2,0.0
Clean,201803,0.0,1.0,,,1,
Agda,202306,0.0,1.0,,,1,0.0
D,201908,0.1,0.6666666666666666,0.0,0.0,2,
Pug,201909,0.0,,,,1,
Scilab,201808,0.0,,,,1,
EmberScript,202410,2.0,,0.0,0.6695919455357792,1,
Pug,202102,0.0,,,,1,
Jsonnet,202404,0.0,1.0,,,3,0.0
reStructuredText,202204,0.0,,,,1,
ReScript,202212,0.0,,,,2,
Kaitai Struct,202403,0.0,,,,1,
Sass,202005,0.0,1.0,,,1,0.0
CartoCSS,201802,0.0,,,,1,
Just,202307,0.3333333333333333,,0.0,0.0,1,
Cuda,201807,0.0,,,,2,
DM,202209,0.0,,,,5,
Fortran,202401,5.419444444444444,0.0,0.0,0.8553661387205245,4,1.0
WDL,201808,0.0,,,,2,
eC,201811,0.0,,,,1,
SQLPL,201802,0.0,1.0,,,1,
DM,202004,0.0,1.0,,,3,0.0
Mustache,202004,0.7142857142857143,0.5555555555555556,0.5,0.8609640474436813,1,
CUE,202101,0.0,,,0.0,1,
CartoCSS,201803,0.0,,,,1,
Solidity,202103,0.2473913043478261,0.7777777777777778,0.2,0.8153315717601513,5,0.0
ASL,202311,0.2702702702702703,0.5714285714285714,0.0,0.9232196723355077,1,0.0
Nim,201904,0.0,,,,3,
Logos,202108,0.6666666666666666,1.0,0.0,0.8344194449252152,1,0.6
Logos,201904,0.0,,,,1,
SCSS,201809,0.125,0.5,0.0,0.3200765726202537,12,0.6666666666666666
RobotFramework,202407,0.0,1.0,,,1,0.0
DM,202003,0.0,1.0,,,2,0.0
Solidity,201810,0.6079545454545454,0.5789473684210527,0.4444444444444444,0.6993734861510518,2,0.0
Gherkin,202004,4.857142857142857,0.45454545454545453,0.0,0.5036398072486029,1,
GDScript,201903,0.023809523809523808,0.6666666666666666,0.0,0.0,1,1.0
QML,202112,0.021739130434782608,1.0,,1.0,1,0.0
SWIG,201904,0.0,,,,1,
ASP.NET,202211,0.04285714285714286,0.7142857142857143,0.0,0.0,1,0.28571428571428575
Liquid,202009,0.7763157894736842,0.6666666666666666,0.0,0.6018333492434945,1,1.0
Go Template,202204,0.0,1.0,,,2,
SWIG,202002,0.0,,,,1,
Nim,202305,1.5486111111111112,0.3157894736842105,0.2,0.30397657587429017,3,0.5
Riot,202108,0.0,,,,1,
Less,202102,0.005952380952380952,1.0,,0.0,6,0.0
Visual Basic .NET,202305,0.0,,,,3,
Visual Basic,202204,0.0,,,,2,
Vala,201904,,,,,1,
Erlang,202506,0.4782608695652174,0.5555555555555556,0.6666666666666666,0.3854018335072463,3,
VHDL,202310,1.0,,0.0,0.0,3,0.0
Lasso,201807,,,,,1,0.0
Jsonnet,202305,,,,,1,
q,202404,,,,,1,
Haxe,202304,0.0,,,,2,
Nim,202412,2.5,0.42857142857142855,0.0,0.8696769360836005,3,1.0
LabVIEW,202504,,,,,1,
Jai,202503,0.0,1.0,,,1,
Smarty,201901,,,,,2,
CoffeeScript,202307,,,,,1,
Rich Text Format,201910,,,,,1,
SAS,202307,,,,,1,
GLSL,202208,2.3,1.0,0.0,0.7453200912842145,2,
Cypher,202504,,,,,1,
Visual Basic .NET,202411,,,,,1,
GDScript,202201,0.0,1.0,,,6,
BitBake,202308,0.0,,,,2,
1C Enterprise,202302,,,,,1,
Groovy,202002,0.06172839506172839,0.0,0.0,0.0,4,1.0
Gleam,202308,,,,,1,
Solidity,201905,2.0346820809248554,0.6730769230769231,0.23529411764705882,0.19882569726377342,2,
Pascal,202408,0.75,,0.0,0.0,5,1.0
Gnuplot,202001,,,,,1,0.0
Rebol,202310,3.0,,0.0,0.9182958340544894,1,1.0
ASL,202211,,,,,1,
QML,201802,4.0,,0.0,0.0,1,0.0
SystemVerilog,202502,1.0218579234972678,1.0,0.0,0.9323452322058376,5,
Stata,202105,,,,,1,
Roff,202205,,,,,2,
Zig,202303,0.0,,,,3,
Logos,202406,0.6666666666666667,,0.0,0.0,4,0.0
SystemVerilog,202304,,,,,2,
Stata,202207,3.0,0.0,0.0,0.7725068857142601,2,
Rich Text Format,201912,5.0,,0.0,0.9709505944546688,1,1.0
AGS Script,202205,2.0,,0.0,1.0,1,
ShaderLab,202112,0.0,1.0,,,3,0.0
q,201912,,,,,1,
QML,202405,3.0,,0.0,0.9999999999999998,1,
OpenSCAD,202104,0.0,,,,4,
Edge,202404,2.0,,0.0,1.0,1,
Reason,201801,1.5,1.0,0.0,0.9182958340544894,2,0.3333333333333333
Clojure,202009,0.5194444444444445,0.6818181818181819,0.0,0.4458972965755051,6,0.33333333333333337
Logos,202106,4.0,,0.0,0.9179944983623582,2,1.0
Less,201902,3.0,,0.0,0.9999999999999998,1,1.0
Answer Set Programming,202410,0.0,,,,1,
EJS,202408,0.0,1.0,,,6,0.0
Nix,202103,0.7073170731707317,0.14285714285714285,0.23529411764705882,0.3376213667644242,6,1.0
Vala,202007,0.0,,,,2,
F#,202303,0.005681818181818182,1.0,0.0,0.946394630357186,5,0.5
Coq,201905,0.0,,,,1,
QML,202207,0.0,,,,1,
QuickBASIC,202412,0.0,,,,1,
Game Maker Language,202201,0.0,,,,1,
Coq,202009,0.0,1.0,,,2,
QML,202101,1.5,,0.0,0.0,1,
Less,201809,1.5,,0.0,0.9609640474436812,1,0.0
LabVIEW,201801,0.0,1.0,,,1,0.0
Nasal,202209,0.0,,,,1,
Just,202501,0.0,,,,1,
IDL,202010,0.0,,,,1,
Starlark,202202,0.3333333333333333,1.0,,0.0,1,
CUE,202309,1.3333333333333333,,0.0,0.946394630357186,1,
Bicep,202111,0.0,,,,1,
M4,202107,0.0,,,,1,
Prolog,201806,0.0,,,,1,
Processing,202309,0.0,,,,3,
Forth,201805,0.0,,,,1,
Nushell,202505,0.0,,,,2,
mdsvex,202208,0.0,,,,1,
AL,202306,2.2,0.6666666666666666,0.0,0.8043461359047004,1,1.0
Mathematica,202011,0.0,,,,1,
Fortran,202208,1.1416666666666666,0.18181818181818182,0.0,0.2870220389212989,6,0.0
eC,202001,0.0,,,,1,
PLpgSQL,201905,0.36111111111111116,,,0.0,3,
CMake,201901,0.26785714285714285,0.5,0.0,0.4591479170272447,4,
ABAP,202311,0.2857142857142857,0.0,0.0,0.8112781244591328,2,
QML,202502,0.0,,,,1,
Fennel,202305,0.2727272727272727,,0.0,0.9999999999999998,2,0.0
Smarty,201810,0.06666666666666667,0.6666666666666666,0.0,0.0,4,0.0
Astro,202007,0.4722222222222222,0.16666666666666666,0.0,0.29035923008640907,6,1.0
ReScript,202309,0.16666666666666666,,0.0,0.0,2,
Mustache,202003,0.38461538461538464,0.5,0.0,0.7219280948873623,1,0.5
Blade,202406,0.0336033603360336,1.0,0.0,0.0,4,
LLVM,202404,0.5833333333333333,,0.0,0.9211854965885543,3,1.0
POV-Ray SDL,202007,0.21052631578947367,,0.0,0.9850568223215079,1,1.0
ABAP,202107,0.0,,,,2,
Sass,201806,0.0,,,,1,
Mermaid,202409,0.0,1.0,,,1,0.0
AGS Script,202104,1.1787709497206704,0.0,0.18181818181818182,0.675812250820954,2,
Hack,202002,0.0,1.0,,,1,0.0
Nextflow,202205,0.0,,,,1,
TSQL,201901,0.0,,,,3,
D,201804,0.24,0.0,0.0,0.920619835714305,1,1.0
Nunjucks,201905,0.0,,,,1,
Tree-sitter Query,202301,4.388888888888889,0.45454545454545453,0.2857142857142857,0.6134715271173575,1,1.0
DM,201912,0.0,,,,2,
Nix,201910,0.84375,0.4166666666666667,0.2,0.8806018443155024,4,1.0
SQLPL,201803,0.10416666666666667,0.6666666666666666,0.0,0.9609640474436812,1,1.0
Sass,202406,0.0,,,,1,
Assembly,201911,0.0,,,,3,
VHDL,202103,0.0,,,,4,0.0
Smarty,202506,0.0,,,,1,
Gherkin,201808,0.6223862238622386,0.08333333333333333,0.2807017543859649,0.6729822973323982,1,0.0
LiveScript,202106,0.0,,,,1,
Pug,202207,0.0,,,,2,
CoffeeScript,201902,0.4270833333333333,0.3,0.0,0.6173521875361669,6,1.0
Hack,202009,0.0,,,,1,
ReScript,202106,0.0,,,,1,
Nunjucks,202001,0.0,,,,1,
Rich Text Format,202206,0.0,,,,3,
FreeMarker,202111,0.0,,,,2,
KiCad Layout,202005,,,,,1,
Bikeshed,202506,,,,,3,
F#,202306,0.286300505050505,1.0,0.0,0.0,5,0.0
Bicep,202102,,,,,1,
AGS Script,202211,0.12,0.0,0.0,0.9182958340544894,2,
Visual Basic,201809,,,,,1,
Pascal,202505,0.038461538461538464,1.0,0.0,0.5,5,
VBA,202311,,,,,1,
ActionScript,201810,,,,,1,
Handlebars,202203,,,,,1,
Visual Basic,201810,,,,,1,
Scheme,202102,0.0,1.0,,,4,
ASP,202104,,,,,1,
ShaderLab,202202,,,,,4,
Apex,201803,,,,,1,
Pawn,202309,,,,,1,0.0
OpenSCAD,202003,,,,,2,
ActionScript,201905,1.0,,0.0,1.0,2,1.0
Ren'Py,202411,,,,,1,
KiCad Layout,202503,,,,,1,
AngelScript,202306,,,,,1,
Modula-2,202001,,,,,1,
GAP,202011,3.0,0.0,0.0,0.0,1,
QML,202407,0.0,1.0,,,1,0.0
Twig,202307,,,,,1,
VHDL,202306,,,,,2,
OpenSCAD,202501,0.0,1.0,,,2,
Stata,202302,,,,,1,
Scheme,202012,0.0,1.0,,,3,0.0
Gnuplot,201909,4.0,,0.0,0.946394630357186,1,
ActionScript,201803,,,,,1,
CUE,202311,,,,,1,0.0
Smali,202210,27.0,,0.0,0.7879568266041923,1,1.0
Coq,202201,0.0,,,,1,
AMPL,202001,0.1,0.5,0.0,0.0,2,
DM,201807,0.0,,,,2,
WebAssembly,202306,0.0,,,,1,
Stata,202305,0.0,1.0,,,1,0.0
ASL,202111,2.5,,0.0,0.7219280948873623,2,1.0
Bicep,202308,0.0,,,,1,
Typst,202403,1.0,,0.0,1.0,2,1.0
Gleam,202401,1.5,,0.0,0.9182958340544894,2,
Cypher,202212,0.0,,,,1,
GAP,202305,0.0,1.0,,,1,
M4,202109,0.0,,,,1,
CartoCSS,202108,0.0,,,,1,
Fortran,201811,0.0,1.0,,,2,
RAML,202003,0.0,,,,1,
AL,202504,0.0,1.0,,,1,
Monkey C,202301,0.0,1.0,,,1,0.0
Nim,202308,1.05,0.16216216216216217,0.2857142857142857,0.6340325856816884,4,1.0
Smarty,202112,0.0,1.0,,,4,0.0
DM,201805,0.0,,,,1,
Forth,202506,0.0,,,,1,
SQF,202005,0.2,1.0,,0.0,1,
YAML,202310,0.0,,,,2,
ReScript,202209,0.0,1.0,,,3,0.0
OCaml,201804,0.4861111111111111,0.0,0.0,0.9363649184897272,9,
GDB,201808,0.0,,,,1,
Smalltalk,202402,0.25,,0.0,1.0,1,1.0
Fennel,201903,0.25,,0.0,1.0,1,
Handlebars,202001,0.0,,,,1,
CartoCSS,202105,0.0,,,,1,
POV-Ray SDL,202207,0.25,,0.0,1.0,1,0.0
IDL,202310,0.0,,,,1,
Mermaid,202501,0.04081632653061224,0.5,0.0,0.946394630357186,2,
Bicep,202306,0.0,1.0,,,2,
Smali,202309,0.09090909090909091,,,0.0,1,1.0
Roff,202504,0.0,,,,1,
CartoCSS,202107,0.0,,,,1,
ShaderLab,202503,0.5,,0.0,0.946394630357186,3,
Nextflow,201907,0.0,,,,1,
D,202202,0.09523809523809523,0.0,0.0,0.8112781244591328,2,1.0
Nextflow,202310,0.0,,,,2,
ZenScript,202301,1.0,0.0,0.0,0.8649179172752162,1,0.5
SWIG,202011,0.0,,,,1,
CMake,202002,0.019230769230769232,,,0.0,5,0.0
Fortran,202404,3.6666666666666665,0.0,0.0,0.5355440199181154,2,0.5
Assembly,201805,0.07692307692307693,,0.0,1.0,2,1.0
EJS,201808,0.0,,,,2,
Haxe,202011,0.0,,,,2,
EJS,201908,0.0,,,,2,
Apex,202506,0.047619047619047616,1.0,,0.0,2,
WDL,201904,0.0,,,,2,
Less,201906,0.3333333333333333,,0.0,0.0,3,0.0
MDX,202002,0.3832454507857733,0.5166666666666666,0.026490066225165563,0.8138206257537965,3,0.6333333333333334
JSON,201805,0.0,1.0,,,1,
Puppet,202403,0.0,,,,2,
Mustache,202503,0.0,,,,1,
Gherkin,202208,0.42342342342342343,0.16666666666666666,0.0,0.42659207737779636,2,
Typst,202206,0.0,1.0,,,1,0.0
Visual Basic .NET,202101,0.33333333333333337,,0.0,0.0,3,
ActionScript,202105,,,,,1,0.0
NSIS,202001,2.0,,,0.0,1,
Roff,202407,0.0,1.0,,,4,
Apex,201801,,,,,1,
Apex,202210,,,,,1,
ActionScript,202205,,,,,1,0.0
Jai,202501,0.0,0.0,,,1,
OpenSCAD,201912,,,,,2,
Forth,201807,,,,,1,
Stylus,202303,0.0,,,,3,
VBScript,202003,,,,,2,
Racket,201904,0.0,,,,2,
GLSL,202204,,,,,2,1.0
AGS Script,202002,,,,,1,
Cuda,202104,1.3333333333333333,,0.0,0.0,2,1.0
Stata,201802,,,,,1,
PureScript,201809,0.5,,,0.0,2,
EmberScript,201912,3.0,0.0,0.0,0.9182958340544894,1,1.0
AGS Script,202106,0.9230769230769231,0.0,0.0,0.9439592513355665,2,
Processing,202304,0.0,,,,2,
Common Lisp,202101,4.0,,0.0,0.8649735207179272,3,1.0
ActionScript,202007,4.5,,0.0,0.935944697445866,2,0.33333333333333337
Less,202309,0.0,1.0,,,3,0.0
AutoHotkey,202410,,,,,1,0.0
BitBake,201808,35.0,,0.0,0.8825055914169215,1,0.25
LilyPond,202404,0.0,,,,1,
KRL,202011,0.0,,,,1,
Fluent,202503,0.0,,,,1,
LLVM,201909,0.0,,,,1,
Inform 7,202009,0.0,,,,1,
Starlark,202311,0.6666666666666666,,0.0,0.0,1,
Erlang,202012,0.21428571428571427,1.0,0.0,0.0,5,
Modelica,202002,0.0,1.0,,,1,
Racket,201905,0.0,1.0,,,2,
POV-Ray SDL,202308,0.0,,,,1,1.0
Racket,202005,0.0,1.0,,,2,0.0
ZenScript,202210,7.5,,0.0,0.9283610377070493,1,0.6666666666666667
CAP CDS,202503,0.0,,,,1,
BASIC,202201,0.0,,,,1,
VHDL,202005,0.0,1.0,,,3,0.0
PureScript,201911,0.0,1.0,,,2,0.0
Puppet,201811,1.3333333333333333,0.0,0.0,0.7091479170272448,1,
SystemVerilog,202406,2.5,1.0,0.0,0.9609640474436812,4,0.0
1C Enterprise,201909,0.0,,,,1,
LLVM,202206,0.0,1.0,,,3,
1C Enterprise,202112,0.2,0.5,0.0,0.0,1,0.5
Markdown,201906,0.0,,,,2,
Haxe,202203,1.8333333333333333,0.5,0.0,0.933510035736515,1,0.5
Zig,202306,0.2222222222222222,1.0,0.0,0.8112781244591328,2,1.0
Markdown,202103,0.00539568345323741,,,0.0,2,
Go Template,202311,0.0,,,,3,
Sage,202405,0.0,,,,1,
Clojure,201904,4.319444444444445,0.375,0.0,0.6112169424782683,8,0.4
IDL,202405,0.05555555555555555,1.0,0.0,0.0,1,0.0
WGSL,202403,0.0,1.0,,,1,
ASP.NET,201911,0.0,1.0,,,1,
Fortran,202506,5.030303030303031,0.1111111111111111,0.1935483870967742,0.6977434633993045,4,
Mustache,202209,0.0,,,,3,
EmberScript,201901,1.4666666666666666,0.3333333333333333,0.0,0.8328496260257434,1,
YAML,202204,0.0,,,,1,
LLVM,202402,4.666666666666667,,0.0,0.8982265179691364,3,1.0
Mermaid,202412,0.0,1.0,,,2,
Inform 7,202108,0.0,,,,1,
ZAP,202308,3.1875,0.46153846153846156,0.0,0.884467279384223,1,0.75
Fennel,202304,0.43478260869565216,0.0,0.0,0.9232196723355078,2,
Less,201909,17.0,1.0,0.0,0.401967225902804,2,0.8333333333333334
SQF,202107,0.06666666666666667,1.0,0.0,1.0,1,
WebAssembly,202101,1.875,1.0,0.0,0.9018972358711529,2,
Gherkin,202506,0.6756756756756757,0.0,0.0,0.437154777320283,1,
Cairo,202506,0.016666666666666666,1.0,,0.0,1,
Nim,202406,1.9166666666666667,0.07142857142857142,0.15384615384615385,0.6120324666804038,3,0.0
JSON,202505,0.014925373134328356,0.5555555555555556,0.0,0.9276942711037669,3,
Smali,202208,0.10526315789473684,,0.0,0.7298466991620975,1,
DM,202011,0.0027777777777777775,0.8333333333333334,0.0,1.0,5,0.33333333333333337
Gherkin,202211,0.15862068965517243,0.0,0.0,0.3035728372980368,2,
Tcl,202202,0.0,,,,2,
Stylus,202209,0.0,,,,5,
ActionScript,202312,,,,,2,
Pawn,202502,,,,,2,
VBScript,202503,,,,,1,
Monkey C,202107,0.0,0.5,,,2,
Racket,202105,,,,,1,
1C Enterprise,202406,,,,,1,
WDL,202207,,,,,1,
ASL,202407,1.0,,,0.0,1,
Twig,202301,0.0,1.0,,,4,0.0
Crystal,202009,,,,,1,
Squirrel,202506,,,,,1,
Sass,202401,,,,,1,
Limbo,202206,,,,,1,
Vala,202309,,,,,1,
YARA,202404,,,,,1,
Elm,202105,0.0,,,,3,
Blade,202109,0.0,,,,2,
CUE,202406,,,,,1,
Modula-2,202107,,,,,1,
QML,202404,,,,,1,
Scheme,201902,,,,,2,
PostScript,201810,0.0,,,,3,
q,201806,,,,,1,
SAS,202202,,,,,1,
1C Enterprise,202204,2.0,,0.0,1.0,2,1.0
EmberScript,202307,12.0,0.0,0.0,0.8437590816619512,1,0.0
EJS,201911,0.0,,,,2,
Reason,202001,1.0,,0.0,0.0,1,
Fennel,202302,0.4857142857142857,0.0,0.0,0.6386009056011303,2,1.0
Less,201911,6.0,,0.0,0.9697238998682473,1,0.0
GAP,202003,0.0,,,,1,
EJS,201912,0.0,,,,3,
Beef,202411,0.0,,,,1,
Coq,202308,0.0,1.0,,,1,
Stylus,202205,0.0,,,,4,
Scheme,202009,0.0,,,,3,
AngelScript,202201,0.0,,,,2,
Roff,201903,0.21666666666666667,1.0,0.0,0.0,2,0.5
Processing,201905,0.5,,,0.0,3,
VHDL,202101,0.0,1.0,,,2,0.0
Squirrel,202112,0.0,,,,1,
QML,202408,0.5,1.0,0.0,1.0,2,
LilyPond,202405,0.0,,,,1,
Rich Text Format,202502,0.0,,,,1,
VBScript,202004,0.6,1.0,0.0,0.0,2,0.0
Common Lisp,202309,0.0,,,,4,
GLSL,201905,1.0,,0.0,0.946394630357186,2,1.0
LLVM,202103,1.0,,0.0,0.9709505944546688,1,
Nunjucks,202203,0.0,1.0,,,9,0.0
F#,202010,0.2516778523489933,1.0,0.0,0.0,4,1.0
Visual Basic .NET,201808,0.0,,,,1,
Astro,201809,0.42708333333333337,0.11538461538461539,0.0,0.7059302215876708,4,0.7692307692307692
Less,202112,0.0,1.0,,,2,
Visual Basic .NET,202404,0.0,,,,2,
Nushell,202503,0.0,,,,2,
Slim,202008,0.0,,,,1,
VHDL,202403,0.0,,,,3,
Bikeshed,202202,1.125,0.0,0.0,0.8096568334164151,1,1.0
Cuda,201912,0.5,,0.0,0.0,2,1.0
PLpgSQL,202409,0.037037037037037035,0.0,,0.0,4,1.0
LilyPond,202408,0.0,,,,2,
POV-Ray SDL,201906,0.08333333333333333,,0.0,0.0,1,0.0
Go Template,202212,0.0,,,,3,
Bicep,202311,0.0,1.0,,,1,
Stylus,201804,0.0,,,,1,
POV-Ray SDL,202402,0.625,,0.0,0.9709505944546688,1,1.0
D,202410,0.5555555555555556,1.0,0.0,1.0000000000000002,1,0.6666666666666666
Tree-sitter Query,202203,1.0,0.6666666666666666,0.0,0.9211854965885543,1,0.0
SQF,202009,0.2727272727272727,0.75,0.0,0.9182958340544894,1,
Rich Text Format,202205,0.0,,,,1,
Fennel,202201,0.7794117647058824,0.0,0.0,0.3484983278347451,2,1.0
Tree-sitter Query,202409,1.4782608695652173,0.4,0.0,0.7603769092171662,1,0.7142857142857143
Open Policy Agent,202107,0.038461538461538464,0.75,0.0,0.0,1,0.0
SWIG,201910,0.0,,,,1,
ZAP,202206,1.0178571428571428,0.75,0.0,0.7817396696595453,1,1.0
Lasso,201804,0.0,,,,1,
Fluent,202410,0.0,,,,1,
ZenScript,202403,0.5348837209302325,,0.0,0.7856597063362498,1,0.6666666666666666
Yacc,202202,0.0,1.0,,,1,0.0
Yacc,202012,0.0,1.0,,,1,0.0
PLSQL,202403,0.0,,,,1,
Visual Basic .NET,202208,0.0,,,,2,
DM,202302,0.0,,,,4,
JSON,202103,0.04804804804804805,0.5625,0.0,0.7609029801617618,1,
reStructuredText,202501,0.0,,,,1,
Rich Text Format,202106,0.0,,,,2,
Pug,202303,,,,,1,
KakouneScript,202501,,,,,1,
mcfunction,202210,0.0,,,,2,
ASL,202404,,,,,2,
CoffeeScript,202205,0.0,1.0,,,4,
Starlark,202308,,,,,1,
Stata,202010,,,,,1,
KakouneScript,202107,,,,,1,
KiCad Layout,201908,,,,,1,
Common Lisp,202302,0.0,0.0,,,4,0.0
Verilog,201810,,,,,3,
Cuda,202206,,,,,1,
NSIS,202103,,,,,1,
Rich Text Format,201907,,,,,1,
Modula-2,202209,,,,,1,
1C Enterprise,202008,0.0,,,,3,
F#,202412,0.5625,1.0,0.0,0.693111595962132,4,0.6666666666666666
ActionScript,202201,,,,,1,
YARA,202210,,,,,1,
OpenSCAD,201803,,,,,2,
CartoCSS,202505,1.0,,0.0,0.0,1,
Vala,201812,0.0,1.0,,,1,0.0
Verilog,201803,,,,,2,
FreeMarker,202307,,,,,1,
SAS,202010,,,,,1,
Sass,202309,0.0,1.0,,,2,
Cuda,202404,,,,,1,
Visual Basic .NET,201911,0.875,,0.0,0.4591479170272447,4,1.0
Stata,202204,3.0,0.5,0.0,0.9182958340544894,1,
Zig,202309,0.5384615384615384,0.5,0.0,0.797374810639693,5,0.0
SAS,202209,,,,,1,
KiCad Layout,202010,,,,,1,
Haxe,202407,1.4000000000000001,0.6666666666666666,0.0,0.6666666666666667,3,0.6666666666666666
GLSL,202006,1.0,,0.0,0.0,2,1.0
PLpgSQL,202408,0.0,,,,3,
Stylus,202411,0.0,,,,3,
AL,202403,,,,,1,
OpenSCAD,201901,0.0,,,,2,
Smalltalk,201901,1.0,,0.0,0.9182958340544894,4,1.0
EJS,202009,0.005747126436781609,1.0,0.0,0.0,6,0.0
Bikeshed,202306,1.0,,0.0,0.0,1,0.0
Logos,202202,3.0,,0.0,0.9999999999999998,1,0.0
Stylus,202503,0.0,,,,2,
CoffeeScript,202503,0.0,,,,3,
POV-Ray SDL,201901,0.0,,,,1,
AutoHotkey,202012,0.5,1.0,,1.0,1,
Crystal,202304,0.0,0.0,,,1,
Haxe,202303,0.3333333333333333,1.0,0.0,1.0,2,
D,202501,1.0,,0.0,1.0,1,
Tcl,202502,0.0,1.0,,,1,
Crystal,201801,0.0,,,,1,
Nushell,202306,0.0,,,,1,
Handlebars,201905,0.0,,,,1,
Scilab,202304,0.0,,,,1,
ASP.NET,202302,0.0,1.0,,,1,
q,202309,0.0,,,,1,
Monkey C,202308,0.0,1.0,,,1,
Nim,202506,3.0,1.0,0.0,0.8763576394898523,3,
Handlebars,202306,0.0,1.0,,,3,
Handlebars,201803,0.0,,,,1,
Odin,202404,0.0,1.0,,,1,
LLVM,202210,0.0,,,,2,
Monkey C,202403,0.25,1.0,,0.0,1,0.0
PureScript,201805,0.14285714285714285,0.75,0.0,0.0,2,0.25
Blade,202306,0.0,,,,4,
Squirrel,202207,0.0,,,,1,
Erlang,201910,0.1590909090909091,0.8333333333333334,0.0,0.6458459985690298,4,
Assembly,202106,0.0034602076124567475,1.0,0.0,0.9182958340544894,7,0.5
Mustache,202012,0.06666666666666667,0.6666666666666666,0.0,1.0,1,
F#,202208,1.1666666666666667,0.0,0.0,0.8631205685666311,2,1.0
Processing,201901,1.6666666666666667,1.0,0.0,0.46899559358928117,3,0.0
Logos,202111,0.0,,,,1,
CartoCSS,202012,0.0,,,,1,
OCaml,202501,0.33412766537230054,0.7047619047619047,0.0,0.4319697460956623,11,
Agda,202409,0.0,,,,1,
Jai,202303,0.0,,,,1,
GDScript,202003,0.0,1.0,,,3,
Smalltalk,201809,0.0,,,,1,
Fortran,201901,0.0,0.0,,,3,0.0
CartoCSS,202011,0.0,1.0,,,1,
mcfunction,202111,1.0,,1.0,0.9967916319816367,1,1.0
Gnuplot,201805,0.36363636363636365,,0.0,0.946394630357186,1,
Roff,202411,0.0,1.0,,,2,
EmberScript,202205,2.3333333333333335,0.4,0.0,0.6847954908530414,1,0.5
Nix,201912,2.0,0.0,0.0,0.946394630357186,3,
Mathematica,201907,0.0,,,,1,
Motoko,202310,0.0,,,,1,
SQLPL,202001,0.08333333333333333,1.0,,0.0,1,
ZAP,202010,0.0036231884057971015,0.9166666666666666,0.0,0.0,1,
ZAP,202104,0.04830917874396135,0.8461538461538461,0.0,0.8445412464587144,1,1.0
CMake,202007,0.1388888888888889,0.75,0.0,0.5816718657178868,4,
Bicep,202210,0.10714285714285714,0.0,0.0,0.0,1,1.0
VHDL,202209,0.0,1.0,,,1,
Beef,202410,0.0,,,,1,
Tree-sitter Query,202212,3.9565217391304346,0.2857142857142857,0.3157894736842105,0.622662382792348,1,0.7142857142857143
Nextflow,201906,0.0,,,,1,
Stylus,201905,0.0,,,,3,
Smarty,202005,0.0,,,,1,
Clojure,201801,0.6382539682539682,0.6666666666666667,0.0,0.6735145750535846,7,0.4444444444444444
Mustache,202407,0.03508771929824561,1.0,0.0,0.0,2,
Visual Basic 6.0,202210,0.0,,,,1,
WebAssembly,202005,2.829931972789116,0.5,0.2,0.8856194488884938,3,0.6
Nextflow,202005,0.0,,,,1,
Lasso,201803,0.0,,,,1,
Gherkin,201905,0.7825342465753424,0.14814814814814814,0.3448275862068966,0.4869491227012175,1,1.0
Open Policy Agent,202311,0.0,,,,1,
Blade,202004,0.0,,,,4,
Bicep,201909,,,,,1,
NSIS,202211,1.0,,0.0,0.0,1,
WebAssembly,202504,,,,,1,
Gnuplot,202408,,,,,1,
YARA,202305,,,,,1,
ASL,202112,1.0,,,0.0,2,0.0
SQF,202308,0.0,,,,2,
ActionScript,202202,,,,,1,
AL,202506,,,,,1,
Batchfile,202102,0.125,0.0,0.0,0.0,8,
Nix,202212,1.40625,0.42857142857142855,0.0,0.7485460034883024,5,0.0
GAP,202106,5.0,0.0,0.0,0.9709505944546688,1,1.0
QML,202402,,,,,1,
Visual Basic .NET,202412,2.0,,0.0,1.0,1,1.0
AL,202409,,,,,1,
Apex,202102,,,,,1,
1C Enterprise,202312,,,,,1,
ASL,202206,2.0,,0.0,1.0,3,0.0
PLpgSQL,202012,,,,,1,
Racket,201807,,,,,2,
Haxe,202308,0.1,0.5,0.0,0.0,2,0.0
Metal,202504,,,,,1,
AutoHotkey,202406,13.0,,0.0,0.9214632400757697,3,0.3333333333333333
Puppet,201903,7.0,0.5,0.0,0.8699155297736259,1,0.0
PostScript,202302,,,,,2,
Less,202107,0.0,,,,4,1.0
Markdown,201903,0.0,,,,1,
Nunjucks,202402,0.12121212121212122,1.0,,0.0,4,1.0
Smarty,202004,0.0,,,,3,
Smarty,201904,0.05555555555555555,1.0,,0.0,3,
Roff,202106,1.6666666666666667,,0.0,0.8812908992306927,2,1.0
Cuda,201810,0.0,,,,2,
Common Workflow Language,202104,0.025,1.0,,0.0,2,
PLpgSQL,202010,0.0,,,,2,
Elm,202211,0.0,,,,1,
Visual Basic .NET,202402,0.0,,,,1,
Blade,202304,0.0,,,,5,
ABAP,202303,0.0,,,,2,
EmberScript,202008,2.0,1.0,,0.0,1,
D,201803,3.0,,,0.0,1,
XSLT,201904,0.5144230769230769,0.2,0.0,0.5903627741815101,5,1.0
ASP.NET,201810,0.0,,,,1,
Handlebars,201806,0.0,,,,1,
Cirru,202306,0.0,,,,1,
SourcePawn,202402,1.0,1.0,0.0,0.9182958340544894,1,1.0
Twig,202101,0.2,0.6666666666666667,0.0,1.0,2,
Haxe,202205,1.625,,0.0,0.7851347742968418,2,1.0
Fennel,201805,0.7142857142857143,0.0,0.0,0.8649735207179272,1,
Component Pascal,202501,0.0,,,,1,
Twig,202106,0.0,,,,2,
Monkey C,202409,0.0,1.0,,,1,
LookML,201910,0.0,,,,2,
PLpgSQL,201902,0.0,1.0,,,3,
Bikeshed,202005,5.090909090909091,0.75,0.2222222222222222,0.7383170636833687,1,1.0
Nunjucks,202009,0.0,,,,3,
ABAP,202210,0.0,,,,1,
ZenScript,202108,0.6842105263157894,,0.0,0.9205195334538689,2,0.7142857142857143
LLVM,202303,1.3333333333333333,0.0,0.0,0.946394630357186,3,1.0
Squirrel,202005,0.0,,,,1,
Ballerina,201902,0.0,,,,1,
ShaderLab,202403,0.037037037037037035,1.0,0.0,0.0,5,0.25
Smarty,202402,0.0,1.0,,,5,0.0
Mathematica,202411,0.0,,,,1,
Scheme,202309,0.0,,,,1,
DIGITAL Command Language,202211,0.0,1.0,,,1,
Fennel,201802,0.7,0.4117647058823529,0.0,0.5990838753521269,1,0.5
Clojure,201808,0.09859154929577464,0.9444444444444444,0.0,0.8446958733715438,4,0.0
Mathematica,202401,0.0,,,,2,
Pug,202201,0.0,,,,1,
Reason,202206,0.0,,,,1,
Mustache,202405,0.0,,,,2,
Roff,202006,0.0,,,,4,
ShaderLab,202107,0.0,,,,3,
Groovy,202005,0.0,1.0,,,6,
Standard ML,202010,,,,,1,
Visual Basic,202402,,,,,2,
ActionScript,202402,,,,,2,
Vala,202307,,,,,1,
VBScript,202506,1.0,,0.0,0.0,1,
Ren'Py,202211,,,,,1,
WebAssembly,202312,,,,,1,
SystemVerilog,201906,,,,,1,
SQL,202504,,,,,1,
Smarty,202102,,,,,1,1.0
MoonScript,202310,,,,,1,0.0
VBScript,202105,,,,,1,0.0
Sass,202404,,,,,1,
EmberScript,202305,1.0,0.0,,0.0,1,
Twig,202212,4.0,1.0,0.0,1.0,2,0.3333333333333333
Typst,202002,0.0,1.0,,,1,0.0
AutoHotkey,202112,0.0,1.0,,,6,
PureScript,201811,1.6666666666666667,0.5,0.0,0.9731973151785929,3,0.0
Common Workflow Language,202109,0.0,,,,1,
Groovy,201910,0.125,1.0,,0.0,4,
Pawn,202205,0.0,1.0,,,1,
SQF,202208,0.0,1.0,,,1,
F#,202003,0.0,,,,4,
GLSL,201803,0.0,,,,1,
Elm,202312,0.0,,,,1,
GAP,202206,0.0,1.0,,,1,
Scilab,201907,0.0,,,,1,
Cuda,202209,0.0,,,,1,
NSIS,202002,0.0,,,,1,
Gnuplot,202011,1.1428571428571428,0.5,0.0,0.8112781244591328,1,
Solidity,201812,0.6777777777777778,0.3333333333333333,0.18181818181818182,0.7706720400444684,2,1.0
Markdown,201901,0.0,,,,1,
BASIC,202302,0.0,,,,1,
PostScript,201907,0.42857142857142855,1.0,0.6666666666666666,0.9999999999999998,3,0.5
Mustache,201903,0.0,,,,1,
Bikeshed,202111,4.142857142857143,1.0,0.0,0.8769088982286476,1,1.0
Typst,202409,1.8,0.0,0.0,0.8288713632524444,2,0.75
Handlebars,202504,0.0,,,,1,
Cuda,202108,0.0,,,,1,
Standard ML,201902,0.0,,,,1,
Nix,201809,0.0,,,,2,
LabVIEW,202302,0.0,,,,1,0.0
Bikeshed,202109,1.7586206896551724,0.0,0.3076923076923077,0.6888140184885228,1,1.0
Astro,201801,2.375,0.16666666666666666,0.0,0.7143973670023926,1,0.8333333333333334
Roff,202505,0.015151515151515152,1.0,,0.0,2,
EJS,201809,0.0,,,,3,
ZenScript,202208,1.3333333333333333,,0.0,0.9801500856796055,1,0.25
AMPL,201802,0.0,,,,1,0.0
Clean,201806,0.0,,,,1,
Mustache,202106,0.27702702702702703,0.7444444444444445,0.5,0.7877413154838766,2,1.0
Nextflow,202401,0.14714795008912657,0.43333333333333335,0.0,0.4676503010138201,4,0.4
YAML,202308,0.0,,,,2,
EmberScript,201811,2.0555555555555554,0.4,0.0,0.6777785432410917,1,1.0
Sass,202211,0.0,,,,1,
Smali,202304,0.25,,0.0,0.946394630357186,1,1.0
Roff,202101,0.0,1.0,,,3,0.0
EmberScript,201904,1.5294117647058822,0.5,0.25,0.8143347955059306,1,1.0
SQF,202101,0.3111111111111111,0.5714285714285714,0.6666666666666666,0.817581733764401,1,
Haxe,202101,0.0,,,,3,
Nix,201907,1.9523809523809523,0.25,0.6666666666666666,0.8496007029425223,2,1.0
Jsonnet,202411,0.0,1.0,,,1,
Hack,202105,0.0,,,,1,
Scilab,202404,0.0,,,,1,
AngelScript,202405,,,,,1,
Common Lisp,201908,0.0,,,,4,
Jsonnet,202104,,,,,1,
UnrealScript,202204,,,,,1,
PLpgSQL,202306,0.0,1.0,,,5,0.0
AutoIt,201911,,,,,1,
Racket,202107,,,,,1,
GAP,202107,2.0,,,0.0,1,
ASL,202107,0.41666666666666663,,0.0,0.0,5,0.0
Common Workflow Language,202211,,,,,1,
SAS,202002,,,,,1,
Modula-2,202010,,,,,1,
Smalltalk,202007,0.0,,,,3,
Scheme,202412,,,,,3,
LabVIEW,202502,,,,,1,
Prolog,202111,,,,,1,
Objective-C++,201908,,,,,1,
IDL,202502,0.0,1.0,,,1,
Cuda,202312,,,,,3,
OpenSCAD,202504,,,,,1,
Tcl,201906,0.0,,,,2,
Erlang,202308,0.16666666666666666,1.0,0.0,0.0,4,
SQL,202302,,,,,1,
GAP,202102,2.0,,,0.0,2,
Crystal,202202,1.0,,,0.0,1,
SystemVerilog,202008,,,,,1,
Mustache,202102,0.08333333333333333,0.6666666666666666,0.0,0.0,2,0.0
Racket,202012,10.0,0.0,0.0,0.9709505944546688,3,1.0
VBScript,201909,2.0,0.0,0.0,1.0,2,0.0
q,202212,,,,,1,
Bicep,202003,,,,,1,
VBScript,202007,,,,,1,
Common Lisp,202104,0.0,1.0,,,4,0.0
Smarty,202106,0.0,,,,3,
Nim,202109,0.0,,,,4,
Bikeshed,201905,1.0,,0.0,0.0,1,1.0
SystemVerilog,202204,,,,,2,
SystemVerilog,202112,0.5555555555555556,,0.0,0.9709505944546688,2,1.0
SystemVerilog,202208,,,,,2,
Smali,202506,1.0,,0.0,0.0,1,
OpenSCAD,202310,,,,,1,
EmberScript,202407,1.0,0.0,0.0,0.0,1,0.0
EmberScript,202105,5.0,0.0,0.0,0.8649735207179272,1,
Zig,202312,0.5,,0.0,0.0,3,1.0
Fortran,201805,0.0,1.0,,,3,
Crystal,202210,0.0,,,,1,
DIGITAL Command Language,202309,0.0,,,,1,
Haxe,201805,0.09090909090909091,1.0,0.0,1.0,2,0.3333333333333333
Gherkin,201910,1.0112359550561798,0.7068965517241379,0.0,0.5925770271965114,2,1.0
SQF,202102,0.5,1.0,,0.0,1,
Jsonnet,202311,0.0,1.0,,,1,
CartoCSS,202211,0.0,,,,1,0.0
Clojure,202410,0.5,0.75,0.0,0.9709505944546688,5,0.5
BitBake,201802,15.666666666666666,0.0,0.0,0.8802116021558458,1,1.0
Apex,202311,0.0,,,,3,
CAP CDS,202411,0.0,,,,1,
CartoCSS,201811,0.0,,,,1,
eC,202010,0.0,,,,1,
Smarty,202206,0.0,,,,5,
Tcl,202306,0.0,,,,1,
ASP.NET,202101,0.0,,,,1,
Mustache,202002,2.6363636363636362,0.0,0.0,0.8493823835233124,1,1.0
Bikeshed,202112,7.0,1.0,0.0,0.800647322345996,1,1.0
Cairo,202409,0.0,,,,1,
Elm,201809,0.0,1.0,,,2,
Nunjucks,201811,0.0,,,,1,
GLSL,202106,0.0,0.6666666666666666,,,3,
Mustache,202304,0.058823529411764705,0.0,0.0,1.0,2,
AGS Script,202006,7.333333333333333,0.3333333333333333,0.8,0.5834321343558702,1,
Roff,201803,0.3333333333333333,0.5,0.0,0.0,3,0.0
Haskell,202304,0.33333333333333337,1.0,0.0,1.0,8,0.0
Clean,201804,0.0,,,,1,
Elm,201805,0.0,,,,2,
ColdFusion,202210,0.0,,,,1,
AMPL,201807,0.0,,,,1,
mdsvex,202303,0.5555555555555556,0.5,0.0,0.9709505944546688,1,
Bicep,202502,0.0,1.0,,,4,
TSQL,202410,0.0,,,,1,
Zig,202106,0.15384615384615385,0.0,0.0,0.0,1,1.0
Batchfile,201807,0.0,,,,1,
Bikeshed,202101,1.53125,0.6666666666666666,0.0,0.5514421369724436,1,
Bikeshed,202011,1.7916666666666667,0.6,0.13333333333333333,0.8342711606607729,1,1.0
SQLPL,201810,0.0,1.0,,,1,
Raku,201904,0.0,,,,1,
VBA,202210,0.0,1.0,,,1,
Blade,202312,0.0,1.0,,,6,
Fennel,202303,0.7692307692307693,0.0,0.0,0.7304820237218407,2,0.6666666666666666
CUE,202006,0.2,,,0.0,1,
Ballerina,201905,0.0,,,,1,
Crystal,201905,0.0,,,,2,
Inform 7,202306,0.0,,,,1,
Smali,202206,0.06857142857142857,,0.0,0.8080141510844469,1,1.0
LiveScript,202009,0.0,,,,1,
LilyPond,202108,0.0,,,,1,
Cypher,202204,0.0,,,,1,
Haml,202105,0.0,,,,1,
VBA,202301,0.0,,,,2,
Odin,202402,0.0,1.0,,,1,
F#,202404,0.16282894736842105,0.0,0.0,0.44064544961534635,5,1.0
KiCad Layout,202111,,,,,1,
BitBake,202012,,,,,1,
AGS Script,202103,2.1702127659574466,0.16666666666666666,0.2857142857142857,0.7303284956516324,2,1.0
MoonScript,202411,1.0,,0.0,0.0,1,
Visual Basic,202502,,,,,2,
GAP,202108,,,,,1,
OpenSCAD,202206,,,,,1,
ShaderLab,202210,0.05714285714285714,1.0,,0.0,4,
Typst,202108,,,,,1,
LabVIEW,202412,,,,,2,
VBScript,202203,,,,,1,
ABAP,202501,0.0,0.0,,,1,
AngelScript,202505,,,,,2,
OpenSCAD,201904,0.0,,,,3,
PLpgSQL,202411,0.10256410256410256,1.0,0.0,0.946394630357186,4,1.0
SQF,202301,,,,,1,
VBScript,202008,0.0,,,,2,
Visual Basic .NET,202112,2.0,,0.0,0.0,1,
OpenSCAD,201806,,,,,2,
PostScript,202307,0.25,1.0,0.0,0.0,3,0.0
Liquid,202307,0.0,1.0,,,3,1.0
SystemVerilog,202108,,,,,1,
PostScript,201903,0.0,1.0,,,2,0.0
PostScript,201905,5.0,,0.0,0.0,2,1.0
Less,202207,0.0,,,,2,
Less,202203,0.0,,,,2,
Visual Basic .NET,202011,1.3333333333333333,,0.0,0.8112781244591328,3,1.0
WDL,202403,0.0,,,,1,
GAP,202105,0.0,,,,2,
BitBake,202404,0.0,,,,3,
Sass,201808,0.0,,,,1,
Smalltalk,201911,0.0,1.0,,,2,
PureScript,202012,0.08333333333333333,0.0,0.0,0.0,2,
q,202401,0.0,,,,1,
Vala,201903,4.0,,0.0,0.954434002924965,2,1.0
Common Lisp,201909,2.0,,0.0,0.946394630357186,3,0.0
D,202503,0.0,1.0,,,2,
GAP,201807,0.18181818181818182,0.0,0.0,1.0,2,1.0
DIGITAL Command Language,202302,0.0,,,,1,
YAML,202412,0.0,,,,2,
Answer Set Programming,202411,0.0,,,,1,
ASP.NET,202502,0.0,,,,2,
D,202506,3.75,,0.0,0.44155167050817345,1,
Roff,202502,0.0,1.0,,,1,
PLSQL,202104,0.0,,,,1,
Typst,202004,0.07692307692307693,0.0,0.0,0.0,1,1.0
POV-Ray SDL,202306,2.0,,0.0,0.7872087135702291,1,0.0
GSC,202506,0.0,,,,2,
MDX,201909,1.08,0.8275862068965517,0.01507537688442211,0.46925991384216625,4,0.5312500000000001
MDX,202208,2.49025974025974,0.5436813186813187,0.08333333333333333,0.7822282071276747,7,0.18181818181818185
WebAssembly,202006,1.630952380952381,1.0,0.0,0.8521837528271478,3,1.0
Mustache,202501,0.02564102564102564,0.0,0.0,0.0,3,
D,201807,0.0,,,,1,
ZAP,202406,5.0,0.42857142857142855,0.25,0.653650511309698,1,
Slim,202012,0.0,,,,1,
Blade,202011,0.0,,,,4,0.0
Inform 7,202212,0.0,,,,1,
BASIC,202203,0.0,,,,1,
Hack,202301,0.0,1.0,,,3,0.0
ABAP,202004,0.0,,,,1,
ABAP,202402,0.0,1.0,,,1,
Ballerina,201907,0.0,,,,1,
Gherkin,202005,3.0327868852459017,0.2608695652173913,0.13333333333333333,0.8069003481920274,1,1.0
ZenScript,202011,0.1566265060240964,1.0,0.0,0.7639369289063308,1,0.6
JSON,202006,0.029814665592264304,0.7888888888888889,0.0,0.5451366568367617,1,
Odin,202412,0.0,,,,1,
FreeMarker,202302,0.0,,,,2,
ReScript,202204,0.0,,,,1,
Apex,202505,0.5,,,0.0,2,
Rebol,202309,,,,,1,0.0
ShaderLab,202301,0.0,,,,2,
Visual Basic,202206,,,,,2,
AGS Script,201911,,,,,1,
Erlang,202211,0.0,1.0,,,2,
VBA,202410,,,,,1,
TSQL,202306,0.0,,,,2,
Cuda,202308,,,,,2,0.0
Visual Basic .NET,202109,0.0,,,,2,
ActionScript,202306,,,,,1,
Stata,202003,,,,,2,
ASL,202406,,,,,1,
GAP,201810,1.0,,,0.0,1,
Vala,202301,,,,,1,
Erlang,202310,,,,,3,
q,202104,,,,,1,
Scheme,201912,,,,,2,
Stata,202112,,,,,1,
Visual Basic,202105,0.0,,,,2,
Smalltalk,202105,,,,,1,
Nasal,202212,1.0,,0.0,0.0,1,
Puppet,201812,1.0,,,0.0,2,
q,202205,,,,,1,
CUE,202411,,,,,1,
q,201905,,,,,1,
EmberScript,202309,2.0,,0.0,1.0,1,
ActionScript,202210,,,,,1,
Processing,202401,,,,,3,
Stata,202211,,,,,1,
Reason,202010,1.0,,0.0,1.0,2,
Squirrel,202306,2.0,,0.0,1.0,1,1.0
BitBake,201804,14.0,,0.0,0.9081585800092569,1,1.0
Bikeshed,202307,21.0,0.0,0.0,0.8375872806942228,2,0.5
Open Policy Agent,202409,0.0,,,,1,
Open Policy Agent,202412,0.0,,,,1,
Elm,202106,0.0,,,,1,
WDL,201804,0.0,0.0,,,1,1.0
1C Enterprise,202207,0.0,,,,1,
VHDL,201807,0.0,,,,1,
VBScript,201801,0.0,,,,1,0.5
Puppet,202006,2.0,1.0,,0.8112781244591328,1,0.0
Nunjucks,202401,0.16666666666666666,1.0,,0.0,2,
AMPL,202003,0.0,,,,1,
Odin,202407,0.0,1.0,,,1,
EmberScript,201809,4.666666666666667,,0.0,0.72483409150576,1,
Verilog,202012,2.0,,0.0,0.75,6,
Tree-sitter Query,202101,0.75,0.0,0.0,0.0,1,1.0
Reason,201812,6.5,,0.0,0.9610115714257864,2,
AngelScript,202001,0.0,,,,1,
Forth,202001,0.0,,,,2,0.0
LookML,201911,0.0,,,,1,
UnrealScript,202504,0.0,,,,1,
Batchfile,201911,0.33974358974358976,0.0,0.0,0.9293363555366274,3,1.0
Stata,201906,0.0,,,,2,
GAP,202501,0.2,1.0,,0.0,1,
AGS Script,202406,1.2857142857142858,0.3333333333333333,0.0,0.8527924884900404,1,
WebAssembly,201904,0.0,,,,1,
Solidity,201906,0.5,0.7272727272727273,0.2857142857142857,0.40386169593428395,2,
POV-Ray SDL,202107,0.8333333333333334,,0.0,0.8649735207179272,1,1.0
Smalltalk,201805,0.0,,,,1,
D,201802,0.0684931506849315,0.75,0.0,0.7219280948873623,2,0.33333333333333337
Tree-sitter Query,202308,2.2,0.75,0.0,0.9681300137657639,1,1.0
Fortran,202003,0.42391304347826086,0.8125,0.0,0.9641068235377326,4,0.0
AutoHotkey,202103,1.7,,0.0,0.8043500827599456,2,1.0
Mustache,202308,0.0,1.0,,,4,0.0
Cairo,202503,0.0,,,,1,
Ballerina,201903,0.0,,,,1,
Fennel,202202,1.172275641025641,0.375,0.0,0.7218842902750533,2,0.8571428571428572
Forth,202309,0.0,,,0.0,1,
Twig,202104,0.0,,,,2,
Go Template,202201,0.0,,,,1,
SWIG,202005,0.0,,,,1,
Forth,202109,0.0,,,0.0,1,
Beef,202503,0.0,1.0,,,1,
Rich Text Format,202301,0.0,,,,2,
Raku,201812,0.0,,,,1,
Ballerina,202002,0.0,,,,1,
Tree-sitter Query,202210,1.1666666666666667,0.5555555555555556,0.0,0.8939322050985399,1,0.6666666666666667
Ada,202111,0.0,1.0,,,1,
PLpgSQL,201812,0.0,1.0,,,3,
PLSQL,202404,0.0,,,,1,
QuickBASIC,202406,0.3188405797101449,,,0.0,1,0.0
WebAssembly,201912,0.0,,,,1,
ZenScript,202002,0.1625,0.5,0.0,0.5927258453530966,1,0.9142857142857143
Open Policy Agent,202304,0.0,,,,1,
Mustache,202504,0.0,,,,1,
Scilab,202403,0.0,,,,1,
Tcl,202201,0.0,,,,2,
Tcl,202211,0.0,1.0,,,2,
Rich Text Format,202203,0.0,,,,2,
Elm,202209,,,,,1,
Visual Basic,202109,,,,,1,
Elm,202403,,,,,1,
Puppet,202012,2.0,,0.0,0.0,1,
WebAssembly,202205,1.0,,,0.0,1,
Pawn,202207,,,,,1,
Gnuplot,202111,,,,,1,
VBScript,202309,,,,,1,
Modula-2,202103,,,,,1,
Visual Basic .NET,202106,,,,,1,0.0
Gleam,202505,0.0,,,,3,
WDL,202003,,,,,1,
Prolog,202204,,,,,1,
NSIS,202303,,,,,1,0.0
Perl 6,202109,,,,,1,
Roff,202308,,,,,2,
GDScript,202411,0.06666666666666667,,,0.0,3,
ASP,202304,,,,,1,
PLpgSQL,202002,0.0,,,,2,
q,202403,,,,,1,
Visual Basic .NET,202409,,,,,1,
Pawn,202401,,,,,3,
Jsonnet,202303,,,,,1,
Erlang,202504,2.0,0.0,0.0,1.0,1,
PostScript,201812,,,,,2,
Gnuplot,202003,3.0,,0.0,0.9999999999999998,1,
ShaderLab,201811,0.0,,,,2,
Bicep,202409,0.0,1.0,,,3,
BitBake,202002,,,,,1,
Logos,202210,0.23076923076923078,,0.0,0.9999999999999998,2,1.0
OpenSCAD,201811,,,,,2,
Modula-2,202208,,,,,1,
Less,202012,0.0,,,,4,0.0
Just,201906,0.0,,,,1,
UnrealScript,202503,0.5,,0.0,0.0,1,
UnrealScript,202310,0.0,,,,2,
GLSL,201808,0.0,,,,2,
TSQL,202408,0.0,,,,1,
TSQL,202005,0.0,,,,3,
Scilab,201809,0.0,,,,1,
Squirrel,202401,0.0,,,,1,
SystemVerilog,201809,0.0,,,,1,
UnrealScript,202103,0.0,,,,1,
GSC,202412,0.0,,,,1,
NSIS,202009,0.3333333333333333,,0.0,0.0,1,
LilyPond,202407,0.0,1.0,,,2,
Mermaid,202502,0.07228915662650602,0.5,0.0,0.9353340267248305,2,
Less,202010,0.3333333333333333,1.0,0.0,0.0,3,
Visual Basic,201803,0.0,,,,1,
Visual Basic .NET,201807,0.0,,,,1,
CartoCSS,202109,0.0,,,,1,
Crystal,202106,0.0,0.5,,,2,1.0
DTrace,202003,0.0,,,,1,
TSQL,202503,0.0,,,,2,
Fennel,201911,1.1428571428571428,0.0,0.0,0.6695919455357792,1,1.0
WDL,201806,0.0,,,,1,
Clean,201802,0.09090909090909091,,,0.0,1,
CartoCSS,201801,0.0,,,,1,
Ada,202003,0.0,,,,1,
Nunjucks,202102,0.0,1.0,,,3,0.0
Assembly,201803,0.0,,,,1,
Groovy,201809,0.013157894736842105,1.0,,1.0,5,0.0
Scheme,202310,0.0,,,,2,
Ballerina,202004,0.0,,,,1,
Crystal,202407,0.0,,,,1,
GDScript,201901,0.061224489795918366,1.0,0.0,0.0,1,0.0
VBA,202505,0.02127659574468085,,0.0,0.0,1,
GDScript,201811,0.12244897959183673,0.3333333333333333,0.0,0.9182958340544894,1,
AMPL,201902,0.375,1.0,0.0,0.7555242623065813,1,0.5
DM,202204,0.024038461538461536,0.8181818181818182,0.0,0.9609640474436812,5,
ANTLR,202307,0.0,,,,1,
Gherkin,201802,0.4793388429752066,0.65,0.6,0.6993435232507091,1,0.6666666666666666
BASIC,202003,0.0,1.0,,,1,
SQF,201911,0.6301369863013698,0.75,0.0,0.6582371962818963,1,0.0
Smalltalk,202311,0.0,1.0,,,1,0.0
Liquid,202011,1.255813953488372,0.4782608695652174,0.3333333333333333,0.793384343167063,1,1.0
JSON,202410,0.001937984496124031,0.9666666666666667,0.0,0.0,4,
JSON,201908,0.007042253521126761,0.5,0.0,1.0,1,1.0
Slim,202104,0.0,,,,1,
CoffeeScript,202106,1.0,,0.0,0.0,2,
Handlebars,202107,0.0,1.0,,,4,0.0
QML,201904,,,,,1,
D,202408,3.6666666666666665,0.5714285714285714,0.0,0.6388067184095578,2,0.0
OpenSCAD,202406,,,,,2,
OpenSCAD,202006,0.0,,,,2,
Modelica,202208,,,,,1,
Cypher,202410,,,,,1,
Prolog,202203,,,,,1,
KRL,202306,,,,,1,
Visual Basic,201907,,,,,1,
Cuda,202306,,,,,1,
PLpgSQL,202109,,,,,1,
SWIG,202410,,,,,1,
Visual Basic,201903,,,,,1,
KiCad Layout,202104,,,,,1,
Common Lisp,202009,0.0,,,,4,0.0
Verilog,201904,0.2,0.0,0.0,0.0,4,
Crystal,202011,0.0,1.0,,,1,
Solidity,201902,1.946808510638298,0.5344827586206896,0.4,0.3924722491385404,3,
Modula-2,201910,,,,,1,
Cuda,202303,0.0,,,,2,
CMake,201809,,,,,2,
Rich Text Format,201911,,,,,1,
EJS,201805,,,,,1,
Less,202409,1.0,1.0,0.0,1.0,2,
Bicep,202211,0.027777777777777776,0.5,0.0,0.0,2,
Zig,202207,0.0,,,,3,
LiveScript,201803,0.0,,,,1,
Cirru,202310,0.0,,,,1,
SWIG,202108,0.0,,,,1,
AngelScript,202005,0.0,,,,1,
Fortran,201808,0.0,1.0,,,2,
Batchfile,202202,0.3282312925170068,0.33333333333333337,0.0,0.2295739585136224,8,0.0
UnrealScript,202210,0.0,,,,2,
Lean,202404,,,,,1,
Twig,202111,0.3333333333333333,0.0,0.0,0.0,2,1.0
Tree-sitter Query,202009,0.0,1.0,,,1,0.0
Liquid,202210,10.0,0.6666666666666666,0.0,0.9609640474436812,1,0.33333333333333337
Common Workflow Language,202006,0.0,,,,1,
RMarkdown,202205,0.0,,,,1,
D,202411,1.0,1.0,0.0,0.9999999999999998,1,0.0
CartoCSS,202411,0.0,,,,1,
Scilab,202105,0.0,,,,1,
Elm,202103,0.0,,,,2,
AMPL,201911,0.0,,,,2,
Squirrel,202210,1.0,,0.0,0.7219280948873623,1,1.0
Odin,202409,0.75,0.4,0.0,0.9182958340544894,1,1.0
Squirrel,201911,0.0,,,,1,
AGS Script,202212,0.35714285714285715,0.0,0.0,0.8649735207179272,1,
AL,202109,0.0,,,,1,
CartoCSS,201903,0.0,,,,1,
Stata,202106,0.0,,,,1,
Go Template,202206,0.0,1.0,,,3,0.0
SWIG,202102,0.0,,,,1,
Mustache,202409,0.0,1.0,,,2,
DM,201902,0.0,,,,2,
Ballerina,202005,0.0,,,,1,
mcfunction,202412,1.0,0.5,0.0,0.5970948432879916,1,1.0
Common Workflow Language,201905,0.0,,,,1,
AngelScript,202411,0.0,,,,1,0.0
Handlebars,202004,0.0,,,,2,
Nextflow,202010,0.0,,,,1,
SWIG,201905,0.0,,,,1,
JSON,202404,0.011520176082171681,0.5,0.0,0.0,4,1.0
WebAssembly,201809,0.0,,,,1,
Gherkin,201908,1.6385542168674698,0.5,0.0,0.42700752925574226,1,
Nextflow,201909,0.0,1.0,,,1,
Nim,202306,1.7711864406779663,0.10638297872340426,0.18181818181818182,0.7670411288755382,2,0.0
JSON,201804,0.007215007215007215,0.8333333333333334,0.0,0.9211854965885543,1,0.33333333333333337
Open Policy Agent,202212,0.0,,,,1,
Roff,202301,0.0,,,,3,
PureScript,202003,0.0,,,,2,0.0
Stylus,202312,0.0,1.0,,,2,
SAS,202309,,,,,1,
PureScript,202306,0.5,0.5,,0.0,2,
SAS,202207,,,,,1,
KiCad Layout,202301,,,,,1,
ActionScript,202301,,,,,1,
1C Enterprise,202012,,,,,2,
Nunjucks,202311,0.16666666666666666,1.0,,0.0,3,
OpenSCAD,202304,0.0,,,,2,
Perl 6,202409,,,,,1,
ActionScript,202311,2.0,,0.0,0.0,1,
Smarty,202009,0.0,,,,3,
D,202001,,,,,1,
SystemVerilog,201904,,,,,1,
VBScript,202107,,,,,1,
OpenSCAD,201910,,,,,1,
ActionScript,202203,,,,,1,
Puppet,202106,,,,,1,
Typst,202204,,,,,1,
Solidity,202008,1.0,,0.0,0.0,2,
Apex,201902,,,,,1,
Scheme,201807,0.0,,,,2,
SystemVerilog,202404,0.05952380952380953,0.3333333333333333,0.0,0.8212530783391992,4,0.5
POV-Ray SDL,202503,,,,,1,
Racket,202407,,,,,1,
AutoHotkey,202312,0.0,,,,3,0.0
Puppet,202002,3.0,,0.0,0.9697238998682473,2,1.0
ActionScript,202103,2.5,,0.0,0.473197315178593,2,0.0
Bikeshed,202006,8.0,,0.0,0.9283832117695865,1,0.6666666666666666
Riot,202212,0.0,,,,1,
Monkey C,202312,0.0,,,,1,
Rich Text Format,202403,0.0,,,,1,
AngelScript,202006,0.0,,,,1,
Roff,201811,0.25,0.0,0.0,1.0,2,1.0
WDL,202201,0.0,,,,1,
Edge,202212,2.5,,0.0,0.9602297178607612,1,1.0
DM,201907,0.0,,,,4,
Haxe,202409,0.45833333333333337,1.0,0.0,0.4591479170272447,2,
ColdFusion,202312,0.0,,,,1,
RobotFramework,202506,0.0,,,,1,
Typst,202104,0.2,,0.0,0.0,1,
Tcl,201807,0.0,,,,1,
CartoCSS,201804,0.0,,,,1,
VBA,201912,0.0,,,,1,
Cypher,202303,0.0,,,,1,
Reason,201806,0.375,,0.0,0.9182958340544894,2,
YARA,202204,0.2,1.0,,0.0,1,
Mustache,201811,0.0,,,,1,
Sass,202008,0.0,1.0,,,1,
QML,202209,0.0,1.0,,,2,
LabVIEW,201802,0.1,0.5,0.0,0.0,1,1.0
EmberScript,202504,0.5,,0.0,1.0,1,
Tree-sitter Query,202205,2.0,1.0,0.0,0.9464119282150146,1,0.4
Solidity,201911,0.5555555555555556,0.875,0.0,1.0000000000000002,2,
ZAP,202007,0.02030456852791878,0.5,0.0,0.0,1,
Visual Basic 6.0,202202,0.125,,,0.0,1,0.0
Bicep,202212,0.024390243902439025,,0.0,0.0,1,
YARA,202310,0.0,,,,1,
Fennel,202106,2.562037037037037,0.0,0.0,0.7464876769197443,2,0.8571428571428571
CUE,202302,0.16666666666666666,,0.0,0.0,1,
Nim,202504,2.7058823529411766,0.3076923076923077,0.6666666666666666,0.9106022670910879,2,
Squirrel,202008,0.0,,,,1,
CUE,202211,0.1702127659574468,,0.0,0.0,1,
Liquid,202007,2.4444444444444446,0.5,0.15384615384615385,0.9481683489803665,1,1.0
Fennel,201804,1.0327868852459017,0.6,0.47058823529411764,0.8265623788324485,1,0.33333333333333337
WebAssembly,202007,0.0,,,0.0,2,
WebAssembly,202104,2.25,1.0,0.0,0.8481698567089745,2,0.0
WebAssembly,201806,0.0,,,,1,
JSON,202001,0.078125,0.7631578947368421,0.0,0.423792339912287,1,1.0
Jsonnet,202502,0.012853470437017995,1.0,,0.0,1,
Puppet,202207,0.0,,,,1,
Haml,202003,0.0,,,,1,
Stylus,202109,0.0,,,,3,
G-code,202012,0.0,,,,1,
LiveScript,202209,0.0,,,,1,
Slim,202210,0.0,,,,1,
Visual Basic,202504,,,,,1,
GDB,201908,,,,,1,
EmberScript,202412,,,,,1,
Visual Basic,202002,0.0,,,,2,
Erlang,201809,0.0,,,,4,0.0
Tcl,201802,0.0,,,,2,
Sass,202306,,,,,1,
Objective-C++,202108,,,,,1,
Ren'Py,202309,,,,,1,0.0
SystemVerilog,202306,,,,,2,
ASP,202504,,,,,1,
LabVIEW,202402,,,,,1,
Bicep,201910,,,,,1,
Blade,201906,0.0,,,,3,
Roff,202401,0.0,1.0,,,3,
Squirrel,202505,,,,,1,
KiCad Layout,202102,,,,,1,
Solidity,201909,0.9545454545454546,0.8235294117647058,0.4,0.6373788734496529,4,0.0
TSQL,202504,1.0,,0.0,0.0,2,
Squirrel,202303,,,,,1,
Stylus,202408,,,,,1,
Rich Text Format,202003,,,,,1,
PostScript,202309,0.6666666666666666,1.0,0.0,1.0,2,0.0
XSLT,202208,0.020833333333333332,0.0,,0.0,6,
YAML,202208,0.0,,,,2,
Just,201909,0.0,1.0,,,2,
ASP.NET,202412,0.0,,,,1,
Nasal,202411,0.0,,,,1,
PLSQL,202504,0.0,,,,1,
Haxe,202412,0.5,1.0,,0.0,2,0.0
LLVM,202005,1.875,0.5,0.0,0.7814033158465872,2,0.5
Luau,202506,0.06666666666666667,1.0,0.0,0.0,3,
M4,202403,0.0,,,,1,
PLSQL,202211,0.0,,,,1,
AMPL,201810,0.0,,,,1,
PostScript,202202,0.3333333333333333,,0.0,1.0,4,
Mermaid,202405,0.0,1.0,,,1,0.0
AMPL,201801,0.0,1.0,,,1,0.0
Nextflow,202203,0.0,,,,2,
LilyPond,202412,0.0,,,,2,
SQLPL,201910,0.25,1.0,,0.0,1,
Fortran,202402,6.5,0.6666666666666666,0.0,0.7657701567955078,3,
Open Policy Agent,202503,0.0,,,,2,
ASP.NET,201811,0.0,,,,1,
Smalltalk,202010,0.0,1.0,,,3,
SQLPL,201904,0.0,1.0,,,1,
Go Template,202112,0.0,,,,1,
Game Maker Language,202403,0.0,1.0,,,2,
Mustache,202009,0.1566265060240964,0.5833333333333334,0.0,0.9770455804590026,1,
WGSL,202311,0.02127659574468085,1.0,,0.0,1,
Nextflow,201810,0.0,,,,1,
PLSQL,201912,0.0,1.0,,0.0,2,
ShaderLab,202008,0.15384615384615385,1.0,,0.0,3,0.0
Scheme,202203,0.0,,,,3,
Motoko,202412,0.0,1.0,,,1,0.0
KRL,202001,0.0,,,0.0,1,
Open Policy Agent,202209,0.0,1.0,,,1,
LiveScript,202207,0.0,,,,1,
Tcl,202105,0.0,,,,2,
Odin,202406,0.0,,,,1,
LiveScript,202004,0.0,,,,1,
Logos,202212,0.0625,,0.0,0.0,3,
Visual Basic,202410,,,,,1,
Limbo,201910,,,,,1,
D,201906,,,,,1,
GDB,201905,,,,,1,
Reason,202205,,,,,1,
Cypher,202205,,,,,1,
Smarty,202205,0.0,,,,3,
Crystal,202109,1.25,0.5,0.0,0.8649735207179272,2,0.0
WebAssembly,202308,1.0,,0.0,0.0,1,
ActionScript,202206,,,,,2,
Objective-C++,202007,,,,,1,
Cypher,202209,,,,,1,
Elm,202306,,,,,1,
Limbo,202309,,,,,1,
Monkey C,202310,0.0,1.0,,,1,
Blade,201904,0.0,,,,2,
q,201812,,,,,1,
Scheme,202405,0.0,,,,2,
Standard ML,202307,,,,,1,
Limbo,202001,,,,,1,
q,202409,,,,,1,
Squirrel,202212,8.0,,0.0,0.8868595071429147,1,1.0
Bikeshed,202410,,,,,2,0.0
Bikeshed,201812,,,,,1,
Processing,202206,,,,,2,
PureScript,202504,28.0,0.0,0.0,0.5084395376194123,1,
LLVM,202105,2.0,,0.0,1.0,1,
Stata,202104,,,,,1,
Twig,202002,0.0,1.0,,,2,0.0
EJS,201803,,,,,1,
Logos,202203,,,,,1,0.0
Smali,202209,1.0,,0.0,0.0,1,1.0
Forth,202502,0.0,,,,1,
Nushell,202506,0.0,,,,2,
PLSQL,202210,0.5,,,0.0,1,
Smarty,202311,0.0,1.0,,,3,
ASP.NET,202001,0.0,1.0,,,1,
Luau,202411,0.0,,,,3,
SystemVerilog,201806,0.0,,,,1,
Roff,201905,0.0,,,,1,
Processing,201801,0.0,1.0,,,1,0.0
Just,202202,0.3333333333333333,,0.0,0.0,1,
HLSL,202205,0.0,,,,1,
Handlebars,201804,0.0,,,,1,
Go Template,202207,0.0,,,,3,
Tcl,202104,0.0,1.0,,,1,0.0
LiveScript,201811,0.0,,,,1,
Erlang,201806,0.1,,,0.0,4,
Squirrel,202103,0.0,,,,1,
CUE,202007,0.0,,,,1,
Zig,202408,0.0,1.0,,,5,
Markdown,201908,0.0,,,,1,
Handlebars,202012,0.0,,,,1,
WGSL,202307,0.0,,,,1,
DTrace,202011,0.0,,,,1,
Nunjucks,202404,0.14583333333333337,1.0,0.0,0.5,4,
UnrealScript,202004,0.0,,,,1,
CartoCSS,202007,0.0,,,,1,
Crystal,201901,0.0,,,,2,
Forth,202307,0.0,,,,1,
SQF,202006,0.7,0.5,0.0,0.914100892018565,1,
reStructuredText,202406,0.0,,,,1,
Puppet,202308,0.1875,1.0,0.0,0.9182958340544894,2,
Stylus,202208,0.0,,,,4,
mdsvex,202302,0.058823529411764705,1.0,0.0,0.0,1,1.0
ZAP,202301,4.947368421052632,0.4375,0.06666666666666667,0.6465307529529916,1,0.6666666666666666
IDL,201904,0.0,1.0,,,1,
SQF,202001,0.0,1.0,,,1,
ZenScript,202307,0.3103448275862069,,0.0,0.8442893273045488,2,0.6666666666666667
PLpgSQL,201901,0.0,1.0,,,3,
Visual Basic,201806,0.0,,,,1,
Visual Basic 6.0,202211,0.0,1.0,,,1,
Nextflow,201903,0.0,,,,1,
Liquid,202203,1.2432432432432432,0.5,0.0,0.8463210905958987,1,0.5
Gherkin,202505,0.7264150943396226,0.0,0.2857142857142857,0.7936484160885204,1,
Handlebars,202103,0.0,,,,1,
Erlang,202406,0.0,0.0,,,2,0.0
1C Enterprise,202411,,,,,1,
OpenSCAD,202202,,,,,2,
OpenSCAD,202401,,,,,2,
1C Enterprise,202307,,,,,1,
AutoHotkey,202408,2.0,1.0,0.0,0.8445412464587145,4,0.5
Puppet,202212,,,,,1,
Twig,202409,0.4214424951267056,1.0,0.4,0.4393704951891449,4,
AMPL,202211,,,,,1,
KiCad Layout,202502,,,,,1,
Yacc,202301,,,,,2,
Elm,202202,1.5,,0.0,0.920619835714305,3,
SAS,202103,,,,,1,
Racket,202303,,,,,1,
Erlang,202503,,,,,1,
Puppet,201809,1.0,,0.0,0.0,1,
Apex,201904,0.0,,,,3,0.0
Stata,202402,,,,,1,
VBScript,202101,,,,,1,
Edge,202407,,,,,1,
Edge,202406,,,,,1,
Scheme,202407,0.0,,,,3,
Roff,202506,2.0,,,0.0,1,
CMake,202011,0.0,0.0,,,4,
CUE,202104,2.0,,0.0,1.0,1,
Less,202304,2.0,0.0,0.0,1.0,2,1.0
Lean,202403,0.0,,,,1,
UnrealScript,202505,0.0,,,,1,
AutoHotkey,202211,0.0,,,,3,0.5
Liquid,202401,0.08888888888888888,0.75,0.3333333333333333,0.8176600066499256,5,0.6666666666666666
Gherkin,202103,0.9326923076923077,0.8,0.0,0.6262273547351522,2,
templ,202410,0.0,1.0,,,1,
CartoCSS,202412,0.0,,,,1,
POV-Ray SDL,202109,2.0,,0.0,0.0,1,
POV-Ray SDL,202404,0.0,,,,1,
Edge,202211,0.5,,0.0,0.0,1,
M4,202308,0.0,,,,1,
LabVIEW,202310,0.0,,,,1,
GDScript,201809,0.0,,,,2,
Pug,202112,0.0,,,,1,
Scilab,202012,0.0,,,,1,
MoonScript,202008,0.0,,,,1,
Haxe,202307,0.0,,,,1,
SourcePawn,202310,0.0,1.0,,,1,
SQF,202307,0.0,1.0,,,2,
Solidity,202111,0.4570634920634921,0.45833333333333326,0.0,0.2330976962852933,9,0.4
Ballerina,201808,0.0,1.0,,,2,
LilyPond,202504,0.0,,,,1,
SourcePawn,202208,0.0,1.0,,,1,0.0
Common Workflow Language,201909,0.0,,,,2,
Puppet,201904,1.6666666666666667,0.5,0.0,0.674696946770434,1,
Metal,202406,0.0,,,,1,
MDX,201903,3.4294871794871793,0.8,0.0,0.9069998815371434,4,0.6491228070175439
Monkey C,202006,0.0,1.0,,,1,0.0
Fennel,201905,1.0434782608695652,0.2857142857142857,0.0,0.8514548858711767,1,1.0
Go Template,202408,0.0,1.0,,,7,
GDB,201807,0.0,,,,1,
LookML,201901,0.0,,,,1,
Tree-sitter Query,202010,1.1481481481481481,0.45454545454545453,0.2,0.5735756133583755,1,0.8571428571428572
ZAP,202307,4.473684210526316,0.35294117647058826,0.0,0.7596001179984168,1,0.75
EJS,201812,0.0,,,,2,
F#,202504,0.6041666666666666,0.3333333333333333,0.0,0.6623214885612895,3,
Mermaid,202411,0.025806451612903226,0.5,0.0,0.954434002924965,2,0.5
Visual Basic .NET,201906,0.0,,,,2,
RobotFramework,202305,0.0,,,,1,
Starlark,202111,0.0,1.0,,,1,0.0
Gherkin,202003,0.9,0.6818181818181819,0.0,0.5680685065998798,2,0.6
JSON,202104,0.023529411764705882,0.5555555555555556,0.0,0.9709505944546688,1,
Gherkin,202201,1.103846153846154,0.2,0.10526315789473684,0.40104450279411813,1,1.0
TSQL,202107,0.0,,,,2,
PureScript,202502,0.0,,,,1,
SystemVerilog,202305,,,,,2,
ASP,202001,,,,,1,
KiCad Layout,201909,,,,,1,
AGS Script,202308,,,,,1,
WebAssembly,202411,,,,,1,
VHDL,202002,0.06666666666666667,,,0.0,2,
Pawn,202105,,,,,2,
ActionScript,202403,,,,,1,
Crystal,202306,,,,,1,
VBScript,201910,1.0,,0.0,0.0,1,
Gnuplot,202107,,,,,1,
ZenScript,202411,0.5,,0.0,0.0,3,0.4
PLpgSQL,202504,0.16666666666666666,1.0,,0.0,5,
Twig,202412,0.02702702702702703,,,0.0,2,
Erlang,202105,0.0,1.0,,,3,
PLpgSQL,202310,,,,,1,
QML,202306,1.0,,0.0,0.0,2,
Stata,202108,,,,,2,0.0
CoffeeScript,202501,,,,,1,
MoonScript,202303,0.0,0.0,,,1,1.0
Jsonnet,202203,,,,,1,
Limbo,202012,1.0,,,0.0,1,
Stata,201909,,,,,1,
Smali,202407,5.0,,0.0,0.7219280948873623,1,1.0
SAS,202408,0.0,,,,1,
Haxe,202301,1.1428571428571428,0.5,0.0,0.8038103185385128,2,0.75
Crystal,201806,0.0,,,,1,
Twig,202502,0.0,,,,3,
LookML,202101,,,,,1,
Nim,201808,0.6666666666666666,,,0.0,2,
D,202104,0.0,,,,1,
EmberScript,202202,6.5,,0.0,0.810143416694102,1,1.0
Roff,202105,1.8,,0.0,0.8060986113514966,5,1.0
Markdown,202004,0.0,,,,1,
Pug,202011,0.0,,,,1,
AngelScript,202504,0.0,,,,1,
Cypher,202009,0.0,,,,1,
TSQL,202312,0.0,,,,2,
Nunjucks,202107,0.0,1.0,,,4,0.0
Twig,202503,0.06666666666666667,,,0.0,2,
Handlebars,202308,0.0,1.0,,,2,0.0
POV-Ray SDL,201912,0.7142857142857143,,0.0,0.8649735207179272,1,0.6666666666666667
Bikeshed,202012,1.3,0.06666666666666667,0.0,0.7851347742968418,1,
Tcl,202501,0.0,,,,1,
GAP,202303,0.16666666666666666,1.0,,0.0,1,
SQF,202112,0.5,,0.0,0.9709505944546688,1,1.0
PureScript,201905,0.037037037037037035,1.0,,0.0,3,
M4,202010,0.0,,,,1,
1C Enterprise,201908,0.0,,,0.0,1,
YARA,202207,0.0,,,,1,
Ballerina,202009,0.0,,,,1,
Ada,202005,0.0625,,,0.0,1,
Bikeshed,202104,2.0476190476190474,0.3333333333333333,0.11764705882352941,0.8335619179351448,1,0.6666666666666666
CartoCSS,202104,0.0,,,,1,
Elm,202305,0.0,1.0,,,1,
DM,201904,0.0,,,,2,
ASL,202003,0.11174242424242423,,0.0,0.4591479170272447,3,0.6666666666666666
Motoko,202408,0.0,,,,1,
Mathematica,202404,0.0,,,,2,
ZenScript,202107,0.35526315789473684,,0.0,0.8788633091193851,2,0.7142857142857143
Blade,202010,0.0,,,,5,
WebAssembly,202008,0.4121212121212121,0.0,0.0,0.4978637260424628,3,1.0
RMarkdown,202206,0.07272727272727272,,,0.0,1,
LilyPond,202406,0.0,0.9166666666666666,,,1,0.0
WebAssembly,201901,0.0,,,,1,
GAP,202306,0.0,1.0,,,1,0.0
Open Policy Agent,202401,0.0,,,,1,
LiveScript,202007,0.0,,,,1,
FreeMarker,202104,0.0,,,,2,
reStructuredText,202503,0.0,,,,1,
Scilab,202402,0.0,,,,1,
ReScript,202111,0.0,,,,1,
Apex,201811,,,,,1,
ActionScript,202409,,,,,1,
Stylus,202505,,,,,1,
Twig,202302,1.0,,,0.0,2,
mcfunction,202202,,,,,1,
Gnuplot,202004,,,,,1,
ActionScript,202207,,,,,2,0.0
Elm,202101,,,,,1,
Visual Basic,202408,,,,,2,
Apex,201909,0.0,,,,2,
Racket,202004,,,,,1,
mcfunction,202205,,,,,1,
AL,202411,,,,,1,
CUE,202103,,,,,1,
Processing,201809,,,,,1,
EmberScript,202501,1.0,,,0.0,1,
NSIS,201910,1.0,,0.0,0.0,1,
Squirrel,202304,,,,,1,
SystemVerilog,202209,,,,,2,
Reason,202202,1.0,,0.0,0.0,1,
Haxe,201904,,,,,1,
Modula-2,201809,,,,,1,
Limbo,202106,,,,,1,
Modelica,201910,9.0,,0.0,0.8527924884900403,1,
Verilog,201802,,,,,2,
VBScript,202204,,,,,1,
Verilog,201905,0.16666666666666666,1.0,0.0,0.0,4,0.6666666666666666
SystemVerilog,202005,,,,,1,
PureScript,202207,0.0,,,,1,
Prolog,202004,0.0,,,,1,
AngelScript,202007,0.0,,,,1,
Pug,202412,0.0,,,,1,
BitBake,202105,0.0,,,,3,
GDScript,201910,0.0,1.0,,,2,0.0
MoonScript,202501,0.0,,,,1,
Smarty,202406,0.0,1.0,,,3,
Handlebars,202311,0.0,1.0,,,2,
LLVM,202002,0.5,0.0,0.0,0.946394630357186,2,1.0
Slim,202201,0.0,,,,1,
Sass,202012,0.0,,,,1,
BitBake,202411,0.0,,,,1,
D,202206,0.09504132231404959,0.5714285714285714,0.0,0.5423933841113936,2,0.0
Raku,201805,0.0,,,,1,
YARA,202211,0.0,,,,1,
Crystal,201910,0.0,,,,2,0.0
LLVM,202008,2.3333333333333335,1.0,0.0,0.9176188726560588,2,1.0
Scilab,202207,0.0,,,,1,
BASIC,202204,0.0,,,,1,
Vala,202209,0.5,,0.0,1.0,1,1.0
Puppet,201810,0.75,,0.0,0.9999999999999998,1,
Scilab,201805,0.0,,,,1,
PLpgSQL,202210,0.0,1.0,,,1,0.0
WGSL,202401,0.0,1.0,,,1,
Monkey C,202008,0.6666666666666666,0.5,0.0,0.946394630357186,1,
FreeMarker,202102,0.0,,,,1,
WDL,201910,0.0,,,,1,
GDScript,201904,0.125,1.0,0.0,0.0,1,1.0
POV-Ray SDL,202112,0.8888888888888888,,0.0,0.8613531161467861,1,1.0
Starlark,202106,0.0,,,,1,
ZAP,202009,0.005263157894736842,0.875,0.0,0.0,1,
SQF,201912,0.25,0.8333333333333334,1.0,0.7219280948873623,1,
Starlark,202201,0.5357142857142857,0.7142857142857143,1.0,0.9182958340544894,1,
Apex,202411,0.0,,,,1,
Standard ML,202301,0.0,1.0,,,1,0.0
Bikeshed,202003,6.043478260869565,0.23076923076923078,0.2,0.5954318686184209,1,1.0
Raku,201902,0.0,,,,1,
DM,202104,0.0078125,1.0,0.0,0.0,4,
Ballerina,201812,0.0,1.0,,,1,
Lean,202409,0.0,1.0,,,1,
Mustache,202401,0.0,1.0,,,1,
Liquid,202204,0.42073170731707316,0.5,0.15384615384615385,0.8247677575809325,2,0.5
Stata,201812,0.16129032258064516,,0.0,0.9967916319816367,1,1.0
JSON,202105,0.008728179551122194,0.2,0.0,0.954434002924965,1,
Haml,202210,0.0,,,,1,
FreeMarker,202205,,,,,2,
AutoHotkey,202011,,,,,2,
MoonScript,202211,,,,,1,
Gnuplot,202405,,,,,1,
D,202407,13.0,0.0,0.0,0.8479836109346184,2,0.6
Move,202409,,,,,1,
Racket,202002,,,,,1,
ASL,202303,,,,,1,
CoffeeScript,202404,0.0,1.0,,,3,
PLpgSQL,202301,,,,,1,
D,201905,,,,,1,
q,201911,,,,,1,
Modelica,201806,,,,,1,
mcfunction,202312,,,,,1,
CUE,202207,1.0,,0.0,0.0,1,
AutoIt,201808,8.0,,0.0,0.954434002924965,1,
GLSL,201906,,,,,2,
q,202102,,,,,1,
Logos,202107,1.0,,0.0,0.0,1,1.0
Modula-2,202002,,,,,1,
PLpgSQL,202103,,,,,1,
Bicep,202412,0.0,,,,1,
CUE,202304,2.0,,0.0,1.0,1,1.0
Scheme,202101,0.0,,,,3,
Reason,201810,2.0,0.0,0.0,0.0,1,
BitBake,201902,10.0,,0.0,0.881353453268883,1,0.0
ShaderLab,202411,,,,,3,
Less,202008,0.0,1.0,,,4,1.0
Markdown,201812,0.0,,,,1,
templ,202411,0.0,1.0,,,1,
Coq,201911,0.0,1.0,,,1,
LilyPond,202304,0.0,,,,1,
G-code,202111,0.0,,,,1,
Gherkin,202111,0.5476190476190476,0.4473684210526316,0.18181818181818182,0.5899539168864972,3,0.6666666666666666
RAML,202207,0.0,,,,1,
SystemVerilog,201901,0.0,,,,1,
Racket,202106,0.0,1.0,,,1,
Mustache,202109,0.3333333333333333,1.0,0.0,1.0,4,0.0
Blade,201810,0.0,,,,1,
Racket,201907,0.0,,,,2,
Coq,202008,0.0,1.0,,,2,
WGSL,202501,0.0,,,,1,
PureScript,202409,0.75,1.0,0.0,0.0,1,
AGS Script,202206,0.8571428571428571,0.0,0.0,0.9182958340544894,1,
ShaderLab,202010,0.25,,0.0,0.0,2,1.0
Fennel,202206,0.9959677419354839,0.0,0.0,0.8107322125369356,2,1.0
Astro,201806,0.5,0.0,0.0,0.5487689199209769,3,1.0
F#,202308,0.018518518518518517,0.6666666666666666,0.0,0.0,3,
Common Workflow Language,202011,0.09090909090909091,,,0.0,1,
Sass,202503,0.36363636363636365,1.0,0.0,1.0,1,
Elm,202001,0.1,,,0.0,2,
Elm,201906,0.2,1.0,0.0,0.0,1,
GAP,202408,0.14545454545454545,0.75,0.0,0.0,2,0.5
AL,202205,1.1666666666666667,0.6666666666666666,0.0,0.7783853970487746,1,1.0
Tree-sitter Query,202104,3.3125,0.4444444444444444,0.2857142857142857,0.7213991802274574,1,0.75
BitBake,202206,0.0,1.0,,,3,
Apex,201907,0.0,,,,2,
RAML,202101,0.0,1.0,,,1,
Fennel,202309,0.21739130434782608,0.0,0.0,0.7219280948873623,2,
TSQL,202302,0.0,,,,2,
Inform 7,202209,0.0,,,,1,
Motoko,202407,0.0,,,,1,
Apex,202310,0.0,,,,2,
Forth,202004,0.015184713375796178,,,0.0,2,
Fortran,201809,0.0,,,,3,
QML,202211,3.0,0.0,0.0,0.9999999999999998,2,1.0
PureScript,202401,,,,,1,
Perl 6,202101,,,,,1,
LabVIEW,201810,,,,,1,
Cuda,202203,,,,,1,
QML,202009,0.0,1.0,,,1,0.0
Logos,202506,,,,,2,
WebAssembly,202505,,,,,1,
ASL,202309,,,,,2,
Assembly,201811,0.00881057268722467,,0.0,0.0,2,1.0
Racket,202412,,,,,1,
FreeMarker,202408,,,,,1,
Elm,201907,0.06666666666666667,0.5,0.0,1.0,3,
VBA,202307,,,,,1,
Visual Basic,202201,,,,,2,
Pascal,202309,0.0,,,,6,
WebAssembly,202403,0.0,1.0,,,1,0.0
Rich Text Format,201906,,,,,1,
Racket,202111,,,,,2,
Forth,202205,0.0,,,,2,
SQL,202401,,,,,1,
Visual Basic,201904,,,,,1,
SAS,202008,,,,,1,
Smarty,202103,0.0,0.0,,,2,1.0
SAS,202003,,,,,1,
OpenSCAD,201906,1.0,,,0.0,2,
Blade,201809,,,,,1,
Logos,202209,0.0,,,,2,
CoffeeScript,202410,0.0,1.0,,,2,
Open Policy Agent,202501,0.0,,,,3,
reStructuredText,201807,0.0,,,,1,
Batchfile,201905,0.0,,,,1,
Squirrel,202312,0.0,,,,1,
Kaitai Struct,202310,0.0,,,,1,
Just,202112,0.5,,0.0,0.0,1,1.0
Rebol,202107,0.0,,,,1,
Tcl,202002,0.07142857142857142,0.8333333333333334,0.0,0.0,2,1.0
Papyrus,202209,0.0,,,,1,
GAP,202209,0.0,,,,1,
Smarty,201802,0.5925925925925926,,0.0,0.49261406801712576,3,1.0
ASP.NET,201909,0.0,1.0,,,1,
ASL,202109,0.0,,,,2,
POV-Ray SDL,201806,0.0,,,,1,
Forth,202504,0.0,,,,1,
POV-Ray SDL,201802,0.0,,,,1,
Tcl,201804,0.1111111111111111,,,0.0,1,
CartoCSS,202003,0.0,,,,1,
Gherkin,202108,3.0,0.0,0.0,0.0,1,1.0
M4,202111,0.0,,,,1,
Odin,202504,0.0,1.0,,,2,
PLpgSQL,202211,0.0,1.0,,,1,
CartoCSS,202006,0.0,,,,1,
ABAP,202103,0.0,1.0,,,2,
EmberScript,202106,1.3636363636363635,0.3333333333333333,0.0,0.7486316789498982,1,
Lasso,201805,0.0,,,,1,
GLSL,202307,0.16666666666666666,0.7,0.0,0.9852281360342515,4,1.0
CartoCSS,202112,0.0,,,,1,
ReScript,202311,0.0,,,,1,
UnrealScript,202002,0.0,,,,1,
ASP.NET,202409,0.0,1.0,,,1,
AL,202211,1.608695652173913,0.75,0.0,0.9046152604311872,1,1.0
Starlark,202112,0.21739130434782608,0.36363636363636365,1.0,0.7219280948873623,2,
Open Policy Agent,202312,0.0,,,,1,
Rich Text Format,202111,0.0,,,,1,
reStructuredText,202203,0.0,,,,1,
Hack,202202,0.0,,,,1,
LiveScript,202201,0.0,,,,1,
Less,202106,0.0,,,,5,
Tcl,202010,0.0,,,,1,
Gherkin,202311,0.35858585858585856,0.6111111111111112,0.0,0.5820750552575289,2,
Visual Basic,202108,,,,,2,
VBScript,202501,1.0,,0.0,0.0,1,
Pawn,202210,1.0,,0.0,0.0,1,
WebAssembly,202410,,,,,1,
Edge,202505,,,,,1,
VBScript,202009,0.0,,,,2,0.0
Elm,202012,,,,,1,
Raku,201809,,,,,1,1.0
FreeMarker,202308,,,,,1,
Pawn,202411,,,,,1,
ActionScript,202303,,,,,1,
Scheme,201911,,,,,3,
Stylus,201812,0.5,,0.0,0.0,2,1.0
Batchfile,201910,5.0,0.0,0.0,1.0,2,0.5
VBScript,201811,0.5,1.0,0.0,0.0,2,0.5
Cypher,202007,0.0,,,,1,
Modula-2,202003,,,,,1,
VBScript,201911,2.0,,0.0,1.0,1,1.0
PureScript,202011,4.0,,0.0,1.0,1,
BitBake,202005,,,,,1,
Scheme,201805,0.0,,,,3,0.0
EmberScript,202001,14.0,1.0,0.0,0.6908140210976048,1,
VHDL,202311,0.0,,,,3,0.0
Reason,202007,0.33333333333333337,,0.0,0.0,4,
Logos,202204,0.6,0.5,0.0,0.4772170014624825,2,0.4
VHDL,201912,0.0,1.0,,,1,
Forth,202010,0.0,,,,2,
AutoHotkey,202010,0.0,,,,2,
GAP,202411,0.0,,,,1,
OpenSCAD,202506,0.0,,,,1,
Common Workflow Language,201912,0.0,,,,1,
VBA,202212,0.0,,,,2,
AngelScript,202101,0.0,,,,2,
q,201801,0.0,,,,1,
Nix,202008,0.9180327868852459,0.6923076923076923,0.25,0.7794193366689705,3,0.6666666666666666
AL,202301,0.20202020202020204,0.8888888888888888,0.0,0.7414439525170822,3,0.6666666666666666
ABAP,202206,0.0,,,,1,
OpenSCAD,202112,0.0,,,0.0,1,
Smalltalk,202307,0.16666666666666666,0.5,0.0,0.0,2,0.0
Cuda,202101,0.0,,,,1,
SystemVerilog,202506,4.666666666666666,,0.0,0.940285958670631,5,
POV-Ray SDL,202208,0.0,,,,1,
LLVM,202012,0.5,,0.0,0.9751060324573735,2,
AngelScript,202106,0.0,,,,2,
Haxe,201810,0.11290322580645161,1.0,0.0,0.8631205685666311,2,0.0
IDL,201901,0.0,,,,1,
Jsonnet,202310,0.0,,,,1,
ABAP,202208,0.0,,,,1,
Nasal,202312,0.0,,,,1,
Open Policy Agent,202109,0.0,1.0,,,1,
Open Policy Agent,202204,0.07142857142857142,0.8,0.0,0.0,1,1.0
ReScript,202504,0.0,,,,1,
LabVIEW,201903,0.0,,,,1,0.0
SQLPL,201807,0.3333333333333333,1.0,0.0,0.9182958340544894,1,
Game Maker Language,202202,0.0,,,,1,
mdsvex,202305,0.5294117647058824,,0.0,0.7642045065086203,1,1.0
Astro,201904,0.6862745098039216,0.25,0.0,0.871586712266947,3,1.0
CartoCSS,201906,0.0,,,,1,
UnrealScript,202001,0.0,,,,1,
Crystal,202312,0.0,,,,1,
Fennel,202004,1.0,0.5714285714285714,0.21052631578947367,0.8052854422893481,1,1.0
SWIG,202004,0.0,,,,1,
Visual Basic .NET,201806,0.0,1.0,,,2,0.0
Standard ML,202004,0.0547945205479452,,0.0,0.8112781244591328,1,1.0
Gherkin,202401,2.0821917808219177,0.2,0.0,0.46410057367466195,1,1.0
Motoko,202406,0.0,,,,1,
WebAssembly,201902,0.0,,,,1,
Visual Basic,202203,0.0,,,,1,
reStructuredText,202411,0.0,,,,1,
MoonScript,202307,,,,,1,
FreeMarker,202304,,,,,1,
Cuda,202304,,,,,1,
Stata,202310,,,,,1,
Squirrel,202402,,,,,1,
VBScript,202005,2.0,,0.0,1.0,2,1.0
WebAssembly,202107,3.0,,,0.0,1,
Visual Basic,202503,,,,,1,
BitBake,202109,,,,,1,
KiCad Layout,202012,,,,,1,
MoonScript,202502,,,,,1,
BitBake,201909,,,,,1,
AutoHotkey,202006,,,,,1,
Visual Basic,201910,,,,,1,
Mustache,202111,0.0,1.0,,,2,0.0
MoonScript,202208,,,,,1,
PostScript,202408,0.21428571428571427,,0.0,0.9182958340544894,4,
SQL,202410,,,,,1,
Visual Basic,202205,,,,,1,
PLSQL,202309,1.0,1.0,,0.0,1,0.0
CartoCSS,202310,,,,,1,0.0
D,202312,2.625,1.0,0.0,0.9591479170272446,3,0.5
Mermaid,202506,0.041666666666666664,,,0.0,2,
CartoCSS,202206,0.0,,,,1,
AngelScript,202011,0.0,,,,1,
SourcePawn,202306,2.0,0.0,0.0,0.0,1,
EmberScript,202206,11.0,1.0,0.0,0.9162695888499091,1,0.5
SQF,202304,0.0,,,,1,
Markdown,201811,0.0,,,,1,
CAP CDS,202502,0.0,,,,1,
Game Maker Language,202302,0.0,,,,1,
CartoCSS,202212,0.0,,,,1,
Tcl,202111,0.0,,,,1,
Processing,201804,0.7142857142857143,0.0,0.0,0.9709505944546688,2,1.0
Scheme,202308,0.0,,,,3,
YAML,202304,0.0,,,,2,
Slim,202005,0.0,,,,1,
POV-Ray SDL,201805,0.0,,,,1,
Crystal,201902,0.0,,,,1,
Fluent,202411,0.0,,,,1,
Clean,201807,0.05555555555555555,,,0.0,1,
F*,201903,0.11764705882352941,,,0.0,1,
Crystal,202501,0.0,,,1.0,1,
Tcl,202103,0.0,,,,2,
VBA,202204,0.0,,,,2,
CartoCSS,202405,,,,,1,
Limbo,202103,,,,,1,
KiCad Layout,202007,2.0,,0.0,0.0,1,
Batchfile,201803,1.0,,0.0,0.0,1,
PLpgSQL,202104,,,,,1,
ActionScript,202112,1.0,,0.0,0.0,1,
AGS Script,202407,,,,,1,
Crystal,201807,0.0,,,,2,
Erlang,202412,,,,,1,
q,202402,,,,,1,
Roff,201907,2.5,1.0,0.0,0.9709505944546688,2,1.0
AutoHotkey,201906,,,,,1,
Modelica,202405,,,,,1,
UnrealScript,202401,,,,,1,
Nim,201801,,,,,1,
VHDL,201805,,,,,1,
BitBake,202107,0.0,,,,2,
Monkey C,202303,0.0,1.0,,,1,
VBScript,202403,3.0,0.0,0.0,0.9182958340544894,1,
OpenSCAD,202008,,,,,1,
AL,202310,,,,,1,
SystemVerilog,202403,0.0,,,0.9182958340544894,2,
VBScript,201902,3.0,,0.0,0.9999999999999998,2,1.0
ShaderLab,202105,,,,,1,
PostScript,201906,,,,,2,0.0
BitBake,202211,0.0,,,,1,
Open Policy Agent,202410,0.0,,,,1,
Smarty,202006,0.0,,,,1,
Liquid,202112,0.96,0.6,0.0,0.8850934407198149,2,0.0
YAML,202210,0.0,,,,3,
SQF,202401,0.08333333333333333,1.0,,0.0,2,
Stylus,201910,0.3333333333333333,,0.0,0.9182958340544894,3,1.0
Processing,202109,0.25,1.0,,0.0,4,0.0
ASP.NET,202012,0.0,1.0,,,1,
Racket,201805,0.0,,,,1,
Haxe,201910,1.0,0.5,0.0,0.9182958340544894,1,1.0
PLpgSQL,202405,0.0,1.0,,,3,
EmberScript,202102,1.0,0.6666666666666666,,0.9182958340544894,1,0.0
Jsonnet,202306,0.0,1.0,,,1,
SQF,202105,0.0,1.0,,,1,
Bicep,202005,0.25,0.0,0.0,0.0,1,1.0
Cypher,202008,0.0,,,,1,
Visual Basic .NET,201812,0.0,,,,2,
AngelScript,202008,0.0,,,,1,
DIGITAL Command Language,202204,0.0,,,,1,
Coq,202006,0.0,,,,1,
Haxe,202208,0.16666666666666666,,0.0,0.946394630357186,1,0.0
Nunjucks,202502,0.0,,,,1,
CartoCSS,202005,0.0,,,,1,
Smali,202211,0.75,,0.0,0.9182958340544894,1,
SQLPL,201911,0.0,1.0,,,1,
Tree-sitter Query,202204,2.2,0.6,0.0,0.8628217598680361,1,0.33333333333333337
M4,202207,0.0,,,,1,
UnrealScript,202208,0.0,,,,2,
Visual Basic .NET,202504,0.0,,,,3,
Nextflow,201811,0.0,,,,1,
Stylus,202005,0.5,,0.0,0.0,2,0.5
Nextflow,201901,0.0,,,,1,
MoonScript,202012,0.23529411764705882,,0.0,0.0,1,
Solidity,201808,1.4845360824742269,0.675,0.5714285714285714,0.6555115522213522,4,
PLSQL,202409,0.0,,,,1,
Scheme,202402,0.0,1.0,,,3,0.0
Haxe,202010,0.0,,,,2,
Ada,202004,0.009174311926605505,1.0,,0.0,1,
Liquid,202006,0.6115702479338843,0.5,0.0,0.8684288247954065,1,1.0
VHDL,202104,0.0,,,,1,
Raku,202211,0.0,,,,1,
Haml,202207,0.0,,,,1,
Smalltalk,202104,0.0,1.0,,,3,0.0
Racket,202209,,,,,1,
Prolog,202410,,,,,1,
OpenSCAD,202307,,,,,1,
Perl 6,202310,,,,,1,
BitBake,202305,0.0,1.0,,,2,0.0
Haxe,202005,0.0,,,,2,
Squirrel,202308,,,,,1,
ActionScript,202209,,,,,1,
Scheme,202204,0.0,,,,3,
Visual Basic,202312,1.0,,0.0,0.0,2,
Blade,202111,0.0,,,,3,
AL,202406,,,,,1,
AngelScript,202211,1.0,,,0.0,1,0.0
ASP,202004,,,,,1,
CoffeeScript,202506,1.0,1.0,,0.0,1,
q,202203,,,,,1,
PLpgSQL,202202,,,,,1,
SQL,202408,,,,,1,
RAML,201906,0.0,1.0,,,1,0.0
GDScript,202506,0.0,1.0,,,5,
PLpgSQL,201906,0.0,,,,3,0.0
Twig,201909,1.0,0.0,0.0,0.0,1,1.0
GDScript,202106,1.0,,0.0,0.0,2,
Fennel,202406,0.20454545454545456,0.0,0.0,0.8763576394898526,2,0.5
Bikeshed,202405,2.0,,0.0,1.0,1,
Starlark,202210,0.0,,,,1,
Rich Text Format,202411,0.0,,,,1,
Standard ML,202008,0.0,,,,1,
Racket,202312,0.3333333333333333,,,0.0,1,
LilyPond,202211,0.0,,,,1,
Pug,202005,0.0,1.0,,,1,
Inform 7,202101,0.0,,,,1,
M4,202402,0.0,,,,1,
CAP CDS,202403,0.0,,,,1,
M4,202401,0.0,,,,1,
Open Policy Agent,202506,0.0,1.0,,,2,
Typst,202503,2.0,0.0,0.0,0.7896900821428474,2,
Mermaid,202503,0.3387096774193548,0.8,0.0,0.8424024812680881,2,
ABAP,202005,0.0,,,,1,
HLSL,202111,0.0,,,,1,
CartoCSS,202111,0.0,,,,1,
Monkey C,202408,0.0,1.0,,,1,
F#,201906,0.0,,,,3,
EJS,202307,0.0,1.0,,,5,
eC,202007,0.0,,,,1,
Game Maker Language,201806,0.0,,,,1,
Monkey C,202211,0.6,0.6666666666666666,0.0,0.9182958340544894,1,1.0
Pug,201906,0.0,,,,1,
Standard ML,201810,0.0,,,,1,
CUE,202112,0.14285714285714285,1.0,0.0,0.0,1,
Bikeshed,201811,0.0,,,,1,
Monkey C,202209,0.42857142857142855,1.0,0.0,0.9182958340544894,1,0.0
M4,202208,0.0,,,,1,
Luau,202311,0.07692307692307693,1.0,,0.0,1,
Fennel,202105,1.8823529411764706,0.0,0.0,0.7994270153880654,1,1.0
SQLPL,201902,0.08333333333333333,1.0,,0.0,1,0.0
DIGITAL Command Language,202301,0.0,,,,1,
Squirrel,202101,0.0,,,,1,
Batchfile,201907,0.0,,,,1,
Game Maker Language,202401,0.0,1.0,,,1,
Smarty,201909,0.0,,,,2,
G-code,202504,2.75,1.0,0.26666666666666666,0.6464137868058104,1,
Luau,202501,0.0,,,,2,
Tree-sitter Query,202207,2.0,0.5,0.25,0.6778398173094357,1,0.5
VHDL,202208,0.0,,,,1,
Twig,202005,0.8125,0.4,0.0,0.7686523620110663,2,1.0
Sass,202209,0.0,,,,1,
GDScript,201810,0.0,1.0,,,1,0.0
SWIG,201908,0.0,,,,1,
Ballerina,201908,0.0,,,,1,
Fluent,202311,0.0,1.0,,,1,0.0
Cairo,202406,0.0,,,,1,
Hack,202302,0.0,,,,1,
Cirru,202404,0.0,,,,1,
Elm,202009,0.0,,,,2,
KiCad Layout,202302,,,,,1,
Raku,202001,,,,,1,
Modula-2,202210,,,,,1,
Modelica,202307,,,,,1,
Sass,202504,1.0,,0.0,0.0,1,
ASL,202409,,,,,1,
Ren'Py,202302,,,,,1,
BitBake,202010,,,,,1,
SystemVerilog,201801,,,,,1,
OpenSCAD,202009,,,,,2,
AutoHotkey,202007,,,,,1,
Scilab,202302,0.0,,,,1,
Smalltalk,202109,,,,,2,
Cuda,202006,0.5714285714285714,,0.0,0.0,2,1.0
Objective-C++,201804,,,,,1,
SQF,202012,,,,,1,
VBScript,201803,3.0,0.0,0.0,0.9182958340544894,1,0.6666666666666666
Metal,202412,,,,,1,
Smalltalk,202001,5.0,,0.0,0.9709505944546688,1,1.0
AL,202503,,,,,1,
Stata,202301,,,,,1,
Blade,201901,0.0,,,,2,
ZenScript,202412,0.125,,0.0,0.0,2,0.0
Just,202102,0.0,,,,1,
ColdFusion,201908,0.0,,,,1,
ASP.NET,202003,0.0,,,,1,
PureScript,202410,1.5,,0.0,0.0,2,
UnrealScript,202308,0.0,,,,1,
LabVIEW,201905,1.0,,0.0,1.0,1,
Pug,201910,0.0,,,,1,
DTrace,202111,0.0,,,,1,
SQF,202402,0.16666666666666666,1.0,,0.0,2,
Starlark,202309,0.4,0.5,0.0,1.0,1,
ReScript,202307,0.0,,,,1,
mdsvex,202210,0.0,,,,1,
Forth,202107,0.0,,,,1,
Nextflow,202208,0.0,,,,1,
Go Template,202208,0.0,,,,2,
Common Workflow Language,202010,0.0,,,,1,
Less,202306,1.2000000000000002,0.5,0.0,0.0,2,0.0
Apex,202205,0.0,,,,1,
Rich Text Format,202303,0.0,,,,1,
Nushell,202407,0.0,,,,1,
Crystal,202105,0.2777777777777778,0.8,0.0,0.8649735207179272,2,0.0
LLVM,202309,0.2,1.0,0.0,0.6500224216483541,3,
LLVM,201912,0.0,,,,1,
Raku,201807,0.023255813953488372,,0.0,1.0,1,1.0
Puppet,202007,0.8333333333333333,1.0,0.0,0.4999999999999999,2,
SWIG,202503,0.0,,,,1,
POV-Ray SDL,202003,0.5714285714285714,,0.0,1.0,1,0.0
Common Lisp,202502,0.0,1.0,,,2,
Nix,201903,0.6216216216216216,0.25,1.0,0.8472656892991868,2,1.0
Rich Text Format,202505,0.0,,,,1,
Luau,202305,0.0,,,,1,
SQL,202112,0.0,,,,1,
PLSQL,202401,0.0,,,,1,
SQF,202503,0.0,1.0,,,2,
Crystal,202308,0.05128205128205128,1.0,0.0,1.0,1,0.0
Visual Basic,201801,0.1,1.0,0.0,0.0,1,0.0
Inform 7,202307,0.0,,,,1,
QML,202411,0.010452961672473868,,0.0,0.9182958340544894,1,1.0
ShaderLab,201910,0.0,,,,2,
Visual Basic .NET,202405,0.0,,,,2,
Nim,201807,0.16666666666666666,,0.0,0.0,2,
Apex,202211,,,,,1,
VHDL,202401,,,,,1,
1C Enterprise,202306,,,,,1,
Rebol,202203,1.0,,,0.0,1,1.0
Apex,201911,,,,,2,
ColdFusion,202304,,,,,1,
VHDL,202302,,,,,2,
Pawn,202504,,,,,1,
ActionScript,202309,,,,,1,
VHDL,202304,,,,,1,
UnrealScript,202005,,,,,1,
1C Enterprise,202004,0.0,,,,3,
BitBake,202006,,,,,1,
Pawn,202305,3.5,0.0,0.0,0.8609640474436812,2,1.0
Limbo,202004,,,,,1,
Haxe,201908,,,,,1,1.0
Stata,202005,3.0,,0.0,0.9182958340544894,1,
ActionScript,202104,2.0,,0.0,1.0,1,0.16666666666666669
Cuda,201910,0.5,,0.0,0.0,3,
Cirru,201904,0.0,,,,1,
Elm,202412,0.0,,,,1,
Smarty,201911,0.5,,0.0,0.0,2,0.0
Roff,201812,0.0,,,,1,
Scilab,201804,0.0,,,,1,
WGSL,202402,0.0,1.0,,,1,
Cypher,202108,0.0,,,,1,
PureScript,202001,1.0,,0.0,0.9999999999999998,2,
Erlang,202401,0.25,1.0,,0.9182958340544894,4,0.0
Monkey C,202502,0.5,1.0,,0.0,1,
Nim,202208,2.310344827586207,0.20689655172413793,0.2222222222222222,0.479433622952137,4,0.0
Mermaid,202402,0.15,1.0,0.0,0.0,1,0.14285714285714288
DTrace,202010,0.0,,,,1,
RAML,202112,0.0,,,,1,
reStructuredText,202303,0.0,,,,1,
Stata,201912,0.0,,,,2,
PLSQL,201907,0.0,,,,1,
Apex,201805,0.6666666666666667,0.5,0.0,0.0,2,0.5
POV-Ray SDL,202302,2.0,,0.0,0.920619835714305,1,0.5
EmberScript,202112,5.333333333333333,0.5,0.0,0.8605934330165173,1,1.0
M4,202007,0.0,,,,1,
YAML,202207,0.0,,,,2,
Just,202011,0.0,,,,1,
mdsvex,202211,0.4,,0.0,1.0,1,1.0
IDL,202401,0.4,,0.0,0.0,1,
SQF,202202,0.0,1.0,,,1,
Nix,201902,0.14285714285714285,0.0,0.0,0.0,2,
Just,202506,0.0,1.0,,,1,
Gleam,202408,1.0,0.5,0.0,0.933816945485606,1,0.5
Twig,201902,0.0,1.0,,,1,0.0
POV-Ray SDL,202012,1.8571428571428572,,0.0,0.6485456026480259,1,1.0
M4,201911,0.0,,,,1,
ASP.NET,202304,0.3333333333333333,0.0,0.0,1.0,1,1.0
ReScript,202312,0.0,,,,1,
Fortran,201812,0.0,,,,1,
EmberScript,201807,1.1428571428571428,0.6666666666666666,0.0,0.6695919455357792,1,0.0
ReScript,202401,0.0,,,,2,
Mustache,202410,0.0,,,,1,
Rich Text Format,202201,0.0,,,,2,
CUE,202004,0.0,1.0,,,1,0.0
mdsvex,202304,0.08333333333333333,1.0,0.0,1.0,1,
Raku,201806,0.0,,,,1,
ZAP,202109,0.4305555555555556,0.8888888888888888,0.0,0.8330509283833686,1,1.0
Fennel,202002,0.47619047619047616,1.0,0.0,0.7854752972273344,1,1.0
Fennel,202208,0.25,,0.0,0.0,2,1.0
Batchfile,201809,0.0,,,,1,
Nim,201806,0.05405405405405406,,,0.0,1,0.5
Gherkin,202011,2.25,0.2222222222222222,0.2,0.7456910252258871,1,1.0
ZenScript,202504,0.014835164835164835,1.0,0.0,0.0,2,
Gherkin,201906,1.9727272727272727,0.47761194029850745,0.07142857142857142,0.40647469940573316,1,1.0
Open Policy Agent,202406,0.0,1.0,,,1,0.0
G-code,202108,0.0,,,,2,
Sass,202208,0.0,,,,2,
reStructuredText,202407,0.0,,,,1,
1C Enterprise,202501,,,,,1,
Pawn,202101,0.0,,,,2,
Modelica,202303,,,,,1,
CoffeeScript,202311,0.0,1.0,,,3,
Ada,202501,,,,,1,
PLpgSQL,202506,1.5,,0.0,0.9182958340544894,3,
Limbo,202008,,,,,1,
D,202008,,,,,1,
Stata,201908,,,,,1,
VHDL,202108,,,,,1,
Puppet,202411,,,,,1,
Odin,202501,1.0,0.0,0.0,0.0,1,
Perl 6,202303,,,,,1,
Haxe,202310,1.0,,,0.0,1,
Cuda,202409,,,,,1,
Bikeshed,202303,13.5,0.5,0.0,0.8453494613751942,2,1.0
PLpgSQL,202304,0.0,1.0,,,2,
Stata,202007,0.0,0.0,,,1,1.0
ShaderLab,201906,0.0,,,,2,
Pawn,202107,0.0,0.0,,,1,0.0
Scheme,202306,,,,,1,
SystemVerilog,202001,,,,,1,
POV-Ray SDL,202210,1.0,,0.0,0.0,1,0.0
LLVM,202208,5.0,,0.0,0.8649735207179272,1,1.0
Markdown,201902,0.0,,,,1,
AMPL,202210,0.0,,,,1,
ASP.NET,201805,0.0,,,,1,
ASP,201911,0.5,,0.0,0.0,1,1.0
q,202004,0.0,,,,1,
Coq,202312,0.0,,,,1,
Monkey C,202412,0.0,,,,1,
EmberScript,202312,0.0,,,,1,
Blade,201812,0.0,,,,2,
QML,202301,0.0,,,,2,
AMPL,202002,0.0,,,,1,
LabVIEW,201805,1.0,0.0,0.0,0.9182958340544894,1,
Handlebars,201801,0.0,,,,1,
YAML,202302,0.0,,,,2,
UnrealScript,202207,0.0,,,,1,
Scilab,202006,0.0,,,,1,
DIGITAL Command Language,202209,0.0,,,,1,
Mustache,201910,0.0,,,,1,
Clean,201809,0.0,,,,1,
Mustache,202208,0.0,1.0,,,2,0.0
Sass,202203,0.0,,,,1,
Handlebars,202009,0.0,,,,2,
SWIG,202008,0.0,,,,1,
Tree-sitter Query,202410,2.125,0.42857142857142855,0.0,0.9337592912531703,1,0.6666666666666667
Go Template,202211,0.0,1.0,,,3,
Fluent,202408,0.0,1.0,,,1,
Bikeshed,202004,4.722222222222222,0.4444444444444444,0.16666666666666666,0.561756127740651,1,1.0
ZAP,202504,5.714285714285714,0.26666666666666666,0.23529411764705882,0.7293290528025831,1,
Nextflow,201801,0.0,1.0,,,1,0.0
Nextflow,202302,0.0,,,,1,
Nix,201804,0.0,,,,1,
Game Maker Language,202503,0.0,,,,1,
ZAP,202408,3.6,0.6666666666666666,0.0,0.7533588122436424,1,0.0
Twig,202501,0.0,1.0,,,3,
Liquid,202010,2.6666666666666665,0.5555555555555556,0.0,0.7619083568140258,1,1.0
WebAssembly,201805,0.0,,,,1,
BASIC,202002,0.0,,,,1,
MDX,201801,2.0199335548172757,0.7,0.022099447513812154,0.8700902932296726,1,0.6822429906542056
reStructuredText,202307,0.0,,,,1,
CoffeeScript,202303,0.0,,,,3,
Crystal,201907,,,,,1,
VBScript,202408,,,,,2,
BitBake,202506,0.0,1.0,,,2,
ActionScript,202204,,,,,1,
ActionScript,202109,,,,,1,
Crystal,201811,0.0,0.0,,,1,0.0
Squirrel,202407,,,,,1,
Vala,202105,,,,,2,0.0
Erlang,201805,0.8333333333333334,,,0.0,2,
KiCad Layout,202101,,,,,1,
AGS Script,201804,,,,,1,0.0
SystemVerilog,201805,,,,,1,
q,202111,,,,,1,
SystemVerilog,202101,,,,0.0,1,
KiCad Layout,202411,,,,,1,
q,202303,,,,,1,
Ren'Py,202504,,,,,1,
LabVIEW,202308,,,,,1,
PLpgSQL,202106,,,,,1,
Smali,202503,6.0,,0.0,0.9182958340544894,1,
GAP,201801,4.0,,0.0,1.0,1,1.0
SQL,202409,,,,,1,
Smali,202306,1.0,,0.0,0.0,1,
BitBake,201904,2.0,,0.0,1.0,1,0.0
Less,201803,14.0,,0.0,0.9766874637103278,1,0.25
Fortran,201806,0.0,1.0,,,2,0.0
Racket,201812,0.0,1.0,,,2,
Batchfile,201802,0.0,,,,1,
Odin,202310,0.0,1.0,,,1,0.0
TSQL,202309,0.0,1.0,,,2,
DIGITAL Command Language,202205,0.0,,,,1,
Cuda,201801,0.0,,,,1,
MoonScript,202304,0.3333333333333333,,0.0,0.0,1,
Clojure,202003,0.375,1.0,0.0,0.7642045065086203,4,1.0
Nushell,202404,0.0,,,,2,
ColdFusion,201901,0.18181818181818182,,0.0,0.0,1,
Jsonnet,202106,0.0,,,,1,
FreeMarker,202003,0.0,,,,1,
EmberScript,201806,0.5,1.0,,1.0,1,0.3333333333333333
LLVM,202209,0.15555555555555556,1.0,0.0,0.9165164431996023,3,
CAP CDS,202404,0.0,,,,1,
reStructuredText,202412,0.0,,,,1,
Forth,202412,0.0,,,,1,
RMarkdown,202307,0.0,,,,1,0.0
D,202106,0.9451659451659452,0.75,0.25,0.9552366975827075,2,1.0
POV-Ray SDL,201907,0.3333333333333333,0.0,0.0,0.8322488896002307,1,1.0
Mermaid,202306,0.07692307692307693,1.0,0.0,0.0,1,0.0
ABAP,202105,0.0,,,,1,
ZAP,202006,0.0,1.0,,,1,
AMPL,201912,0.0,1.0,,,1,
AL,202206,0.8888888888888888,0.25,0.0,0.875,1,0.5
Nextflow,202008,0.0,,,,1,
DIGITAL Command Language,202210,0.0,,,,1,
Liquid,202008,2.5,1.0,0.25,0.8081830395091231,1,1.0
Smali,202410,0.07692307692307693,,0.0,0.0,1,1.0
Agda,202307,0.0,,,,1,
Squirrel,202106,0.0,,,,1,
Sass,202201,0.0,1.0,,,1,
SWIG,201906,0.0,,,,1,
Tree-sitter Query,202305,2.25,0.3333333333333333,0.0,0.7540616499951506,1,1.0
Game Maker Language,202412,0.011111111111111112,,0.0,0.0,2,
Smali,202403,1.2352941176470589,,0.0,0.8342820655073296,1,1.0
Puppet,201908,0.0,1.0,,,2,
ZenScript,202410,0.05263157894736842,,0.0,1.0,1,
Ballerina,201912,0.0,,,,1,
SWIG,202001,0.0,,,,1,
GDScript,201806,0.4915254237288136,0.5,0.0,0.8046284387954311,1,1.0
Mermaid,202307,0.017543859649122806,0.5,0.0,0.0,1,0.0
ShaderLab,201807,0.0,,,,1,
Gherkin,201804,0.17073170731707318,0.8181818181818182,0.25,0.8889516976000675,1,0.3333333333333333
Crystal,202406,0.0,,,,1,
Mustache,202404,0.008620689655172414,1.0,0.0,0.0,1,0.0
IDL,202503,0.0,1.0,,,1,
Svelte,201909,0.4893854748603351,0.15625,0.3333333333333333,0.7743435661786184,4,0.5
Pawn,202408,4.0,,0.0,0.0,2,
Limbo,201904,,,,,1,
ActionScript,202407,,,,,1,
1C Enterprise,202206,,,,,1,
GAP,202007,,,,,1,
ActionScript,202304,,,,,1,
1C Enterprise,202401,,,,,2,
Puppet,201909,,,,,1,
AngelScript,202305,,,,,1,
AGS Script,201807,,,,,1,
Elm,202107,,,,,1,0.0
SystemVerilog,201909,,,,,1,
q,201807,,,,,1,
Modelica,201903,3.0,0.0,0.0,0.9182958340544894,1,1.0
VBScript,201905,3.0,,0.0,0.9999999999999998,2,
Stata,201907,,,,,1,
PostScript,202501,0.6666666666666666,1.0,0.0,0.946394630357186,2,
VBScript,201806,3.0,,0.0,0.9182958340544894,1,0.0
VHDL,202109,,,,,1,0.0
mcfunction,202409,9.0,,0.0,0.0,1,1.0
PLpgSQL,202111,3.0,,0.0,0.9182958340544894,1,0.0
Metal,202408,,,,,1,
M4,202407,0.0,,,,1,
ReScript,202008,0.0,,,,1,
AngelScript,202506,0.0,,,,1,
Stylus,201807,0.0,,,,1,
Cuda,201804,0.0,,,,1,
BitBake,202310,0.0,,,,1,
LiveScript,202002,0.0,,,,1,
Mermaid,202407,0.06666666666666667,1.0,,0.0,1,0.0
Apex,202403,0.0,,,,1,
Cuda,202208,0.0,,,,1,
Stylus,201903,0.0,,,,1,
Mathematica,202506,0.0,,,,1,
GAP,202210,0.6666666666666666,1.0,0.0,0.0,1,
Squirrel,201907,0.0,,,,1,
ASP.NET,201905,0.5,0.5,0.0,1.0,1,0.0
LiveScript,202104,0.0,,,,1,
Starlark,202304,0.0,,,,1,
Rich Text Format,202006,1.1666666666666667,,0.0,0.5916727785823274,1,
VBA,202501,0.0,,,,1,
Metal,202411,0.0,,,,1,
F#,202502,2.7777777777777777,0.0,0.0,0.612423996517804,2,
Forth,202106,0.0,,,,1,
Batchfile,201808,0.25,0.0,0.0,0.7219280948873623,2,
Sass,201901,0.0,1.0,,,1,
ZAP,202407,4.0476190476190474,0.5416666666666666,0.125,0.7227893887747181,1,0.6666666666666667
Liquid,202105,1.5357142857142858,0.42857142857142855,0.0,0.9195375909460143,1,1.0
Gherkin,202107,1.3181818181818181,0.0,0.2857142857142857,0.6195365929972726,1,
RAML,202005,0.24242424242424243,1.0,0.0,0.954434002924965,1,
SAS,201910,0.0,,,,1,
Crystal,202502,0.0,,,,3,
POV-Ray SDL,201909,0.014388489208633094,,0.0,0.0,1,1.0
Tree-sitter Query,202408,0.8941605839416058,0.35,0.1875,0.5978601981495563,1,0.75
JSON,201909,0.0,1.0,,,1,
Visual Basic,201901,,,,,1,
Modula-2,202406,,,,,1,
ASP,202203,,,,,1,
PureScript,202211,0.0,1.0,,,1,0.0
Roff,202303,,,,,1,
RAML,202205,1.0,,0.0,0.0,1,
ABAP,202009,,,,,1,
Typst,202301,0.0,,,,2,
Objective-C++,201904,,,,,1,
Bikeshed,201909,1.0,,,0.0,1,1.0
Modula-2,201909,,,,,1,
CUE,202105,,,,,1,
MoonScript,202111,,,,,1,
CUE,202503,,,,,1,
CUE,202203,,,,,1,
Apex,202004,2.75,0.8,0.0,0.9446232142545792,2,1.0
q,202005,,,,,1,
Edge,202401,,,,,1,1.0
Haxe,202302,2.0,,0.0,0.946394630357186,3,
Smalltalk,201806,0.0,1.0,,,2,
Cuda,201802,0.0,,,,1,
LiveScript,201806,0.0,,,,1,
RAML,202105,0.0,,,,1,
NSIS,201809,1.0,,,0.0,1,
Crystal,202410,0.125,0.0,0.0,0.0,2,
LilyPond,202411,0.0,,,,1,
Squirrel,202301,0.0,,,,1,
Puppet,202005,6.5,1.0,0.0,0.9074994274322401,1,
BitBake,201807,11.333333333333334,1.0,0.0,0.8857191363807158,1,1.0
SQF,202410,0.21428571428571427,0.0,0.0,0.0,2,
Mathematica,201908,0.0,,,,1,
Racket,201810,0.0,1.0,,,2,0.0
Coq,202007,0.0,,,,1,
Handlebars,202505,0.0,,,,1,
CartoCSS,201911,0.0,,,,1,
q,202310,0.0,,,,1,
YAML,202502,0.0,,,,1,
Fennel,202203,1.7125,0.0,0.0,0.6729534300376594,2,1.0
CAP CDS,202406,0.0,,,,1,
Ballerina,202007,0.0,,,,1,
Typst,202401,0.0,,,,2,
TSQL,202502,0.0,1.0,,,2,
Slim,202101,0.0,,,,1,
Monkey C,201906,0.0,,,,1,
Open Policy Agent,202504,0.0,,,,1,
Nasal,202202,0.0,,,,1,
Rich Text Format,202304,0.0,1.0,,,1,
Liquid,202207,1.6794258373205744,0.4,0.0,0.9829887770407779,2,0.5
templ,202408,0.07692307692307693,0.0,0.0,0.0,1,1.0
eC,201812,0.0,,,,1,
Apex,202204,0.0,1.0,,,1,
ZAP,202303,8.5625,0.5384615384615384,0.0,0.6333382941257815,1,1.0
Game Maker Language,201812,0.0,1.0,,,1,
ZAP,202202,0.5616438356164384,0.6363636363636364,0.3333333333333333,0.8587865603325974,1,
AMPL,201904,0.0,,,,1,
Bikeshed,202001,7.714285714285714,0.3,0.13114754098360656,0.6611582086254972,1,0.9473684210526315
PLSQL,201804,0.038461538461538464,1.0,,0.0,1,0.0
Roff,201802,0.15384615384615385,0.8,0.0,0.777722032070135,3,0.25
CUE,202005,0.03333333333333333,1.0,,0.0,1,0.0
GDScript,202002,0.05421686746987952,0.8461538461538461,0.0,0.965633607142825,2,
Nunjucks,202003,0.0,,,,2,
Cypher,202206,0.0,,,,1,
FreeMarker,202303,0.0,,,,2,
Handlebars,202310,,,,,1,
Smalltalk,202303,,,,,1,
q,202406,,,,,1,
Yacc,202405,,,,,1,
MoonScript,202107,,,,,1,
VBScript,202312,,,,,1,
mcfunction,202204,,,,,1,
Processing,202502,,,,,3,
PureScript,202010,,,,,1,
Apex,202003,0.0,,,,2,
KiCad Layout,201910,,,,,1,
AL,202407,,,,,1,
Pawn,202306,1.0,1.0,0.0,1.0,2,
QML,202304,2.0,,0.0,1.0,1,0.0
Twig,202010,0.5,,0.0,0.0,2,
WebAssembly,202409,3.0,,0.0,0.9182958340544894,1,
Edge,202304,1.0,,0.0,0.0,1,0.0
Less,201812,2.0,1.0,,1.0,1,0.25
Less,201811,7.0,,0.0,0.8322488896002307,1,1.0
Squirrel,202502,0.0,,,,1,
Forth,202012,0.0,,,,2,
Processing,202208,0.0,,,,2,
WebAssembly,202404,0.5,,0.0,0.0,1,
Starlark,202310,0.0,0.0,,,1,1.0
Gnuplot,202106,0.5,,0.0,0.0,1,
Racket,202010,1.0,,0.0,1.0,1,
Gleam,202402,0.0,,,,2,
NSIS,202210,1.3333333333333333,,0.0,0.0,1,
FreeMarker,202201,0.0,1.0,,,1,
Processing,202108,0.0,,,,2,
eC,201909,0.0,,,,1,
HLSL,202206,0.0,,,,1,
CartoCSS,201912,0.0,,,,1,
Typst,202506,0.5,,0.0,0.0,2,
Puppet,202009,2.75,1.0,0.0,0.9487695103589051,1,
CAP CDS,202407,0.0,,,,1,
Clean,201810,1.4,,0.0,0.8699155297736259,1,1.0
ZenScript,201911,0.0,,,,1,
PureBasic,202201,0.0,1.0,,,1,0.0
CartoCSS,201908,0.0,,,,1,
AMPL,201808,0.0,,,,1,
PLpgSQL,201804,0.15789473684210525,,0.0,0.9591479170272448,2,1.0
POV-Ray SDL,202411,0.0,,,,1,0.0
D,202208,0.0273972602739726,1.0,0.0,1.0,2,1.0
D,202003,0.0,1.0,,,1,
Crystal,202408,0.0,,,,1,
CartoCSS,202301,0.0,,,,1,
POV-Ray SDL,202004,0.16,1.0,0.0,0.8112781244591328,1,0.4
IDL,202309,0.0,,,,1,
eC,201912,0.0,,,,1,
LilyPond,202401,0.0,,,,1,
Pug,201907,0.0,,,,2,
Forth,202404,0.0,,,,1,
Fennel,201901,0.32432432432432434,0.16666666666666666,0.0,0.6826061944859853,1,0.6
Inform 7,202205,0.0,,,,1,
Nextflow,202111,0.0,,,,1,
JSON,202412,0.001488095238095238,0.6666666666666666,0.0,0.0,3,
PureScript,202307,0.0,,,,1,
Hack,202108,0.0,,,,1,
Tcl,202102,0.0,,,,2,
Modelica,201805,,,,,1,
Visual Basic,202009,,,,,1,
SystemVerilog,202210,,,,,2,
VBScript,202301,,,,,2,
Standard ML,202405,,,,,1,
Visual Basic,202304,,,,,1,
OpenSCAD,202207,,,,,1,
Limbo,202409,,,,,1,
Bicep,202001,,,,,1,
Cuda,202503,,,,,1,
NSIS,202309,,,,,1,
ActionScript,202406,0.0,1.0,,,1,
Puppet,202003,2.0,0.0,0.0,1.0,1,1.0
Cypher,202103,2.0,,0.0,0.0,1,
Logos,202010,1.0,,0.0,0.0,1,1.0
Processing,202105,0.0,,,,2,
Forth,202505,0.0,,,,1,
Typst,201907,0.0,,,,1,
UnrealScript,202109,0.0,,,,1,
KakouneScript,202108,0.5,,0.0,0.0,1,
1C Enterprise,202212,0.0,,,,1,
DTrace,202308,0.0,1.0,,,1,0.0
Zig,202107,0.0,,,,1,
PLpgSQL,202005,19.0,,0.18181818181818182,0.8112878368960276,2,
QML,202206,0.0,1.0,,,1,
Tcl,202307,0.75,,,0.0,1,
DTrace,202202,0.0,,,,1,
Squirrel,202406,0.0,,,,1,
Starlark,202402,1.6666666666666667,0.0,0.0,0.7219280948873623,1,1.0
Papyrus,202107,0.0,1.0,,,1,0.0
UnrealScript,202108,0.0,,,,1,
Forth,202006,0.0,,,,1,
FreeMarker,202210,1.5,0.0,0.0,0.920619835714305,1,
GDB,202008,0.0,,,,1,
Crystal,201805,0.0,,,,1,
Monkey C,201908,0.0,,,,1,
ReScript,202304,0.0,,,,1,
PureBasic,202401,0.0,,,,1,
FreeMarker,202006,0.0,,,,1,
EmberScript,201812,0.45454545454545453,1.0,0.0,0.8649735207179272,1,
POV-Ray SDL,202206,0.625,,0.0,0.9609640474436812,1,0.33333333333333337
ZAP,202105,0.07865168539325842,1.0,0.0,0.7551630862513187,1,0.6666666666666667
Scilab,202003,0.0,,,,1,
Tcl,201806,0.0,,,,1,
Nunjucks,201910,0.0,,,,1,
Bicep,201907,0.0,1.0,,,1,0.0
Component Pascal,202411,0.0,,,,1,
POV-Ray SDL,202309,0.375,,0.0,0.9182958340544894,1,1.0
Motoko,202411,0.0,,,,1,
Squirrel,202002,0.0,,,,1,
ZAP,202011,0.006711409395973154,0.9473684210526315,0.0,0.0,1,0.0
Perl 6,201909,0.0,1.0,,,1,0.0
ZenScript,202310,0.01639344262295082,1.0,,0.0,1,0.0
GSC,202501,0.0,1.0,,,2,
Gherkin,201803,0.9285714285714286,0.6363636363636364,0.0,0.8345901684333654,1,1.0
SWIG,201909,0.0,,,,1,
Component Pascal,202407,0.0,,,,1,
Gherkin,202202,0.4260700389105058,0.2692307692307692,0.10526315789473684,0.580834242530217,2,
ZenScript,202004,0.5652173913043478,0.7142857142857143,0.017857142857142856,0.6756905467626265,1,0.7894736842105264
Odin,202410,0.0,,,,1,
Objective-C++,201806,,,,,1,
Sass,202311,,,,,1,
Visual Basic,202008,,,,,1,
PureScript,202209,,,,,1,
Cypher,202202,0.0,,,,1,
Handlebars,202407,,,,,1,
Objective-C++,202306,,,,,1,
ASL,202411,1.0,,0.0,0.0,1,
Rich Text Format,201905,,,,,1,
AGS Script,202311,,,,,1,
FreeMarker,202402,,,,,1,
F#,201807,0.0,,,,2,
FreeMarker,202203,,,,,1,
Tcl,202101,0.0,1.0,,,1,
WebAssembly,202309,1.0,,0.0,0.0,1,
Limbo,202104,,,,,1,
F#,202405,0.0,,,,2,
ShaderLab,202004,1.0,,0.0,0.0,2,1.0
POV-Ray SDL,202504,1.0,,0.0,0.0,1,
AutoHotkey,202503,,,,,2,
Tcl,201809,0.0,,,,1,
RAML,201909,0.0,,,,1,
ASP.NET,201904,0.0,,,,1,
ColdFusion,202003,0.0,,,,2,
SourcePawn,202307,0.5,0.0,0.0,0.0,1,
q,202306,0.0,,,,1,
Forth,202409,0.0,,,,1,
CartoCSS,201810,0.0,,,,1,
RMarkdown,202203,0.0,,,,1,
Standard ML,201903,0.0,,,,1,
YAML,202408,0.0,,,,1,
Gherkin,202305,0.3702064896755162,0.5476190476190477,0.0,0.4792816862013469,2,
LiveScript,201809,0.0,1.0,,,1,0.0
Typst,202012,0.0,1.0,,,2,0.0
Crystal,201810,1.5,0.75,0.0,0.6500224216483541,2,0.0
YAML,202503,0.0,,,,1,
Coq,201904,0.0,,,,1,
Haxe,202206,3.0,0.0,0.0,0.8465362190524482,1,
Bikeshed,201912,1.1666666666666667,,0.0,0.9211854965885543,1,
MoonScript,202010,0.0,,,,1,
SQLPL,201812,0.2857142857142857,1.0,,0.0,1,
Game Maker Language,201811,0.0,1.0,,,1,
Bicep,202309,0.1111111111111111,0.0,0.0,0.0,1,
Less,201912,1.5,,0.0,0.9999999999999998,2,0.6666666666666667
LLVM,201906,0.0,,,,1,
POV-Ray SDL,202010,2.090909090909091,,0.0,0.9986359641585719,1,1.0
Squirrel,202012,0.0,,,,1,
Tree-sitter Query,202108,3.0,0.5,0.0,0.8902149700119001,1,0.8888888888888888
Squirrel,202206,0.0,,,,1,
Gleam,202312,1.1052631578947367,0.16666666666666666,0.0,0.39800003287055136,2,0.5
Fennel,201809,2.4166666666666665,0.4,0.14285714285714285,0.8691991256305697,1,1.0
Answer Set Programming,202501,0.0,,,,1,
Apex,202407,0.0,,,,1,
DM,201802,0.0,,,,1,
GLSL,202301,0.1936842105263158,0.8333333333333334,0.3333333333333333,0.9359581647322113,3,
Visual Basic .NET,201811,0.0,1.0,,,1,
Game Maker Language,201805,0.0,1.0,,,1,
Tree-sitter Query,202505,1.5714285714285714,0.8,0.0,0.7792035280304364,1,
Cuda,202011,0.0,,,,1,
Bicep,202208,0.0625,0.0,0.0,0.0,1,1.0
Nix,201806,0.0,,,1.0,2,
Mathematica,202410,0.0,,,,2,
Gherkin,202105,2.763157894736842,0.25,0.0,0.5337201070048089,1,1.0
Motoko,202312,0.0,1.0,,,1,
Nextflow,201902,0.0,,,,1,
Motoko,202404,0.025,,0.0,1.0,1,
Motoko,202402,0.0,,,,1,
JSON,201904,0.05543237250554324,0.5294117647058824,0.0,0.8039952493307789,1,0.5
Hack,202006,0.0,,,,1,
Handlebars,202207,0.0,,,,2,
Visual Basic .NET,202202,0.0,,,,1,
Sass,202108,0.0,,,,1,
Vala,202011,,,,,2,0.0
Jsonnet,202201,,,,,1,
AutoIt,201903,,,,,1,
PLpgSQL,202205,,,,,1,
Reason,202402,,,,,1,
VHDL,202301,,,,,3,
Apex,202010,,,,,1,
Cuda,202202,,,,,1,
mcfunction,202306,,,,,1,
Typst,202101,0.0,0.0,,,1,
KiCad Layout,201808,1.0,,0.0,0.0,1,
AngelScript,202409,0.0,1.0,,,1,0.0
Smalltalk,202207,,,,,2,
AGS Script,201909,,,,,1,
ColdFusion,201902,,,,,1,
Stata,202405,,,,,2,
Twig,202309,0.0,,,,2,
CUE,202504,,,,,1,
AL,202412,,,,,1,
Bicep,202307,0.0,1.0,,,2,
Nim,202304,1.0446428571428572,0.43103448275862066,0.25,0.5382674354056745,2,
POV-Ray SDL,202303,3.0,,0.0,0.9182958340544894,1,0.3333333333333333
Processing,201906,5.0,,0.0,0.9602297178607612,2,
BitBake,201812,14.0,,0.0,0.7419158534223445,1,
Fennel,202306,0.875,0.3333333333333333,0.0,0.7248340915057598,2,0.5
SystemVerilog,202407,,,,,2,0.0
ASP.NET,202212,0.0,,,,2,
Just,201912,0.0,,,,1,
ReScript,202203,0.0,,,,1,
WDL,202010,0.0,,,,2,
Forth,202302,0.0,,,,1,
Sass,201905,0.0,,,,1,
Jai,202312,0.0,,,,1,
Odin,202403,0.0,1.0,,,1,
Gnuplot,201807,2.25,0.5,0.0,0.697523359360563,1,1.0
RAML,202008,0.0,,,,1,
Handlebars,201904,0.0,,,,1,
GAP,202503,0.0,,,,2,
M4,201808,0.0,,,,1,
Perl 6,201912,0.0,,,,1,
EmberScript,202010,0.3333333333333333,0.0,0.0,0.0,1,1.0
Stylus,202102,0.6666666666666666,,0.0,0.0,2,1.0
LLVM,202107,1.0,,0.0,0.9999999999999998,1,
QML,201807,0.8,,0.0,1.0,1,
Twig,201903,0.18181818181818182,0.0,0.0,0.0,1,1.0
ASP.NET,201908,0.0,,,,1,
Game Maker Language,201810,0.0,1.0,,,1,0.0
Bikeshed,202205,2.9333333333333336,0.5,0.0,0.4776163641606817,2,0.0
ReScript,202403,0.0,,,,1,
TSQL,202111,0.0,,,,1,
POV-Ray SDL,202409,0.0,,,,1,
Mustache,202010,0.03125,0.0,0.0,0.9602297178607612,2,
PureScript,202201,0.0,,,,3,
Agda,202403,0.0,,,,1,
SWIG,202010,0.0,,,,1,
Squirrel,202011,0.08333333333333333,,0.0,0.0,1,1.0
Handlebars,201906,0.0,,,,1,
SQLPL,201806,0.16666666666666666,1.0,0.0,0.0,1,
Crystal,202506,0.0,,,,1,
WDL,201903,0.027777777777777776,,,0.0,1,
SourcePawn,202301,1.125,0.5,0.0,0.3095434291503252,2,0.0
Nextflow,202305,0.0,,,,2,
ZenScript,202303,0.21951219512195122,1.0,0.0,0.9999999999999998,1,0.0
ZenScript,202311,0.03225806451612903,1.0,0.0,0.9999999999999998,1,0.0
WebAssembly,201910,0.0,,,,1,
Rich Text Format,202108,0.0,,,,1,
Elm,202212,0.0,,,,2,
Visual Basic,202111,,,,,1,
AngelScript,202207,,,,,1,
AutoHotkey,201908,,,,,1,
PureScript,202309,,,,,2,
q,202211,,,,,1,
mcfunction,202201,,,,,1,
Tcl,202309,,,,,1,
Crystal,201808,0.0,,,,2,
ABAP,202108,0.0,1.0,,,2,
CUE,202106,3.0,,0.0,0.9182958340544894,1,1.0
Cuda,202401,4.0,,0.0,0.8112781244591328,1,
SystemVerilog,202010,,,,,1,
Puppet,201902,3.0,,0.0,0.9999999999999998,1,
Reason,202107,4.0,0.0,0.0,1.0,1,1.0
Edge,202403,,,,,1,
Less,201804,13.0,,0.0,0.8845147656768563,1,0.0
ColdFusion,201809,0.0,,,,1,
CartoCSS,202304,0.0,,,,1,
QML,202010,0.0,,,,1,
NSIS,201909,0.0,,,,1,
Monkey C,202203,0.0,1.0,,,1,
Papyrus,202008,0.0,,,,1,0.0
EmberScript,202503,12.0,0.5,0.0,0.7385902247126402,1,
Lasso,201809,0.0,,,,1,0.0
Handlebars,202102,0.0,,,,1,
WGSL,202304,0.0,1.0,,,1,0.0
LookML,202012,0.0,,,,1,
Haxe,201801,0.3333333333333333,0.5,0.0,0.5,2,0.5
SQF,202309,0.25,,0.0,1.0,2,
ASP.NET,202007,0.0,,,,1,
SWIG,202103,0.0,,,,1,
M4,202311,0.0,,,,1,
F#,201806,0.0,,,,2,
EmberScript,202311,0.23076923076923078,,0.0,0.0,1,
ReScript,202308,0.0,,,,1,
QML,201902,0.631578947368421,,0.6666666666666666,0.8080141510844469,1,
Tree-sitter Query,202401,3.6666666666666665,0.25,0.0,0.9489643326360908,1,0.6666666666666666
ReScript,202201,0.0,,,,1,
Game Maker Language,202410,0.0,1.0,,,2,
Roff,202208,0.0,,,,2,
YARA,202104,0.05,,0.0,0.0,1,
Raku,201802,0.0,,,,1,
F#,202506,0.5,1.0,0.0,0.9182958340544894,2,
Forth,202310,0.0,,,,1,
Scilab,202009,0.0,,,,1,
Fennel,201812,0.8125,0.4,0.0,0.8004440413369467,1,
Gherkin,202006,1.5,0.5,0.0,0.5932869680602466,1,
MoonScript,202006,0.08571428571428572,,,0.0,1,
Open Policy Agent,202403,0.0056657223796034,0.0,0.0,1.0,1,1.0
Pug,202007,0.0,,,,1,
AngelScript,202009,,,,,1,0.0
Racket,201908,0.0,,,,2,
PostScript,202403,,,,,3,
AutoHotkey,202004,,,,,1,
OpenSCAD,202409,,,,,1,
Twig,202107,,,,,1,
ShaderLab,202109,,,,,2,
AGS Script,202408,12.0,,0.0,0.0,1,
PLpgSQL,202406,,,,,2,
Smalltalk,202502,,,,,1,
Rich Text Format,202009,0.0,,,,3,
VBScript,202311,1.0,,0.0,0.0,2,
GLSL,201904,,,,,1,
VBScript,202305,2.0,,,0.0,1,0.0
NSIS,202004,,,,,1,
QML,202305,,,,,1,
G-code,201904,,,,,1,
q,201804,,,,,1,
Visual Basic,202211,,,,,1,
BitBake,202101,1.0,,0.0,0.0,1,
Roff,202008,0.0,,,,2,
Racket,202304,5.0,,0.0,0.9602297178607612,1,1.0
mcfunction,202502,1.0,,0.0,0.0,1,
q,201901,,,,,1,
GAP,201910,0.25,1.0,,0.0,3,
Batchfile,201901,0.0,,,,1,
FreeMarker,202108,0.0,,,,1,
Common Workflow Language,201903,0.0,,,,1,
ASP.NET,202406,0.0,,,,1,
Modelica,201808,0.5,,0.0,0.0,1,
Edge,202302,0.5,1.0,0.0,0.0,1,1.0
reStructuredText,202404,0.0,,,,1,
CartoCSS,202209,0.0,,,,1,
GAP,202004,0.0,,,,1,
reStructuredText,202308,0.0,,,,1,
Mathematica,202412,0.0,,,,1,
Smarty,201805,0.5,,0.0,0.0,2,1.0
EmberScript,202302,3.142857142857143,0.0,0.0,0.8966543358007318,1,
Go Template,202203,0.0,1.0,,,2,0.0
Bicep,202305,0.0,1.0,,,1,
CartoCSS,202010,0.2222222222222222,,0.0,1.0,1,1.0
Bicep,202203,0.041666666666666664,1.0,0.0,0.0,1,
SQF,202409,0.058823529411764705,0.5,0.0,0.0,1,0.0
Go Template,202111,0.0,,,,1,
Squirrel,202205,0.0,,,,1,
Mathematica,202002,0.0,,,,1,
ZAP,202102,0.06493506493506493,1.0,0.0,0.7219280948873623,1,1.0
PLSQL,202412,0.0,,,,1,
MDX,201904,3.2319387755102036,0.8666666666666667,0.14285714285714285,0.7818213585339859,2,0.6363636363636362
Nextflow,202311,0.0,,,,2,
SQF,202010,0.32608695652173914,0.8461538461538461,1.0,0.9967916319816367,1,
GDScript,201804,0.01020408163265306,,,0.0,2,
Stata,201901,0.03508771929824561,,0.0,0.0,1,1.0
ZenScript,202207,2.430379746835443,0.5,0.0,0.620666297002802,1,0.8333333333333331
ZenScript,202010,0.24,0.5,0.0,0.7114702802445604,1,0.8571428571428571
JSON,201906,0.026168224299065422,0.7916666666666666,0.0,0.6908140210976049,1,1.0
Haxe,202211,0.6,0.8333333333333333,0.0,1.0,2,0.0
JSON,202107,0.043121149897330596,0.5909090909090909,0.0,0.8328496260257433,1,1.0
JSON,201911,0.0741901776384535,0.26865671641791045,0.0,0.41802055559736134,1,1.0
Raku,202301,0.0,,,,1,
Hack,202008,0.0,,,,1,
GDB,201804,,,,,1,
SystemVerilog,201802,,,,,1,
Sass,202402,,,,,1,
Nushell,202208,0.0,1.0,,,1,0.0
VBA,202302,,,,,1,
SQL,202506,,,,,1,
Pawn,202010,,,,,1,
AGS Script,201808,,,,,1,
Stylus,202111,,,,,1,
ShaderLab,201903,0.9090909090909091,1.0,0.0,0.8586727110732549,2,0.6666666666666666
VBScript,201807,1.0,,0.0,1.0,1,
OpenSCAD,202302,,,,,2,
WebAssembly,202212,0.0,1.0,,,1,
SystemVerilog,202102,,,,,1,
Standard ML,202208,,,,,1,
Processing,202501,,,,,2,
Ren'Py,202412,0.5,,0.0,0.0,2,1.0
AGS Script,202005,0.3333333333333333,1.0,,0.0,2,
ActionScript,201801,3.0,,0.0,0.9999999999999998,1,
PLpgSQL,202003,0.55,,0.0,0.0,2,
BitBake,202007,,,,,1,
Component Pascal,202504,0.0,,,,1,
Squirrel,202107,0.0,,,,1,
Pug,202409,0.0,,,,1,
Nunjucks,201906,0.0,,,,1,
ASP.NET,202405,0.0,,,,1,
LiveScript,201903,0.0,,,,1,
Cirru,202007,0.0,,,,1,
Gnuplot,201902,2.0,0.0,0.0,0.9182958340544894,1,
Modula-2,202006,0.0,,,,1,
ShaderLab,202002,0.0,,,,2,
ColdFusion,202401,0.0,,,,1,
Standard ML,201909,0.0,1.0,,,1,0.0
Bikeshed,202504,0.0,1.0,,,2,
D,202403,9.333333333333334,0.6,0.0,0.8290685986878611,1,0.6666666666666667
Scilab,202007,0.0,,,,1,
UnrealScript,202010,0.0,,,,1,
Haxe,201808,0.0,1.0,,,2,
POV-Ray SDL,202211,0.25,,,0.0,1,0.0
Less,202307,0.16666666666666666,0.0,0.0,0.0,3,0.0
Slim,202203,0.0,,,,1,
POV-Ray SDL,202101,3.4,,0.0,0.8091970544181963,1,1.0
Monkey C,201907,0.0,,,,1,
eC,202201,0.0,,,,1,
AutoIt,201805,5.875,1.0,0.0,0.8039074987050916,1,1.0
GDScript,201909,2.5,1.0,0.4,0.7708036670144927,1,0.5
POV-Ray SDL,202502,0.0,,,,1,
Tree-sitter Query,202106,3.3333333333333335,0.3333333333333333,0.0,0.8597978329450727,1,1.0
Apex,202303,0.0,1.0,,,2,0.0
POV-Ray SDL,202009,1.4444444444444444,,0.0,0.9214632400757697,1,1.0
IDL,202402,0.0,,,,1,
M4,202404,0.0,,,,1,
Riot,202007,0.0,,,,1,
ASP,201907,0.0,,,,1,
Common Workflow Language,201904,0.0,,,,1,
ShaderLab,202009,0.16666666666666666,1.0,,0.0,3,
Inform 7,202208,0.0,,,,1,
G-code,201905,0.0,1.0,,,1,0.0
JSON,201905,0.0438871473354232,0.25,0.4,0.8932941324021465,1,
ZenScript,202101,0.5102040816326531,1.0,0.0,0.659541697193843,1,0.8749999999999999
Open Policy Agent,202306,0.0,,,,1,
FreeMarker,202012,0.0,,,,2,
Visual Basic,202006,0.0,,,,1,
Tcl,202106,0.0,,,,1,
q,202405,,,,,1,
Vala,202404,,,,,1,
WebAssembly,202302,1.0,,,0.0,1,
D,201907,7.0,0.0,0.0,0.0,2,0.5
VBScript,202310,,,,,1,
AutoIt,201912,,,,,1,
Visual Basic,202308,,,,,1,0.0
Rich Text Format,202310,,,,,1,
Objective-C++,201801,,,,,1,
Handlebars,201903,0.0,0.0,,,1,0.0
Verilog,201811,,,,,1,
ActionScript,201804,,,,,1,
q,202107,,,,,1,
WebAssembly,202310,8.0,,0.0,0.9528195311147832,1,
PostScript,202404,2.0,,0.0,1.0,3,1.0
Tree-sitter Query,202407,38.0,0.3333333333333333,0.0,0.8790399704801144,1,0.75
GSC,202410,0.0,,,,1,
Agda,202311,0.0,,,,1,
Tcl,201912,0.0,,,,1,
GLSL,202107,0.0,,,,1,
GLSL,202010,0.0,1.0,,,1,
Forth,201911,0.0,,,,1,
Forth,201812,3.0,,1.0,1.0,1,
Apex,202001,0.0,0.0,,,1,
CAP CDS,202409,0.0,,,,1,
RobotFramework,202408,0.0,,,,1,
Racket,201910,0.0,1.0,,,3,0.0
Papyrus,202202,0.0,,,,1,
Markdown,202011,0.0,,,,1,
Sage,202211,0.0,,,,1,
1C Enterprise,202309,0.0,,,,1,
Yacc,202411,0.0,,,,1,
WGSL,202312,0.0,1.0,,,1,
Monkey C,201904,0.0,,,,1,
UnrealScript,202209,0.0,,,,2,
EmberScript,202210,2.0,,0.0,0.875,1,1.0
ZenScript,202211,1.6,0.0,0.0,0.7743974703476992,1,0.0
Scilab,202202,0.0,,,,1,
Component Pascal,202205,0.0,,,,1,
VBA,202001,0.0,,,,1,
FreeMarker,201911,0.0,1.0,,,1,
Smarty,202207,0.0,,,,3,
Nunjucks,202410,0.35769230769230764,1.0,0.0,0.4999999999999999,2,0.0
POV-Ray SDL,202202,0.5333333333333333,,0.0,1.0,1,1.0
ZAP,202503,6.090909090909091,0.23076923076923078,0.1111111111111111,0.7700349839026602,1,
Mustache,202303,0.3333333333333333,1.0,,0.0,5,0.0
Typst,202502,2.3529411764705883,0.0,0.0,0.6278979984006927,1,
Squirrel,201912,0.0,,,,1,
Nextflow,202001,0.0,,,,1,
SWIG,202101,0.0,,,,1,
Nim,202010,0.0,,,,4,
YAML,202505,0.0,,,,1,
ANTLR,202305,0.0,,,,1,
Inform 7,202309,0.0,,,,1,
Nix,201905,0.9,0.3333333333333333,0.25,0.6164812474123965,2,1.0
JSON,202502,0.0,,,,3,
Gherkin,202502,0.4260869565217391,0.0,0.18181818181818182,0.7401369771190789,1,
Liquid,202101,0.7887323943661971,0.4444444444444444,0.26666666666666666,0.7240658575993277,1,1.0
TSQL,202403,0.0,1.0,,,2,
JSON,201907,0.029940119760479042,0.8571428571428571,0.0,0.735719021475792,1,
G-code,202211,0.0,,,,1,
Scilab,202212,0.0,,,,1,
Handlebars,202304,0.0,,,,1,
Hack,202211,0.0,,,,2,
Visual Basic,202207,0.0,,,,1,
FreeMarker,202202,0.0,,,,1,
Reason,202304,,,,,1,
UnrealScript,202309,,,,,2,0.0
NSIS,202012,,,,,1,
GAP,202302,,,,,1,
NSIS,201805,1.0,,,0.0,1,
Puppet,202107,,,,,1,
YARA,202403,,,,,1,
QML,202212,1.0,,0.0,0.0,1,
Processing,202205,,,,,2,
GLSL,202201,,,,,1,
Erlang,202208,,,,,2,
Raku,202406,0.0,1.0,,,1,0.0
Cuda,201811,4.0,,0.0,0.8112781244591328,1,
Racket,202401,,,,,1,
Raku,202305,,,,,1,
VHDL,202308,,,,,1,
BitBake,202102,,,,,1,
Roff,202003,,,,,2,
SystemVerilog,202006,,,,,1,
Haxe,202106,1.0,,0.0,0.9999999999999998,2,0.0
Standard ML,201908,0.0,,,,1,
RAML,202306,0.0,,,,1,
LLVM,202010,0.75,,0.0,0.9999999999999998,1,
Logos,202112,1.0,1.0,0.0,0.9999999999999998,1,0.33333333333333337
BitBake,201805,10.666666666666666,1.0,0.0,0.9164118389485342,1,0.8
Vala,201804,0.0,,,,1,
DIGITAL Command Language,202206,0.0,,,,1,
reStructuredText,202401,0.0,,,,1,
mdsvex,202308,0.2,,0.0,0.0,1,
Monkey C,202302,0.0,1.0,,,1,0.0
Bikeshed,201810,0.0,,,,1,
Haxe,202111,1.1454545454545455,,0.2,0.6387868484876781,1,
EmberScript,202103,0.5,0.0,0.0,1.0,1,1.0
Stylus,202412,0.0,,,,1,
Coq,201902,0.0,,,,1,
Vala,201901,0.16666666666666666,1.0,0.0,0.9182958340544894,1,1.0
Coq,201908,0.0,,,,1,
IDL,202408,0.23529411764705882,0.0,0.0,0.0,1,
POV-Ray SDL,202002,0.8333333333333334,,0.0,0.7548887702035146,1,0.7142857142857143
PLpgSQL,201802,0.041666666666666664,,0.0,0.8112781244591328,2,
TSQL,202112,0.0,,,,2,
SQF,202007,0.2631578947368421,0.5,0.0,0.0,1,
PLSQL,202405,0.0,,,,1,
Lean,202407,0.49122807017543857,,0.0,0.8100423976258606,1,
Gherkin,202204,1.7962962962962963,0.15384615384615385,0.0,0.43085449983009316,2,
ActionScript,201811,0.16,0.9565217391304348,0.0,0.8112781244591328,1,0.33333333333333337
Liquid,202004,0.05405405405405406,1.0,0.0,0.8112781244591328,1,0.0
Nextflow,201904,0.0,,,,1,
GAP,202307,0.0,1.0,,,1,
D,202409,0.8301886792452831,0.5681818181818182,0.06451612903225806,0.6178037402798221,1,0.75
Modula-2,202409,,,,,1,
NSIS,202111,,,,,1,
GAP,202404,,,,,1,
Typst,202009,0.0,1.0,,,1,
VBA,202411,,,,,1,
Scheme,202502,0.0,,,,2,
Cuda,201803,,,,,1,
KRL,202106,,,,,1,
Logos,202502,1.0,,0.0,0.0,4,
VBScript,202307,,,,,2,
mcfunction,202101,0.0,,,,2,
Modula-2,201808,,,,,1,
VBScript,202103,,,,,1,
Standard ML,202009,,,,,1,
WDL,202308,,,,,1,
Objective-C++,202201,,,,,1,
Monkey C,202406,1.0,1.0,,0.0,1,
Edge,202405,,,,,1,
Scheme,202505,,,,,1,
Reason,201807,,,,,1,
Scheme,202201,0.0,,,,4,
SQF,202504,0.0,,,,1,
Forth,202503,0.0,,,,1,
G-code,201910,0.0,,,,1,
PLSQL,202109,0.0,,,,1,
Fennel,201810,2.0,0.3333333333333333,0.0,0.9591479170272448,1,1.0
CAP CDS,202501,0.0,,,,1,
Common Workflow Language,201910,0.0,,,,1,
ZAP,202005,0.08,0.0,0.0,0.0,1,1.0
Monkey C,202411,0.3333333333333333,1.0,0.0,0.0,1,
Tree-sitter Query,202411,6.5,0.5,0.0,0.90643150855566,1,0.4285714285714286
Scheme,202007,0.0,,,,3,
Visual Basic .NET,201902,0.0,,,,1,
BASIC,201809,0.0,,,,1,
CartoCSS,202101,0.0,,,,1,
Batchfile,201805,0.0,,,,1,
Sass,201807,0.0,,,,1,
EmberScript,202012,0.25,1.0,,0.0,1,
Logos,202007,0.0,,,,1,
Smali,202402,2.6,1.0,0.0,0.961236604722876,1,0.5
reStructuredText,201806,0.0,,,,1,
LookML,201909,0.0,,,,1,
Visual Basic .NET,201909,0.0,,,,1,
Gleam,202409,5.5,0.5,0.0,0.9940302114769566,2,0.0
ZAP,202412,0.4444444444444444,0.6666666666666666,0.0,0.946394630357186,1,
Mathematica,202310,0.0,,,,1,0.0
Game Maker Language,202506,0.0,,,,1,
ZenScript,202309,0.0,,,0.0,1,0.0
Monkey C,201812,0.0,1.0,,,1,
Game Maker Language,202212,0.0,,,,1,
Prolog,201803,0.0,,,,1,
SQLPL,201903,0.05,1.0,,0.0,1,0.0
Nix,201810,0.0,,,,1,
Handlebars,202312,0.0,1.0,,,1,
PureBasic,202402,0.0,,,,1,
Fluent,202403,0.0,,,,1,
eC,201904,0.0,,,,1,
EJS,201806,0.0,,,,2,
Gherkin,201901,1.4691358024691359,0.29411764705882354,0.3076923076923077,0.5690226644361733,1,
JSON,201901,0.009067357512953367,0.8571428571428571,0.0,0.8288713632524444,1,
G-code,202207,0.027777777777777776,0.0,0.0,0.0,2,1.0
PLpgSQL,202206,0.0,,,,1,
Rich Text Format,202105,0.0,,,,3,
Hack,202201,0.0,,,,1,
Racket,202011,,,,,1,
VHDL,201812,,,,,1,
VBA,202309,,,,,1,
NSIS,201804,,,,,1,0.0
GLSL,201811,,,,,1,
VBScript,202505,,,,,1,
Smalltalk,202312,,,,,1,
Visual Basic,201905,,,,,1,
Fennel,202504,0.5384615384615384,0.0,0.0,0.7248340915057598,2,
Handlebars,202104,0.0,,,,2,
Limbo,201905,,,,,1,
SystemVerilog,202311,,,,,1,
CMake,202009,0.25,,0.0,0.0,5,
ActionScript,202108,1.0,,0.0,0.0,1,
AngelScript,202003,0.0,,,,1,
AMPL,202008,0.0,,,,1,
Crystal,201906,0.0,,,,1,
Forth,202203,0.0,,,,1,
MoonScript,202302,0.6666666666666666,0.0,0.0,1.0,1,0.0
Gnuplot,202201,0.0,,,,1,
LLVM,202111,0.0,,,,2,
D,201903,0.0,,,,1,
Rich Text Format,202409,0.0,,,,1,
Scilab,202101,0.0,,,,1,
VBA,202207,0.0,,,,1,
BitBake,202412,0.3125,,0.0,0.8649735207179272,1,1.0
Agda,202308,0.0,,,,1,
mcfunction,202303,0.0,,,,1,
ASP.NET,201912,0.0,1.0,,,1,
Game Maker Language,202208,0.0,,,,1,
Forth,202202,0.0,,,,1,
WDL,201906,0.17647058823529413,,0.0,1.0,2,0.5
Puppet,202001,1.2857142857142858,0.6666666666666666,0.0,0.7725068857142601,1,1.0
Mustache,202006,0.125,0.3333333333333333,0.0,0.8649735207179272,1,
AMPL,201903,0.0,1.0,,,1,
CUE,202306,1.0,,0.0,0.0,1,
Fennel,202405,0.0,,,,2,
eC,202003,0.0,,,,1,
DIGITAL Command Language,202201,0.0,,,,1,
LabVIEW,202505,0.0,,,,1,
GDScript,201807,0.2,0.3333333333333333,0.0,0.9709505944546688,1,1.0
OpenSCAD,202505,0.0,,,,1,
Vala,201808,0.034482758620689655,,0.0,0.0,1,0.0
PLSQL,202411,0.0,,,,1,
Fennel,202005,1.1712328767123288,0.25925925925925924,0.2222222222222222,0.5786486669122057,1,1.0
JSON,202106,0.0611764705882353,0.29411764705882354,0.0,0.7543533561649698,1,0.5
G-code,202003,0.0,,,,1,
Mustache,202411,0.0,,,,1,
Just,202103,0.0,,,,1,
Sass,202103,0.0,,,,1,
q,202308,,,,,1,
Crystal,202007,,,,,1,
Cuda,202008,,,,,1,
Game Maker Language,202301,0.0,,,,2,
Modula-2,202306,,,,,1,
ASP,202003,,,,,1,
Prolog,202109,,,,,1,0.0
Puppet,201911,,,,,1,
Nasal,202404,,,,,1,
CoffeeScript,202308,,,,,1,
WebAssembly,202311,,,,,1,
ActionScript,201806,,,,,1,
Bikeshed,201903,,,,,1,
Limbo,201907,,,,,1,
Cuda,202009,,,,,1,
Smalltalk,202308,5.0,,0.0,0.8649735207179272,1,1.0
YARA,202405,,,,,1,
Typst,202006,0.0,1.0,,,1,0.0
GLSL,201903,,,,,1,
Twig,202009,0.0,,,,3,
Twig,202405,0.0,,,,1,
PLpgSQL,201908,2.333333333333333,,0.0,0.9821410328348751,3,
D,202401,0.5,0.8,,0.8112781244591328,2,
mdsvex,202212,0.0,,,,1,
M4,202411,0.0,,,,1,
RAML,202009,0.0,,,,1,
WebAssembly,202303,0.0,,,,1,
CartoCSS,202401,1.0,,0.0,1.0,1,1.0
AL,202201,0.5,1.0,0.0,0.0,1,1.0
GAP,201811,0.0,,,,1,
Roff,202405,0.0,1.0,,,2,
LilyPond,202308,0.0,1.0,,,1,
Puppet,201901,0.13333333333333333,,,0.0,1,1.0
QML,202406,0.0,,,,1,
Raku,202004,0.2,,0.0,0.0,1,
reStructuredText,202202,0.0,,,,1,
Lasso,201802,0.0,,,,1,
ZAP,202108,0.0,1.0,,,1,0.0
POV-Ray SDL,202106,2.25,,0.0,0.8232176699986968,1,1.0
CUE,202307,0.36363636363636365,1.0,0.0,0.0,1,0.5
POV-Ray SDL,202011,3.7,,0.0,0.8047359506436073,1,1.0
AL,202404,0.0,1.0,,,1,
ZAP,202107,0.047058823529411764,1.0,,0.0,1,0.0
PLpgSQL,201805,0.25,0.5,0.0,0.8173454221465101,2,1.0
ZAP,202411,8.2,0.125,0.2857142857142857,0.8614074620017376,1,0.0
Rich Text Format,202504,0.0,,,,2,
CUE,202111,0.9230769230769231,,0.0,0.754857573379366,1,1.0
Motoko,202410,0.0,,,,1,
Game Maker Language,202309,0.0,,,,1,
AngelScript,202004,0.0,1.0,,,1,0.0
PLpgSQL,201808,0.0,,,,2,
Puppet,201907,0.0,1.0,,,1,
Inform 7,202301,0.0,,,,1,
Fluent,202402,0.0,1.0,,,1,
Fennel,202108,1.31993006993007,0.25,0.0,0.7236058616512854,2,0.9090909090909091
Jsonnet,202506,0.02459016393442623,1.0,,0.0,1,
Gherkin,202406,0.9797297297297297,0.6666666666666666,0.25,0.6066618993272288,1,
JSON,201910,0.024752475247524754,0.4166666666666667,0.0,0.5900157193890014,1,1.0
Riot,202104,0.0,,,,1,
PureScript,202206,0.0,,,,2,
VBA,202101,0.0,,,,1,
Jai,202504,1.0,,0.0,0.0,1,
Modula-2,202004,,,,,1,
LabVIEW,201908,,,,,1,
QML,202307,,,,,1,0.0
Twig,202505,0.06451612903225806,,,0.0,2,
Bikeshed,202411,0.0,1.0,,,2,
Objective-C++,201903,,,,,1,0.0
eC,202302,,,,,1,
Edge,202411,,,,,1,
WebAssembly,202401,1.0,,0.0,0.0,1,
Modula-2,201906,,,,,1,
AutoHotkey,202501,,,,,1,
BitBake,202003,,,,,1,
Reason,201902,,,,,1,
Fennel,202505,,,,,2,
Bikeshed,202212,8.0,,0.6666666666666666,0.8194483718728035,1,
LilyPond,202005,0.0,,,,1,
Nunjucks,202305,0.3333333333333333,1.0,,0.0,1,
G-code,202205,0.0,,,,2,
Squirrel,201908,0.0,,,,1,
Smarty,202412,0.0,,,,1,
PLpgSQL,202311,0.0,1.0,,,1,
IDL,202501,0.16666666666666666,0.0,0.0,0.0,1,
AGS Script,202204,1.5,0.0,0.0,0.5119497866607532,1,
Coq,202108,0.0,1.0,,,1,
Jai,202301,0.0,,,,1,
Mustache,202305,0.0,1.0,,,1,
M4,202410,0.0,,,,1,
RMarkdown,202112,0.0,,,,1,
Erlang,202410,0.3333333333333333,0.0,0.0,1.0,1,
CUE,202102,1.1428571428571428,0.5,1.0,0.954434002924965,1,1.0
Fennel,202009,0.9,,0.0,0.8096568334164151,1,1.0
Tree-sitter Query,202306,4.4,0.4,0.0,0.7583901182577315,1,0.4
EmberScript,201907,3.9,0.375,0.0,0.8339534707000202,1,
Apex,202412,0.0,1.0,,,1,
Monkey C,202005,0.0,,,,1,
Ballerina,202011,0.0,,,,1,
mdsvex,202501,0.0,,,,1,
ReScript,202301,0.0,,,,2,
POV-Ray SDL,202005,0.011627906976744186,,0.0,0.9182958340544894,1,0.5
Squirrel,202001,0.0,,,,1,
Tree-sitter Query,202209,3.9,0.5882352941176471,0.2222222222222222,0.8511331974290944,1,0.5
Stata,201811,0.4,,0.0,0.8649735207179272,1,1.0
D,202012,0.010416666666666668,1.0,0.0,0.0,3,0.33333333333333337
Stata,201810,0.058823529411764705,,0.0,1.0,1,1.0
TSQL,202402,0.0,1.0,,,2,
Mathematica,202505,0.0,1.0,,,2,
Component Pascal,202305,0.0,,,,1,
Open Policy Agent,202405,0.0,,,,1,
Slim,202107,0.0,,,,1,
Stata,202506,,,,,1,
ColdFusion,202403,,,,,1,
GAP,202412,1.0,,,0.0,2,0.0
Twig,201912,,,,,1,
NSIS,201807,2.0,,0.0,0.0,1,1.0
VBScript,202303,,,,,1,
YARA,202402,,,,,1,
SystemVerilog,202302,,,,,1,
CUE,202202,4.0,,0.0,1.0,1,
q,202407,,,,,1,
Squirrel,202203,,,,,1,
WebAssembly,202112,3.0,,0.0,0.9182958340544894,1,
Bikeshed,201906,9.0,,0.0,0.7725068857142601,1,0.0
Limbo,202010,,,,,1,
BitBake,202008,1.0,,0.0,0.0,1,
Solidity,202002,0.75,0.5,0.2857142857142857,0.7054239374031817,2,
RAML,202106,8.0,,0.0,0.9056390622295664,1,1.0
MoonScript,202108,,,,,1,0.0
VBScript,201804,12.0,,0.0,0.9727652780181634,1,0.5
Fennel,202212,2.125,0.0,0.0,0.7503760113408291,2,1.0
reStructuredText,202310,0.0,,,,1,
LilyPond,202301,0.0,,,,1,
Edge,202303,1.25,0.0,0.0,0.8649735207179272,1,0.0
Visual Basic .NET,201805,0.0,,,,1,
LookML,201912,0.0,,,,1,
Cuda,201808,0.0,,,,1,
Roff,201911,0.6666666666666666,,0.0,1.0,1,1.0
WDL,202004,0.0,,,,1,
OpenSCAD,202004,0.08333333333333333,1.0,,0.0,2,0.0
Roff,201912,0.25,,0.0,0.0,2,
Haxe,201806,0.0,1.0,,,1,
Sass,202112,0.0,,,,1,
Hack,202003,0.0,1.0,,,1,
Tree-sitter Query,202406,6.5,0.3,0.0,0.8540367862700022,1,0.5
DTrace,202004,0.0,,,,1,
Jai,202310,0.0,,,,1,
ASP,201908,0.0,1.0,,,1,0.0
TSQL,202308,0.0,,,,1,
Cuda,201903,0.0,1.0,,,1,
Luau,202402,0.0,1.0,,,1,
ZAP,202310,6.352941176470588,0.38095238095238093,0.1875,0.8081246234988568,1,
Assembly,201806,0.0,,,,1,
G-code,202001,0.0,1.0,,,1,
Erlang,201804,1.0555555555555556,,0.0,0.5,2,1.0
Standard ML,202303,0.0,,,,1,
WebAssembly,201812,0.0,,,,1,
Nextflow,201804,0.0,,,0.0,1,
Markdown,202107,0.002347417840375587,,,0.0,3,
Gherkin,202309,0.5576923076923077,0.0,0.0,0.7171480439408928,1,0.0
Gherkin,201807,0.11253430924062215,0.7714285714285714,0.17777777777777778,0.8053237270640093,2,0.3333333333333333
reStructuredText,202504,0.0,,,,1,
FreeMarker,202212,0.0,,,,1,
ASL,202307,2.0,,,0.0,2,1.0
QuickBASIC,202502,1.0,,,0.0,1,
Apex,201908,,,,,2,
ASP,202103,,,,,1,
SAS,202012,,,,,1,
ASP,202410,,,,,1,
Puppet,202109,,,,,1,
KiCad Layout,202109,,,,,1,
YARA,202105,,,,,1,
Standard ML,202108,,,,,1,
Scheme,201803,0.04285714285714286,,0.0,1.0,2,1.0
PureScript,201910,1.0,1.0,0.0,0.0,1,
VBScript,202012,,,,,1,
SystemVerilog,201911,,,,,1,
SQL,202402,,,,,1,
AL,202408,,,,,1,
GLSL,201901,,,,,1,
Pawn,202112,0.5833333333333333,,0.0,0.0,2,1.0
Reason,201903,2.0,,0.0,1.0,1,1.0
PostScript,202002,0.0,,,,2,
Less,201810,3.0,0.0,0.0,0.9182958340544894,1,0.5
CAP CDS,202408,0.0,,,,1,
GAP,201803,0.0,,,,2,
BitBake,202307,0.0,,,,1,
ASL,201909,0.5,,0.0,0.0,1,1.0
AngelScript,202404,1.5,,0.0,0.9182958340544894,1,1.0
GAP,202001,0.0,,,,1,
YARA,202303,0.0,1.0,,,1,0.0
WebAssembly,202304,0.0,1.0,,,1,
PureScript,201801,1.5,0.0,0.0,0.9182958340544894,2,1.0
Typst,202402,0.0,,,,1,
Racket,202310,0.0,1.0,,,1,0.0
Gnuplot,201809,0.25,1.0,0.0,0.0,1,
AMPL,202006,0.0,,,,1,
Cuda,201907,0.5,1.0,0.0,0.0,2,1.0
PureScript,202503,0.5,,0.0,0.0,2,
Coq,202112,0.0,1.0,,,1,
Monkey C,202210,0.0,1.0,,,1,
CUE,202205,0.5555555555555556,1.0,0.0,0.9602297178607612,1,0.0
SQF,202109,0.0,1.0,,,1,
EmberScript,202308,0.5,,0.0,1.0,1,
YARA,202206,0.0,,,,1,
Elm,201909,0.07142857142857142,1.0,,0.0,1,
Monkey C,202105,0.5,0.8571428571428571,0.0,0.9751060324573735,1,
Typst,202305,0.0,,,,1,
WGSL,202405,0.07407407407407407,1.0,,0.0,1,
Fluent,202404,0.0,,,,1,
SWIG,202012,0.0,,,,1,
ZAP,202203,0.25742574257425743,0.7777777777777778,0.4,0.7857222083521347,1,
Fennel,202011,0.5555555555555556,,0.0,0.9967916319816367,1,1.0
CartoCSS,202201,0.0,,,,1,
Mermaid,202309,0.009900990099009901,0.875,0.0,0.0,1,0.125
Ren'Py,202407,0.06557377049180328,0.8333333333333334,0.0,0.946394630357186,1,0.0
WebAssembly,201908,0.0,,,,1,
MDX,201812,6.405063291139241,0.42857142857142855,0.028070175438596492,0.8257384289556725,1,0.6607142857142857
Typst,202407,0.17391304347826086,0.6428571428571429,0.3333333333333333,0.7188044907094276,1,1.0
Component Pascal,202301,0.0,1.0,,,1,
Gherkin,201811,1.0828402366863905,0.5588235294117647,0.0,0.5271736405802571,1,
JSON,201810,0.006956521739130435,0.8,0.0,0.7219280948873623,1,1.0
JSON,202005,0.050345508390918066,0.7448979591836735,0.0,0.6777754518100654,1,1.0
reStructuredText,202410,0.0,,,,1,
PLSQL,202303,,,,,2,
PureScript,202208,,,,,1,
QML,202203,0.5,1.0,,0.0,2,0.0
PostScript,202312,1.0,1.0,0.0,1.0,3,0.5
Reason,202303,,,,,1,
Objective-C++,201807,,,,,1,
Limbo,202306,,,,,1,
Cypher,202304,,,,,1,
Visual Basic,202506,,,,,1,
QML,202410,,,,,1,0.0
Roff,202403,,,,,1,
Modula-2,202207,,,,,1,
Smalltalk,202504,,,,,1,
VBScript,202201,,,,,1,
SQL,202211,,,,,1,
SAS,202005,,,,,1,
1C Enterprise,201911,,,,,1,
Assembly,201904,0.0,1.0,,,2,0.0
Smali,202504,,,,,1,
Metal,202501,,,,,1,
Smali,202308,,,,,1,
Scilab,202303,0.0,,,,1,
AMPL,202105,0.0,,,,1,
Nasal,202302,0.0,,,,1,
UnrealScript,202105,0.0,,,,1,
Nunjucks,201909,0.0,,,,1,
ReScript,202007,0.0,,,,1,
CartoCSS,202409,0.0,,,,1,
Monkey C,202004,0.0,,,,1,
SQF,202203,0.0,1.0,,,1,
SQF,202407,0.0,1.0,,,1,
AL,202204,6.0,0.0,0.0,0.4138168503036338,1,1.0
Scilab,202308,0.0,,,,1,
SQLPL,201909,0.0,,,,1,
Monkey C,202102,0.0,1.0,,,1,
Squirrel,202111,0.0,,,,1,
Handlebars,201805,0.0,,,,1,
Answer Set Programming,202502,0.0,,,,1,
SQF,202501,0.0,1.0,,,1,
Scilab,202008,0.0,,,,1,
Monkey C,202410,0.0,1.0,,,1,
RMarkdown,202309,0.0,,,,1,
Handlebars,202406,0.0,,,,1,
M4,202009,0.0,,,,1,
F*,201808,0.0,,,,1,
AGS Script,202011,4.333333333333333,0.0,0.4,0.6077373451097682,1,
Cypher,202105,0.0,,,,1,
EmberScript,202402,1.0,0.0,0.0,0.7896900821428474,1,
LLVM,201911,0.0,,,,1,
Sage,202505,0.0,,,,1,
ColdFusion,202203,0.0,,,,1,
ReScript,202303,0.0,,,,1,
CartoCSS,201905,0.0,,,,1,
Elm,202203,0.17391304347826086,,0.0,0.946394630357186,1,
Mermaid,202403,0.0967741935483871,1.0,,0.9999999999999998,1,0.0
Common Workflow Language,201908,0.0,,,,1,
ABAP,202106,0.0,,,,1,
ZAP,202405,2.6923076923076925,0.8,0.0,0.7560220951278007,1,1.0
Inform 7,202210,0.0,,,,1,
WebAssembly,201802,0.0,,,,1,
Nextflow,202003,0.0,,,,1,
Gherkin,202308,1.65625,0.5833333333333334,0.0,0.37724006574299757,1,0.0
JSON,201902,0.02888086642599278,0.8888888888888888,0.0,0.8194483718728035,1,1.0
LiveScript,202208,0.0,,,,1,
reStructuredText,202207,0.0,,,,1,
Cirru,202208,1.0,,0.0,0.0,1,
q,202210,,,,,1,
D,201806,,,,,1,0.0
Sass,202506,,,,,1,
GAP,202008,,,,,1,
Bicep,202107,,,,,1,
AutoHotkey,202412,1.0,,,0.0,3,1.0
LabVIEW,202411,,,,,1,
RMarkdown,202505,,,,,1,
Racket,202206,,,,,1,
Squirrel,202410,,,,,1,
Crystal,202205,,,,,1,
CUE,202409,,,,,1,
POV-Ray SDL,201902,,,,,1,
ActionScript,202412,,,,,1,
Haxe,202506,3.0,,0.0,0.9182958340544894,3,
Racket,202007,,,,,1,
Smali,202409,1.0,,0.0,0.0,1,
GLSL,201809,,,,,1,
q,202505,,,,,1,
Processing,201803,,,,,1,
PLpgSQL,202203,0.0,1.0,,,1,0.0
CUE,202010,,,,,1,
Bikeshed,201904,1.0,,0.0,0.0,1,0.5
Less,202502,1.0,,0.0,0.0,2,
ASL,202308,29.0,,0.0,0.8064568331451034,1,0.5
Twig,202211,3.0,,0.0,0.9999999999999998,1,1.0
BitBake,201912,,,,,1,
Just,202411,0.0,,,,1,
LookML,202211,0.0,,,,1,
SourcePawn,202304,0.0,1.0,,,1,
Stata,201910,0.0,,,,1,
eC,202108,0.0,,,,1,
Nasal,202308,0.0,,,,1,
UnrealScript,202506,0.0,,,,1,
ReScript,202409,0.0,,,,1,
Open Policy Agent,202202,0.0,1.0,,,1,0.0
Handlebars,202210,0.0,1.0,,,1,
Tree-sitter Query,202105,1.2,0.0,0.0,0.7896900821428474,1,1.0
VHDL,202011,0.0,,,,1,
Game Maker Language,202408,0.0,,,,1,
Visual Basic .NET,201804,0.0,1.0,,,1,
Bicep,202301,0.0,1.0,,,1,
M4,201905,0.0,,,,1,
Component Pascal,202503,0.0,,,,1,
Sage,202410,0.0,,,,1,
Raku,201803,0.0,,,,1,
Visual Basic .NET,201903,0.0,1.0,,,1,
SQLPL,202004,0.0,,,,1,
VBA,202502,0.0,,,,1,
Ren'Py,202210,0.0,,,0.0,1,
OMNeT++ MSG,202504,0.09090909090909091,0.5,0.0,0.0,1,
EmberScript,201903,1.0,0.0,0.0,0.7406301801833163,1,
Ballerina,201906,0.0,,,,1,
Nextflow,202007,0.0,,,,1,
Visual Basic .NET,202211,0.0,,,,1,
reStructuredText,202211,0.0,,,,1,
Cirru,202103,0.0,,,,1,
Limbo,202204,,,,,1,
YARA,202411,,,,,1,
AGS Script,202411,2.0,,0.0,0.0,1,
1C Enterprise,202504,,,,,1,
SQL,202210,,,,,1,
mcfunction,202203,,,,,1,
Rebol,202207,,,,,1,
WebAssembly,202402,,,,,1,
Limbo,202401,,,,,1,
D,201911,,,,,1,
Bikeshed,201907,,,,,1,
Smarty,201812,0.0,1.0,,,1,0.0
Racket,202204,0.0,1.0,,,1,
Gnuplot,201907,1.0,,0.0,0.0,1,
Edge,202412,,,,,1,
Kaitai Struct,202404,0.0,,,,1,
ColdFusion,202202,0.0,,,,1,
KRL,202003,0.0,,,,1,
PLSQL,202006,0.0,,,,1,
Cypher,202109,0.0,,,,1,
Beef,202504,0.0,,,,1,
GAP,202005,0.0,,,,1,
Twig,202011,10.0,1.0,0.0,0.776171326835554,1,0.0
Common Workflow Language,202007,0.0,,,,1,
Handlebars,201910,0.2,,0.0,0.0,1,
Game Maker Language,202205,0.0,,,,1,
M4,202204,0.0,,,,1,
Puppet,201803,3.1666666666666665,0.3333333333333333,0.5,0.8067598671162592,1,
GAP,201903,0.0,1.0,,,1,0.0
Jsonnet,202307,0.08333333333333333,0.0,0.0,0.0,1,1.0
Answer Set Programming,202504,0.0,,,,1,
ZAP,202111,0.648936170212766,0.75,0.2222222222222222,0.7891387851303583,1,0.2
Sass,201903,0.0,,,,1,
Jsonnet,202302,0.38235294117647056,0.6666666666666666,1.0,0.6193821946787638,1,1.0
SWIG,201902,0.0,1.0,,,1,0.0
Mustache,202103,0.0196078431372549,0.9166666666666666,0.0,0.0,1,1.0
POV-Ray SDL,202201,2.3636363636363638,0.5,0.25,0.7619055315176297,1,0.33333333333333337
IDL,201906,0.0,1.0,,,1,
Nextflow,201803,0.0,,,,1,
Tree-sitter Query,202201,1.875,1.0,0.125,0.9028950000902002,1,0.4
SWIG,201911,0.0,,,,1,
eC,201905,0.0,,,,1,
WebAssembly,201801,0.0,,,,1,
Rich Text Format,201811,0.0,1.0,,,2,0.0
Luau,202312,0.02247191011235955,1.0,0.0,0.9182958340544894,1,1.0
JSON,201806,0.003937007874015748,0.6666666666666666,0.0,0.0,1,0.0
Just,202302,0.0,,,,1,
Haxe,202001,,,,,1,
KiCad Layout,201903,,,,,1,
ASP,202205,,,,,1,
VBScript,202102,,,,,1,
q,201803,,,,,1,
Limbo,202302,,,,,1,
Objective-C++,201912,,,,,1,
TSQL,202411,,,,,1,
LabVIEW,202406,1.0,0.0,0.0,0.0,1,
Modula-2,201801,,,,,1,
eC,202208,,,,,1,
OpenSCAD,202205,,,,,2,
GAP,202203,1.0,,0.0,0.0,1,
q,202503,,,,,1,
GAP,201812,3.0,,0.0,0.9182958340544894,1,1.0
GLSL,201908,,,,,1,
BASIC,202009,,,,,1,
Metal,202410,,,,,1,
Gnuplot,201801,4.0,,0.6666666666666666,0.8112781244591328,1,0.6666666666666667
Prolog,202408,,,,,1,
EmberScript,201808,16.0,0.5,0.0,0.8339095981148644,1,
Rich Text Format,202405,0.0,,,,1,
Fortran,201905,0.0,,,,1,
reStructuredText,202306,0.0,,,,1,
GAP,202407,0.0,,,,1,
Sass,202202,0.0,,,,1,
GDScript,202006,0.0,1.0,,,2,
Cypher,202010,1.8333333333333333,0.0,0.0,0.7455574250275929,1,1.0
YAML,202401,0.0,,,,1,
mcfunction,202105,0.0,,,,1,
G-code,202106,0.0,,,,1,
IDL,202004,0.2,0.0,0.0,0.0,1,1.0
EmberScript,201911,1.25,0.5,0.0,0.8649735207179272,1,
GDScript,201907,0.0,,,,1,
CartoCSS,202307,0.0,,,,1,
Typst,202307,0.0,,,,1,
YAML,202409,0.0,,,,1,
Erlang,202404,2.727272727272727,0.2857142857142857,0.0,0.9602297178607612,2,
Reason,202201,0.0,,,,1,
Game Maker Language,202304,0.0,,,,1,
Nunjucks,202411,0.16666666666666666,1.0,0.0,0.0,2,0.0
Lean,202402,0.0,1.0,,,1,
Tree-sitter Query,202502,1.8571428571428572,0.3333333333333333,0.0,0.8383457075860213,1,
ZAP,202306,4.9,0.16666666666666666,0.0,0.8735262734668737,1,
Sass,202006,0.0,1.0,,,1,
POV-Ray SDL,202209,0.16666666666666666,,0.0,1.0,1,1.0
Forth,202406,0.0,,,,1,
AL,202305,0.9166666666666666,0.75,0.0,0.7455574250275929,1,
G-code,202104,0.0,,,,1,
Common Workflow Language,201812,0.0,,,,1,
Smalltalk,202306,0.13043478260869565,0.25,0.0,0.0,1,
Mathematica,202304,0.0,,,,1,
Tcl,202008,0.0,,,,2,
Slim,202212,0.0,,,,1,
Tcl,202207,,,,,1,
Less,202204,0.0,1.0,,,2,0.5
Cuda,202002,2.0,,0.0,1.0,2,1.0
Stata,202209,,,,,1,
Stata,202505,,,,,1,
MoonScript,202403,,,,,1,
Jsonnet,202208,,,,,1,
Reason,202101,,,,,1,
Vala,202001,,,,,1,
Twig,202304,,,,,1,
Monkey C,202506,0.0,1.0,,,1,
Gnuplot,201812,4.0,,0.0,0.946394630357186,1,
Smali,202408,,,,,1,
AL,202203,,,,,1,
Monkey C,202011,0.5,1.0,0.0,0.0,2,
Nunjucks,201803,0.0,,,,1,
OpenEdge ABL,201904,0.0,,,,1,
ReScript,202004,0.0,,,,1,
Modelica,202005,5.0,,0.0,0.9232196723355078,1,1.0
Tree-sitter Query,202501,7.5,1.0,0.0,0.9245387872348442,1,
DTrace,202012,0.0,,,,1,
Mathematica,201901,0.0,,,,1,
ASP.NET,202006,0.0,,,,1,
SQF,202209,0.3333333333333333,1.0,0.0,0.0,1,
LabVIEW,202404,0.2,,,0.0,1,
EmberScript,202403,2.5,0.5,0.0,0.9464119282150146,1,0.25
Crystal,202208,0.0,,,,1,
VBA,202205,0.0,,,,1,
Nasal,202310,0.0,1.0,,,1,
D,202211,0.1875,1.0,0.0,0.9999999999999998,2,1.0
QuickBASIC,202405,0.0,,,,1,
Agda,202305,0.0,,,,1,
Tree-sitter Query,202206,0.4666666666666667,0.5,0.0,0.8322488896002307,1,0.33333333333333337
SQF,202111,0.23529411764705882,0.75,,0.0,1,
F*,201807,0.0,,,,1,
ZAP,202008,0.005747126436781609,0.8888888888888888,0.0,0.0,1,
ZAP,202502,5.444444444444445,0.2727272727272727,0.4,0.7594852645897494,1,
eC,201903,0.0,,,,1,
G-code,201911,0.0,,,,1,
ZenScript,202109,0.5882352941176471,0.0,0.0,0.806657698007325,1,0.75
PLSQL,202408,0.0,,,,1,
Nextflow,202106,0.0,,,,1,
Nextflow,202004,0.0,,,,1,
WebAssembly,202103,8.5,,0.0,0.8571827444855609,2,
JSON,201807,0.0,1.0,,,1,0.0
JSON,202108,0.11627906976744186,0.3333333333333333,0.0,0.4670918598895944,1,
Sass,201907,0.0,,,,1,
PLpgSQL,202112,,,,,1,
VHDL,201907,,,,,1,
Perl 6,202207,,,,,1,
ActionScript,202302,,,,,1,
SystemVerilog,201907,,,,,1,
VBScript,202111,,,,,1,
ColdFusion,202212,,,,,1,0.0
Bikeshed,201902,,,,,1,
Limbo,202211,,,,,1,
Apex,202009,,,,,1,
Component Pascal,202309,1.0,,,0.0,1,0.0
SystemVerilog,202104,,,,,1,
Puppet,202206,0.0,1.0,,,1,0.0
IDL,202312,0.0,0.0,,,1,
Handlebars,202402,,,,,1,
Cuda,202105,,,,,1,
SystemVerilog,202105,2.0,,0.0,0.0,1,
WebAssembly,202201,3.0,,0.0,0.9182958340544894,1,
MoonScript,202309,,,,,1,0.0
Limbo,202009,,,,,1,
mcfunction,202505,,,,,1,
GLSL,201907,,,,,1,
EmberScript,202306,1.0,1.0,,0.0,1,0.0
Edge,202307,,,,,1,
Smali,202212,18.0,,0.0,0.8862997589642573,1,1.0
YAML,202410,0.0,,,,1,
AngelScript,202203,0.0,,,,1,
WebAssembly,202109,2.7142857142857144,0.0,0.0,0.9819407868640977,1,
LabVIEW,201902,0.0,,,,1,0.0
M4,202409,0.0,,,,1,
UnrealScript,202502,0.0,,,,1,
CartoCSS,202302,0.0,,,,1,
Visual Basic 6.0,202004,0.0,,,,1,
CartoCSS,202501,0.0,,,,1,
Just,202308,0.0,,,,1,
FreeMarker,202005,0.0,1.0,,,1,0.0
Smalltalk,202309,0.0,,,,1,
Forth,202009,0.0,,,,1,
Reason,201811,2.5,,0.0,0.7876556647975345,1,
AutoHotkey,201811,0.0,,,,1,
Fortran,201802,0.08333333333333334,0.6666666666666666,0.0,0.0,3,
Tree-sitter Query,202403,4.125,0.16666666666666666,0.0,0.8349220630007301,1,0.5
Typst,202304,0.0,,,,1,0.0
Visual Basic .NET,201803,0.0,1.0,,,1,
Inform 7,202305,0.0,,,,1,
Ballerina,201901,0.0,1.0,,,2,
PLpgSQL,201807,0.17857142857142858,0.0,0.0,1.0000000000000002,2,
Inform 7,202109,0.0,,,,1,
Game Maker Language,202409,0.0,1.0,,,1,
Raku,201811,0.0,,,,1,
PLSQL,202406,0.0,,,,1,
Cypher,202006,0.0,,,,1,
Processing,202408,0.0,,,,1,
Nextflow,202107,0.0,,,,1,
Inform 7,202304,0.0,,,,1,
Ballerina,201811,0.0,,,,1,
LilyPond,202212,0.0,,,,1,
Cuda,202501,,,,,1,
VHDL,202506,,,,,1,
Modula-2,202109,,,,,1,
KiCad Layout,202412,,,,,1,
Reason,202103,0.0,,,,1,
Edge,202402,,,,,1,
SystemVerilog,201807,,,,,1,
KiCad Layout,202211,,,,,1,
Limbo,202007,,,,,1,
q,201909,,,,,1,
Stata,202312,,,,,1,0.0
Crystal,202001,,,,,1,
Squirrel,202309,,,,,1,
VBA,202503,,,,,1,
WebAssembly,202406,10.0,,0.0,0.7627069065377661,1,
EmberScript,202310,17.0,,0.0,0.9471265725180562,1,
Typst,202412,1.0,0.0,,0.0,1,0.0
Cirru,202009,0.0,,,,1,
HLSL,202210,0.0,,,,1,
POV-Ray SDL,202305,0.5,,0.0,0.0,1,0.0
Markdown,201905,0.0,,,,1,
CAP CDS,202504,0.0,,,,1,
Starlark,202208,0.3333333333333333,1.0,,0.0,1,0.0
Scilab,202401,0.0,,,,1,
Visual Basic 6.0,202102,0.0,,,,1,
Twig,202406,0.25,,0.0,0.0,1,1.0
UnrealScript,202003,0.0,,,,1,
Logos,202104,0.0,,,,1,
EmberScript,202107,1.8333333333333333,0.3333333333333333,0.0,0.8787409903782898,1,1.0
Markdown,202003,0.0,,,,1,
Rich Text Format,202306,0.0,,,,1,
Smalltalk,202006,0.0,,,,1,
Gleam,202310,0.4444444444444444,,0.0,1.0,1,1.0
M4,202405,0.0,,,,1,
Rich Text Format,202010,0.16666666666666666,1.0,,0.0,2,
Game Maker Language,202112,0.0,,,,1,
QML,202501,0.0,,,,1,
Squirrel,201910,0.0,,,,1,
LiveScript,202001,0.0,,,,1,
QML,202506,0.0,,,,1,
reStructuredText,202403,0.0,,,,1,
CartoCSS,202001,0.0,,,,1,
Standard ML,201811,0.0,1.0,,,1,
ZAP,202402,3.9166666666666665,0.25,0.125,0.7994297572427955,1,1.0
Slim,202011,0.0,,,,1,
Ballerina,201904,0.0,,,,1,
Component Pascal,202209,0.0,,,,1,
Inform 7,202302,0.0,,,,1,
Perl 6,201911,0.0,,,,1,
mcfunction,202008,0.010752688172043012,1.0,,0.0,1,0.0
Yacc,202101,0.035398230088495575,1.0,,0.0,1,
JSON,202004,0.05737704918032787,0.7,0.0,0.5931390622295665,1,
Gherkin,202409,0.7958333333333333,0.0,0.375,0.6643535830690668,1,1.0
Open Policy Agent,202303,0.0,,,,1,
Elm,202206,0.0,,,,1,
Haml,202002,0.0,,,,1,
ABAP,202104,,,,,1,
Objective-C++,202210,,,,,1,
Forth,202408,,,,,1,
AutoIt,202001,,,,,1,
Racket,202403,,,,,1,
AGS Script,202502,,,,,1,
Limbo,202101,,,,,1,
NSIS,201907,,,,,1,
POV-Ray SDL,202506,,,,,1,
KiCad Layout,202006,,,,,1,
1C Enterprise,202303,,,,,1,
Visual Basic,201811,,,,,1,
Modula-2,202305,,,,,1,
Elm,202002,0.0,1.0,,,2,0.0
AutoHotkey,202306,,,,,2,
Cypher,202308,,,,,1,
ActionScript,202503,,,,,1,
Gnuplot,201908,,,,,1,
Stylus,202504,,,,,1,
Bicep,201911,,,,,1,
Edge,202311,,,,,1,
D,202310,4.0,,0.0,1.0,1,1.0
Sage,202503,0.0,,,,1,
eC,202105,0.0,,,,1,
BASIC,202202,0.0,,,,1,
G-code,202209,0.0,,,,1,
RAML,202111,0.0,,,,1,
reStructuredText,201809,0.0,,,,1,
Dart,201801,0.5,1.0,,0.0,1,0.0
Gnuplot,201806,4.5,0.0,0.2222222222222222,0.892189798001518,1,
Rich Text Format,202307,0.0,,,,1,
SystemVerilog,201812,0.0,,,,1,
SQF,202306,0.0,0.5,,,1,
ZAP,202311,7.8,0.16666666666666666,0.2608695652173913,0.6971979385042975,1,0.75
IDL,202506,0.0,,,,1,
ZAP,202103,0.024793388429752067,0.75,0.0,0.9182958340544894,1,1.0
mcfunction,202407,0.8461538461538461,,0.0,0.6913698302025114,1,0.75
POV-Ray SDL,201807,0.3181818181818182,,0.0,0.9852281360342515,1,
WGSL,202305,0.0,1.0,,,1,
Tree-sitter Query,202304,3.076923076923077,0.5714285714285714,0.0,0.7591354385744561,1,0.8
Nextflow,202303,0.0,,,,1,
Inform 7,202107,0.0,,,,1,
Smali,202310,0.13043478260869565,,0.0,0.0,1,1.0
ZAP,202211,1.7222222222222223,0.8918918918918919,0.14285714285714285,0.7341254074858258,1,0.6666666666666666
Inform 7,202211,0.0,,,,1,
Slim,202207,0.0,,,,1,
FreeMarker,202010,0.0,,,,1,
Slim,202205,0.0,,,,1,
Haml,202006,0.0,,,,1,
Coq,202004,,,,,1,
AutoIt,201910,,,,,1,
Objective-C++,202104,,,,,1,
KiCad Layout,202202,,,,,1,
Jsonnet,202103,,,,,1,
Gnuplot,201808,,,,,1,
Gnuplot,202006,,,,,1,
Nasal,202210,,,,,1,
q,202002,,,,,1,
Perl 6,202002,,,,,1,
PureScript,202305,,,,,1,
Limbo,202109,,,,,1,
Limbo,201906,,,,,1,
AGS Script,201809,,,,,1,
Reason,202209,,,,,1,
Apex,202007,0.0,,,,2,
Objective-C++,201906,,,,,1,
Fennel,202411,1.0,,0.0,0.9182958340544894,2,
ActionScript,202410,,,,,1,
BitBake,201906,2.0,,0.0,1.0,1,0.0
WebAssembly,202209,1.3333333333333333,,,0.0,1,
Common Workflow Language,202103,0.0,1.0,,,1,
UnrealScript,202106,0.0,,,,1,
NSIS,202003,0.5,,0.0,0.0,1,1.0
D,201812,0.3235294117647059,0.3333333333333333,0.0,0.9456603046006401,2,1.0
CAP CDS,202506,0.0,,,,1,
Apex,202207,0.0,,,,1,
mcfunction,202504,1.75,1.0,0.0,0.914100892018565,1,
CUE,202201,0.0,1.0,,,1,
Forth,202301,0.0,,,,1,
Batchfile,201801,0.0,,,,1,
CartoCSS,202308,0.0,,,,1,
Cypher,201911,0.0,,,,1,
Monkey C,202503,0.2,1.0,,0.0,1,
WebAssembly,201905,0.0,,,,1,
AL,202208,2.5,0.0,0.0,0.9161314485121342,1,1.0
Agda,202410,0.0,,,,1,
AL,202207,0.14285714285714285,1.0,,0.0,1,
YAML,202203,0.0,,,,1,
Typst,202411,0.625,1.0,0.0,0.0,1,0.0
Smalltalk,201801,0.0,,,,1,
Squirrel,202007,0.0,,,,1,
Fennel,201806,0.4666666666666667,0.75,0.0,0.9211854965885543,1,1.0
POV-Ray SDL,202006,0.5769230769230769,,0.5,0.7814033158465872,1,0.5
SQF,202106,0.07692307692307693,0.75,,0.0,1,
CartoCSS,201909,0.0,,,,1,
PLSQL,201910,0.0,,,,1,
Inform 7,202111,0.0,,,,1,
Forth,202007,0.0,,,,1,
Gherkin,202310,1.5087719298245614,0.0,0.0,0.5249660249225441,1,1.0
JSON,202010,0.017142857142857144,0.5,0.0,0.0,1,
Gherkin,201904,1.2851239669421488,0.10344827586206896,0.0,0.4887039501533925,1,
JSON,201808,0.018018018018018018,0.75,0.0,0.920619835714305,1,
VHDL,201908,,,,,1,
Prolog,202301,,,,,1,
Vala,202409,,,,,1,
SystemVerilog,202007,,,,,1,
CUE,202404,,,,,1,
NSIS,202106,,,,,1,
Twig,202506,,,,,1,
AutoIt,201905,,,,,1,
Crystal,202008,0.0,,,,2,
Smalltalk,202405,,,,,1,
KiCad Layout,202404,,,,,1,
Limbo,202504,,,,,1,
Scheme,201909,0.0,,,,2,
Bikeshed,201910,21.0,,0.3333333333333333,0.8822590777077616,1,
Cuda,201911,3.0,,0.0,0.9182958340544894,1,1.0
ActionScript,202010,2.0,,,1.0,1,0.0
Puppet,201804,0.0,1.0,,,1,
q,202411,0.0,,,,1,
RobotFramework,202203,0.0,1.0,,,1,0.0
Monkey C,202309,0.0,1.0,,,1,
GAP,202211,0.0,,,,1,
EmberScript,202006,0.6666666666666666,0.0,0.0,1.0,1,
AL,202111,0.0,1.0,,,1,
Rebol,202204,0.2,,0.0,0.0,1,
Scilab,202004,0.0,,,,1,
mcfunction,202302,0.0,,,,1,
Nushell,202307,0.0,1.0,,,1,0.0
Visual Basic .NET,202505,0.16666666666666666,,0.0,0.0,1,
POV-Ray SDL,202311,1.4444444444444444,,0.0,0.7442626474488743,1,0.75
GDScript,202109,0.0,,,,1,
Cypher,202003,0.0,,,,1,
QML,201805,1.2,,0.25,0.6990450136709474,1,
Mathematica,202504,0.029411764705882353,1.0,,0.0,2,
Luau,202407,0.0,1.0,,,1,
Nextflow,202006,0.0,,,,1,
ZenScript,202205,0.24081632653061225,0.42857142857142855,0.0,0.7133812266647324,1,0.6666666666666666
PureScript,202104,0.0,,,,1,
VBA,202108,0.0,,,,1,
VBA,202412,,,,,1,
Ren'Py,202307,,,,,1,
Standard ML,202203,,,,,1,
Haxe,201907,,,,,1,
RAML,202108,0.0,1.0,,,1,
Gnuplot,201910,,,,,1,
D,202006,,,,,1,
Puppet,202011,1.0,0.0,0.0,0.0,1,
Elm,202111,3.0,,0.0,0.9182958340544894,1,
Puppet,202004,2.0,1.0,,0.0,1,
WebAssembly,202204,1.0,1.0,,0.0,1,
Stata,202103,,,,,1,
Haxe,202210,0.0,,,,1,
Apex,202008,,,,,1,
RAML,202001,0.0,,,,1,
Rich Text Format,202408,0.0,,,,1,
eC,202004,0.0,,,,1,
QuickBASIC,202407,0.5,,,0.0,1,
Cuda,202405,1.0,,0.0,0.0,1,1.0
SQLPL,201811,,,,,1,
PLSQL,202106,0.0,,,,1,
Squirrel,202307,0.0,,,,1,
ZAP,202506,8.5,0.5,0.5,0.7842757758707252,1,
LookML,201811,0.0,,,,1,
CartoCSS,202503,0.0,,,,1,
Yacc,202410,0.0,1.0,,,1,
Vala,202107,0.3333333333333333,,0.0,0.0,1,1.0
POV-Ray SDL,202401,0.14285714285714285,0.0,0.0,0.0,1,0.0
Twig,202006,1.7,0.5,0.2,0.8925423775079933,1,0.8571428571428572
Mermaid,202401,0.35714285714285715,1.0,0.0,0.7219280948873623,1,0.0
mdsvex,202205,0.0,,,,1,
LiveScript,201801,0.0,,,,1,
Nextflow,201807,0.0,,,,1,
Smali,202404,0.7777777777777778,,0.0,0.9852281360342515,1,
POV-Ray SDL,202001,1.125,,0.0,0.8929352898779305,1,0.8
Bikeshed,202102,2.85,0.25,0.35294117647058826,0.6751390347280078,1,1.0
Jai,202212,0.0,,,,1,
Tree-sitter Query,202107,1.4545454545454546,0.5833333333333334,0.0,0.7601548751238715,1,0.625
Move,202310,0.030303030303030304,1.0,,0.0,1,0.0
mcfunction,202102,0.0,1.0,,,1,
Tcl,202210,0.0,1.0,,,1,
WebAssembly,201903,0.0,,,,1,
ZenScript,202006,0.4375,0.0,0.0,0.5895095936680075,1,0.8181818181818182
Gherkin,202408,0.4517684887459807,0.14285714285714285,0.25,0.6991308920781296,1,
Open Policy Agent,202301,0.0,,,,1,
Sass,202105,0.0,,,,1,
SourcePawn,202312,,,,,1,
q,201810,,,,,1,
CoffeeScript,202405,2.0,,0.0,0.0,1,
Verilog,201804,,,,,1,
QML,201910,,,,,1,
AL,202501,,,,,1,
Stata,202206,,,,,1,
CUE,202505,,,,,1,
Limbo,202207,,,,,1,
CartoCSS,202403,,,,,1,
Objective-C++,202012,,,,,1,
ActionScript,201802,1.0,,0.0,0.0,1,
Limbo,202202,,,,,1,
GAP,202101,5.0,,0.0,0.9709505944546688,1,1.0
ActionScript,202111,1.0,,0.0,0.0,1,0.5
MoonScript,202503,2.0,,0.0,1.0,1,
Scilab,202203,0.0,,,,1,
Bicep,202303,0.0,1.0,,,2,
AngelScript,202104,0.0,,,,1,
ASP.NET,202402,0.0,,,,1,
Monkey C,202103,4.0,1.0,0.0,0.9850568223215079,1,0.0
AGS Script,202210,2.3333333333333335,0.0,0.0,0.8699155297736259,1,
AL,202312,0.0,,,,1,
Starlark,202306,0.6,0.0,0.0,0.9182958340544894,1,
Erlang,201901,1.0,,0.0,0.9182958340544894,1,0.0
HLSL,202202,0.0,,,,1,
Visual Basic 6.0,202005,0.0,,,,1,
reStructuredText,202506,0.0,,,,1,
CartoCSS,202208,0.0,,,,1,
Gnuplot,201810,2.8,1.0,0.0,0.9337851376692217,1,
SWIG,202412,0.0,,,,1,
Cypher,201910,0.0,,,,1,
M4,202106,0.0,,,,1,
Mathematica,201906,0.0,,,,1,
NSIS,202112,0.0,1.0,,,1,
EmberScript,202207,3.8,0.0,0.0,0.8567775399035248,1,0.3333333333333333
DIGITAL Command Language,202208,0.0,,,,1,
Mustache,202212,0.0,1.0,,,1,
POV-Ray SDL,201905,0.05555555555555555,,,0.0,1,1.0
AMPL,202007,0.0,,,,1,
Squirrel,202108,0.0425531914893617,,0.0,1.0,1,1.0
Visual Basic 6.0,202208,0.0,,,,1,
Answer Set Programming,202505,0.0,,,,1,
OpenEdge ABL,202009,0.0,,,,1,
EmberScript,201908,2.0,0.3333333333333333,0.0,0.7737412447660744,1,1.0
Squirrel,201905,0.0,,,,1,
Limbo,201902,0.0,,,,1,
Move,202401,0.627906976744186,0.6,0.0,0.0,1,1.0
Haxe,202007,0.0,,,,1,
Mustache,202408,0.04081632653061224,1.0,0.0,0.0,1,
ZenScript,202408,0.2,0.6666666666666666,0.0,0.8445412464587144,1,0.25
Liquid,202102,2.6862745098039214,0.25,0.13333333333333333,0.8949736192218306,1,1.0
Stylus,201901,0.0,1.0,,,1,0.0
ShaderLab,201808,0.0,,,,1,
Gherkin,202412,1.2027027027027026,0.0,0.0,0.7475665714392562,1,
Open Policy Agent,202210,0.0,,,,1,
ReScript,202202,0.0,,,,1,
LiveScript,202008,0.0,,,,1,
Raku,202209,0.0,,,,1,
Slim,202301,0.0,,,,1,
Metal,202409,,,,,1,
Coq,202107,,,,,1,
Visual Basic,202403,,,,,1,
q,202307,,,,,1,
Modula-2,202206,,,,,1,
Objective-C++,202206,,,,,1,
Standard ML,202410,,,,,1,
Haxe,202309,,,,,1,
AGS Script,202003,,,,,1,
Stata,202012,2.0,,0.0,1.0,1,1.0
NSIS,202209,2.0,,0.0,1.0,1,1.0
Sass,202303,,,,,1,
Reason,202106,1.0,,0.0,0.0,1,
Twig,202004,3.0,,0.0,0.9182958340544894,1,
Bikeshed,202009,6.0,,0.0,0.9206198357143047,1,
POV-Ray SDL,202501,2.0,,0.0,1.0,1,
Pawn,202007,,,,,1,
Open Policy Agent,202408,0.0,,,,1,
LLVM,202106,1.3333333333333333,,0.0,0.946394630357186,1,
LLVM,202108,1.5,1.0,0.0,0.9999999999999998,1,
Nunjucks,201911,0.0,,,,1,
Roff,202501,0.0,1.0,,,1,
LilyPond,202503,0.0,,,,1,
DTrace,202005,0.0,,,,1,
ShaderLab,201907,0.0,,,,1,
Fennel,201902,1.2,0.5,0.0,0.920619835714305,1,1.0
Kaitai Struct,202312,0.0,,,,1,
DTrace,202402,0.0,,,,1,
CUE,202401,0.0,,,,1,
AGS Script,202010,2.909090909090909,0.0,1.0,0.9992954443621548,1,
POV-Ray SDL,202312,1.1,0.0,0.0,0.8508642289005679,1,0.0
Smalltalk,201909,0.0,,,,1,
PLSQL,202001,0.0,,,,1,
AngelScript,202502,0.0,,,,1,
ASP.NET,201907,0.0,,,,1,
Mustache,201912,0.0,1.0,,,1,0.0
Slim,202009,0.0,,,,1,
ZAP,202101,0.036036036036036036,0.8571428571428571,0.0,1.0,1,0.6666666666666666
ZAP,202505,4.666666666666667,0.4444444444444444,0.25,0.9164621898470889,1,
Forth,202308,0.0,,,,1,
Nix,201803,0.0,,,,1,
Bicep,202209,0.09090909090909091,0.0,0.0,0.9182958340544894,1,
Mathematica,201808,0.0,,,,1,
PLSQL,202410,0.0,,,,1,
SQL,202111,0.0,,,,1,
BASIC,202103,0.0,1.0,,,1,
D,202203,0.022222222222222223,1.0,0.0,0.0,1,0.0
JSON,202201,0.03670192430228113,0.7241379310344828,0.0,0.0,2,
JSON,202009,0.08411214953271028,0.5,0.0,0.7185907016043819,1,1.0
JSON,202008,0.05787781350482315,0.6086956521739131,0.0,0.45709141921760676,1,1.0
Liquidsoap,202505,,,,,1,
VBScript,202206,,,,,1,
CUE,202402,,,,,1,
KiCad Layout,202405,,,,,1,
Edge,202502,,,,,1,
1C Enterprise,202310,,,,,1,
Cypher,202004,,,,,1,
AGS Script,201805,,,,,1,
Vala,201907,,,,,1,
AutoIt,202004,4.0,,0.0,0.8112781244591328,1,1.0
SystemVerilog,202107,,,,,1,
Scheme,202305,,,,,1,
VBScript,201906,1.0,,0.0,0.0,1,1.0
Stata,202404,2.0,,0.0,0.0,1,0.0
VBScript,201810,6.0,,0.0,0.7896900821428474,1,
Objective-C++,201808,,,,,1,
Metal,202505,,,,,1,
Raku,202105,0.0,,,,1,
Smali,202505,1.0,,0.0,1.0,1,
LLVM,202109,1.0,,0.0,1.0,1,
Mustache,202008,0.631578947368421,0.3333333333333333,0.0,0.8359889967247163,1,0.0
LookML,201908,0.0,,,,1,
Handlebars,201809,0.0,,,,1,
SWIG,202006,0.0,,,,1,
Scilab,202210,0.0,,,,1,
Bikeshed,202309,4.0,0.0,0.25,0.9282136470754653,1,
Markdown,201912,0.0,,,,1,
LLVM,201811,0.0,,,,1,
Stylus,201805,0.0,,,,1,
EmberScript,202401,0.5,1.0,0.0,0.8783471047618534,1,0.0
POV-Ray SDL,202205,0.7272727272727273,,0.0,0.875,1,0.8
ReScript,202406,0.0,,,,1,
Pug,201806,0.0,,,,1,
Stylus,201801,0.0,,,,1,
q,202012,0.26666666666666666,,0.0,1.0,1,1.0
mcfunction,202410,0.3333333333333333,1.0,0.0,0.5916727785823274,1,0.5
WDL,202009,0.0,1.0,,,1,
Tree-sitter Query,202312,6.444444444444445,0.2727272727272727,0.23529411764705882,0.72659246927672,1,0.5
Sass,202111,0.0,,,,1,
G-code,202505,1.56,,0.15384615384615385,0.6671606606752742,1,
Batchfile,201806,0.0,,,,1,
MoonScript,202005,0.15555555555555556,,,0.0,1,
Motoko,202403,0.05263157894736842,0.0,0.0,0.9182958340544894,1,1.0
MDX,201805,3.3785714285714286,0.625,0.007168458781362007,0.8171357952477372,1,0.6379310344827586
WebAssembly,201909,0.0,,,,1,
Jsonnet,202504,0.009900990099009901,1.0,,0.0,1,
Gherkin,201806,0.3652173913043478,0.42105263157894735,0.1935483870967742,0.7800977655085176,1,1.0
